-- phpMyAdmin SQL Dump
-- version 5.2.0
-- https://www.phpmyadmin.net/
--
-- Host: 127.0.0.1
-- Generation Time: Jan 16, 2023 at 09:19 PM
-- Server version: 10.4.24-MariaDB
-- PHP Version: 7.4.29

SET SQL_MODE = "NO_AUTO_VALUE_ON_ZERO";
START TRANSACTION;
SET time_zone = "+00:00";


/*!40101 SET @OLD_CHARACTER_SET_CLIENT=@@CHARACTER_SET_CLIENT */;
/*!40101 SET @OLD_CHARACTER_SET_RESULTS=@@CHARACTER_SET_RESULTS */;
/*!40101 SET @OLD_COLLATION_CONNECTION=@@COLLATION_CONNECTION */;
/*!40101 SET NAMES utf8mb4 */;

--
-- Database: `sayyor`
--

-- --------------------------------------------------------

--
-- Table structure for table `animals`
--

CREATE TABLE `animals` (
                           `id` int(11) NOT NULL,
                           `name` varchar(50) NOT NULL,
                           `cat_id` int(11) DEFAULT NULL,
                           `gender` smallint(6) DEFAULT NULL,
                           `birthday` date DEFAULT NULL,
                           `inn` varchar(255) DEFAULT NULL,
                           `pnfl` varchar(255) DEFAULT NULL,
                           `adress` varchar(255) DEFAULT NULL,
                           `vet_site_id` int(11) DEFAULT NULL,
                           `bsual_tag` varchar(255) DEFAULT NULL,
                           `type_id` int(11) DEFAULT NULL
) ENGINE=InnoDB DEFAULT CHARSET=utf8mb4;

--
-- Dumping data for table `animals`
--

INSERT INTO `animals` (`id`, `name`, `cat_id`, `gender`, `birthday`, `inn`, `pnfl`, `adress`, `vet_site_id`, `bsual_tag`, `type_id`) VALUES
                                                                                                                                         (141, '1', 1, 1, '2018-10-04', '201333798', '30507903120132', 'tesad', 76, 'UZN100006406', 1),
                                                                                                                                         (142, '1', 1, 1, '2018-10-04', '201333798', '30507903120132', 'tesad', 76, 'UZN100006406', 1),
                                                                                                                                         (143, '1', 2, 1, '2018-10-04', '201333798', '30507903120132', 'tesad', 76, 'UZN100006406', 1),
                                                                                                                                         (144, '1', 2, 1, '2018-10-04', '201333798', '30507903120132', 'tesad', 76, 'UZN100006406', 1),
                                                                                                                                         (145, '1', 1, 1, '2018-10-04', '201333798', '30507903120132', 'tesad', 76, 'UZN100006406', 1),
                                                                                                                                         (146, 'ЕЕЕЕЕЕЕЕЕЕЕЕЕЕЕЕЕЕЕЕЕЕЕЕЕЕ', 1, 1, '2022-06-14', '', '31512620270065', 'тест-манзил', 856, '', 1),
                                                                                                                                         (147, 'ЕЕЕЕЕЕЕЕЕЕЕЕЕЕЕЕЕЕЕЕЕЕЕЕЕЕ', 1, 1, '2022-03-07', '', '31512620270065', 'тест-манзил2', 856, '', 1),
                                                                                                                                         (148, 'wwwwwwwwwwwwwwwwwwww', 1, 1, '2022-03-15', '', '31512620270065', 'yyyyyyyyyyyyyyyyyyyy манзил', 856, '', 1),
                                                                                                                                         (149, 'ddddddd', 1, 1, '2022-03-09', '', '31512620270065', 'testttttttttttttttttt', 856, '', 1),
                                                                                                                                         (150, 'ppppppppp', 1, 1, '2022-04-18', '', '31512620270065', 'GARASHA qoshlog`i', 856, '', 1),
                                                                                                                                         (151, 'soatov', 1, 1, '2021-04-20', '0123', '31909955430035', '1260', 1260, '4567', 1),
                                                                                                                                         (152, 'soatov', 1, 1, '2020-03-19', '0124', '31909955430035', '1261', 1260, '5467', 1),
                                                                                                                                         (153, 'soatov', 1, 1, '2020-07-15', '0124', '31909955430035', '1260', 1260, '4567', 1),
                                                                                                                                         (154, 'soatov', 1, 0, '2020-04-21', '0124', '31909955430035', '1261', 1260, '4567', 1),
                                                                                                                                         (155, 'soatov', 1, 1, '2019-11-13', '0125', '31909955430035', '1260', 1260, '1', 1),
                                                                                                                                         (156, 'soatov', 1, 1, '2020-10-15', '1236', '31909955430035', '1260', 1260, '6654', 1),
                                                                                                                                         (157, 'evdsghrefhgfdghfhyj', 2, 1, '2022-11-08', '', '31909955430035', 'vnvbnbmnbmnnm,', 856, '', 11),
                                                                                                                                         (158, 'Бойбщтаев', 2, 1, '2022-11-02', '', '31909955430035', 'vnvbnbmnbmnnm,', 856, '', 11),
                                                                                                                                         (159, 'Бойбщтаев', 2, 1, '2019-02-12', '5665', '31909955430035', 'Бахористон', 1278, '156', 1),
                                                                                                                                         (160, 'Бойбщтаев', 2, 1, '2019-02-12', '5665', '31909955430035', 'Бахористон', 1278, '156', 1),
                                                                                                                                         (161, 'Бойбщтаев', 1, 1, '0001-01-01', '5665', '31909955430035', 'Бахористон', 1278, '156', 1),
                                                                                                                                         (162, 'камлов', 1, 1, '2018-08-01', '', '30106932710257', 'шахрисабз тумани', 1333, '8', 1),
                                                                                                                                         (163, 'нурматов', 1, 1, '2019-02-04', '5787256', '30106932710257', '43', 1333, '9', 1),
                                                                                                                                         (164, '1', 1, 1, '2018-10-04', '201333798', '30507903120132', 'tesad', 76, 'UZN100006406', 1),
                                                                                                                                         (165, '1', 1, 1, '2018-10-04', '201333798', '30507903120132', 'tesad', 76, 'UZN100006406', 1),
                                                                                                                                         (166, '1', 1, 1, '2018-10-04', '201333798', '30507903120132', 'tesad', 76, 'UZN100006406', 1);

-- --------------------------------------------------------

--
-- Table structure for table `animaltype`
--

CREATE TABLE `animaltype` (
                              `id` int(11) NOT NULL,
                              `name_uz` varchar(100) NOT NULL,
                              `name_ru` varchar(255) NOT NULL,
                              `vet4` varchar(2) NOT NULL,
                              `code` int(11) DEFAULT NULL
) ENGINE=InnoDB DEFAULT CHARSET=utf8mb4;

--
-- Dumping data for table `animaltype`
--

INSERT INTO `animaltype` (`id`, `name_uz`, `name_ru`, `vet4`, `code`) VALUES
                                                                          (1, 'Qoramol', 'Крупно рогатый скот (КРС)', '02', 1),
                                                                          (2, 'Qo`y', 'Баран (МРС)', '03', 2),
                                                                          (3, 'Echki', 'Коза (МРС)', '03', 2),
                                                                          (4, 'Tuya', 'Верблюд', '06', 3),
                                                                          (5, 'Ot', 'Лошадь', '01', 4),
                                                                          (6, 'Eshak', 'Осёл', '08', 5),
                                                                          (7, 'Cho\'chqa', 'Свинья', '04', 6),
(8, 'It', 'Собака', '13', 7),
(9, 'Mushuk', 'Кошка', '14', 8),
(10, 'Boshqa hayvonlar', 'Другие животние', '15', 9),
(11, 'Qushlar', 'Птици', '05', 10),
(12, 'Mo\'ynali hayvonlar', 'Пушные звери', '09', 11),
                                                                          (13, 'Quyonsimonlar', 'Зайцевые', '10', 12),
                                                                          (14, 'Baliqlar', 'Рыбы', '19', 13),
                                                                          (15, 'Asalari', 'Пчёлы', '16', 14),
                                                                          (16, 'Bug\'ular', 'Олен', '07', 15),
(17, 'Ovalydigan yovvoyi hayvonlar', 'Промысловые и дикие ', '11', 16),
(18, 'Kemirovchilar', 'грызуны', '12', 17),
(19, 'Ipak qurti', 'шелкопряд', '17', 18),
(20, 'Lasoslar', 'ласовые ', '31', 19),
(21, 'Forel', 'Форель', '28', 20),
(22, 'Karplar', 'карповые', '23', 21),
(23, 'Gidrobiontlar', 'гидробионты', '61', 22),
(24, 'Барча ҳайвонлар (фақат вакцина фаоллигини текширишда танланади)\r\n', 'Все животные (только для опредления активности вакцины)\r\n', '60', 23),
(25, 'Каналар\r\n', 'Клещи\r\n', '59', 24);

-- --------------------------------------------------------

--
-- Table structure for table `animal_category`
--

CREATE TABLE `animal_category` (
  `id` int(11) NOT NULL,
  `code` int(11) NOT NULL,
  `name_uz` varchar(255) NOT NULL,
  `name_ru` varchar(255) DEFAULT NULL
) ENGINE=InnoDB DEFAULT CHARSET=utf8mb4;

--
-- Dumping data for table `animal_category`
--

INSERT INTO `animal_category` (`id`, `code`, `name_uz`, `name_ru`) VALUES
(1, 1, 'Tirik', 'Живой'),
(2, 2, 'O\'lik', 'Мертвый');

-- --------------------------------------------------------

--
-- Table structure for table `animal_status`
--

CREATE TABLE `animal_status` (
                                 `id` int(11) NOT NULL,
                                 `name_uz` varchar(255) DEFAULT NULL,
                                 `name_ru` varchar(255) DEFAULT NULL
) ENGINE=InnoDB DEFAULT CHARSET=utf8mb4;

-- --------------------------------------------------------

--
-- Table structure for table `composite_samples`
--

CREATE TABLE `composite_samples` (
                                     `sample_id` int(11) NOT NULL,
                                     `status_id` int(11) DEFAULT NULL,
                                     `registration_id` int(11) NOT NULL,
                                     `ads` varchar(500) COLLATE utf8mb4_unicode_ci DEFAULT NULL,
                                     `sample_status_id` int(11) DEFAULT NULL
) ENGINE=InnoDB DEFAULT CHARSET=utf8mb4 COLLATE=utf8mb4_unicode_ci;

--
-- Dumping data for table `composite_samples`
--

INSERT INTO `composite_samples` (`sample_id`, `status_id`, `registration_id`, `ads`, `sample_status_id`) VALUES
                                                                                                             (150, 1, 82, '', 1),
                                                                                                             (151, 1, 82, '', 1),
                                                                                                             (152, 1, 82, 'Namunani Namuna egasi olib ketdi', 1);

-- --------------------------------------------------------

--
-- Table structure for table `countres`
--

CREATE TABLE `countres` (
                            `id` int(11) NOT NULL,
                            `code` varchar(11) COLLATE utf8mb4_unicode_ci NOT NULL,
                            `name_uz` varchar(50) COLLATE utf8mb4_unicode_ci DEFAULT NULL,
                            `name_ru` varchar(255) COLLATE utf8mb4_unicode_ci DEFAULT NULL
) ENGINE=InnoDB DEFAULT CHARSET=utf8mb4 COLLATE=utf8mb4_unicode_ci;

--
-- Dumping data for table `countres`
--

INSERT INTO `countres` (`id`, `code`, `name_uz`, `name_ru`) VALUES
                                                                (1, 'AB', 'Abxaziya', 'Абхазия'),
                                                                (2, 'AD', 'Andorra', 'Андорра'),
                                                                (3, 'AE', 'Birlashgan Arab Amirliklari', 'Объединенные арабские эмираты'),
                                                                (4, 'AF', 'Afg‘oniston', 'Афганистан'),
                                                                (5, 'AG', 'Antigua va Barbuda', 'Антигуа и Барбуда'),
                                                                (6, 'AI', 'Angliya', 'Англия'),
                                                                (7, 'AL', 'Albaniya', 'Албания'),
                                                                (8, 'AM', 'Armaniston', 'Армения'),
                                                                (9, 'AO', 'Angola', 'Ангола'),
                                                                (10, 'AQ', 'Antarktida', 'Антарктида'),
                                                                (11, 'AR', 'Argentina', 'Аргентина'),
                                                                (12, 'AT', 'Avstriya', 'Австрия'),
                                                                (13, 'AU', 'Avstraliya', 'Австралия'),
                                                                (14, 'AW', 'Aruba', 'Аруба'),
                                                                (15, 'AZ', 'Ozarbayjon', 'Азербайджан'),
                                                                (16, 'BA', 'Bosniya va Gersegovina', 'Босния и Герцеговина'),
                                                                (17, 'BB', 'Barbados', 'Барбадос'),
                                                                (18, 'BD', 'Bangladesh', 'Бангладеш'),
                                                                (19, 'BE', 'Belgiya', 'Бельгия'),
                                                                (20, 'BF', 'Burkina-Faso', 'Буркина-Фасо'),
                                                                (21, 'BG', 'Bolgariya', 'Болгария'),
                                                                (22, 'BH', 'Bahrayn', 'Бахрейн'),
                                                                (23, 'BI', 'Burundi', 'Бурунди'),
                                                                (24, 'BJ', 'Benin', 'Бенин'),
                                                                (25, 'BL', 'San-Bartelemi', 'Сан-Бартелеми'),
                                                                (26, 'BN', 'Bruney', 'Бруней'),
                                                                (27, 'BO', 'Boliviya', 'Боливия'),
                                                                (28, 'BR', 'Braziliya', 'Бразилия'),
                                                                (29, 'BT', 'Butan', 'Бутан'),
                                                                (30, 'BW', 'Botsvana', 'Ботсвана'),
                                                                (31, 'BY', 'Belorussiya', 'Белоруссия'),
                                                                (32, 'BZ', 'Beliz', 'Белиз'),
                                                                (33, 'CA', 'Kanada', 'Канада'),
                                                                (34, 'CF', 'Markaziy-Afrika respublikasi', 'Центрально-Африканская Республика'),
                                                                (35, 'CG', 'Kongo', 'Конго'),
                                                                (36, 'CH', 'Shveysariya', 'Швейцария'),
                                                                (37, 'CI', 'Kot-divuar', 'Кот-дивуар'),
                                                                (38, 'CL', 'Chili', 'Чили'),
                                                                (39, 'CM', 'Kamerun', 'Камерун'),
                                                                (40, 'CN', 'Xitoy', 'Китай'),
                                                                (41, 'CO', 'Kolumbiya', 'Колумбия'),
                                                                (42, 'code', 'name_uz', 'name_ru'),
                                                                (43, 'CR', 'Kostarika', 'Коста-Рика'),
                                                                (44, 'CU', 'Kuba', 'Куба'),
                                                                (45, 'CW', 'Kyurasao', 'Кюрасао'),
                                                                (46, 'CY', 'Kipr', 'Кипр'),
                                                                (47, 'CZ', 'Chexiya', 'Чехия'),
                                                                (48, 'DE', 'Germaniya', 'Германия'),
                                                                (49, 'DK', 'Daniya', 'Дания'),
                                                                (50, 'DM', 'Dominika', 'Доминика'),
                                                                (51, 'DZ', 'Aljir', 'Алжир'),
                                                                (52, 'EC', 'Ekvador', 'Эквадор'),
                                                                (53, 'EE', 'Estoniya', 'Эстония'),
                                                                (54, 'EG', 'Misr', 'Египет'),
                                                                (55, 'EH', 'G‘arbiy Saxara', 'Западная Сахара'),
                                                                (56, 'ER', 'Eritreya', 'Эритрея'),
                                                                (57, 'ES', 'Ispaniya', 'Испания'),
                                                                (58, 'ET', 'Efiopiya', 'Эфиопия'),
                                                                (59, 'FI', 'Finlandiya', 'Финляндия'),
                                                                (60, 'FR', 'Fransiya', 'Франция'),
                                                                (61, 'GA', 'Gabon', 'Габон'),
                                                                (62, 'GB', 'Buyuk Britaniya', 'Великобритания'),
                                                                (63, 'GD', 'Grenada', 'Гренада'),
                                                                (64, 'GE', 'Gruziya', 'Грузия'),
                                                                (65, 'GH', 'Gana', 'Гана'),
                                                                (66, 'GI', 'Gibraltar', 'Гибралтар'),
                                                                (67, 'GL', 'Grenlandiya', 'Гренландия'),
                                                                (68, 'GM', 'Gambiya', 'Гамбия'),
                                                                (69, 'GN', 'Gvineya', 'Гвинея'),
                                                                (70, 'GP', 'Gvadelupa', 'Гваделупа'),
                                                                (71, 'GQ', 'Ekvatorial gvineyasi', 'Гвинея экваториальная'),
                                                                (72, 'GR', 'Gresiya', 'Греция'),
                                                                (73, 'GT', 'Gvatemala', 'Гватемала'),
                                                                (74, 'GU', 'Guam', 'Гуам'),
                                                                (75, 'GW', 'Gvineya-Bisay', 'Гвинея-Бисай'),
                                                                (76, 'GY', 'Gayana', 'Гаяна'),
                                                                (77, 'HK', 'Gonkong', 'Гонконг'),
                                                                (78, 'HN', 'Gonduras', 'Гондурас'),
                                                                (79, 'HR', 'Xorvatiya', 'Хорватия'),
                                                                (80, 'HT', 'Gaiti', 'Гаити'),
                                                                (81, 'HU', 'Vengriya', 'Венгрия'),
                                                                (82, 'ID', 'Indoneziya', 'Индонезия'),
                                                                (83, 'IE', 'Irlandiya', 'Ирландия'),
                                                                (84, 'IL', 'Isroil', 'Израиль'),
                                                                (85, 'IN', 'Hindiston', 'Индия'),
                                                                (86, 'IQ', 'Iroq', 'Ирак'),
                                                                (87, 'IR', 'Eron', 'Иран'),
                                                                (88, 'IS', 'Islandiya', 'Исландия'),
                                                                (89, 'IT', 'Italiya', 'Италия'),
                                                                (90, 'JE', 'Jersi', 'Жерси'),
                                                                (91, 'JM', 'Yamayka', 'Ямайка'),
                                                                (92, 'JO', 'Iordaniya', 'Иордания'),
                                                                (93, 'JP', 'Yaponiya', 'Япония'),
                                                                (94, 'KE', 'Keniya', 'Кения'),
                                                                (95, 'KG', 'Qirg‘iziston', 'Киргизия'),
                                                                (96, 'KH', 'Kambodja', 'Камбоджа'),
                                                                (97, 'KI', 'Kiribati', 'Кирибати'),
                                                                (98, 'KP', 'Koreya xalq-demokratik respublikasi', 'Народно-демократическая республика Корея'),
                                                                (99, 'KR', 'Janubiy Koreya', 'Южная Корея'),
                                                                (100, 'KW', 'Quvayt', 'Кувейт'),
                                                                (101, 'KZ', 'Qozog‘iston', 'Казахстан'),
                                                                (102, 'LA', 'Laos', 'Лаос'),
                                                                (103, 'LB', 'Livan', 'Ливан'),
                                                                (104, 'LC', 'Sent-Lyus', 'Сент-Люс'),
                                                                (105, 'LI', 'Lixtenshteyn', 'Лихтенштейн'),
                                                                (106, 'LK', 'Shrilanka', 'Шри-Ланка'),
                                                                (107, 'LR', 'Liberiya', 'Либерия'),
                                                                (108, 'LS', 'Lesoto', 'Лесото'),
                                                                (109, 'LT', 'Litva', 'Литва'),
                                                                (110, 'LU', 'Luksemburg', 'Люксембург'),
                                                                (111, 'LV', 'Latviya', 'Латвия'),
                                                                (112, 'MA', 'Marokash', 'Марракеш'),
                                                                (113, 'MC', 'Monako', 'Монако'),
                                                                (114, 'MD', 'Moldova', 'Молдова'),
                                                                (115, 'ME', 'Chernogoriya', 'Черногория'),
                                                                (116, 'MF', 'Sen-Marten', 'Сен-Мартен'),
                                                                (117, 'MG', 'Madagaskar', 'Мадагаскар'),
                                                                (118, 'MK', 'Makedoniya', 'Македония'),
                                                                (119, 'ML', 'Mali', 'Мали'),
                                                                (120, 'MM', 'Myanma', 'Мьянма'),
                                                                (121, 'MN', 'Mongoliya', 'Монголия'),
                                                                (122, 'MO', 'Makao', 'Макао'),
                                                                (123, 'MQ', 'Martinika', 'Мартиника'),
                                                                (124, 'MR', 'Mavritaniya', 'Мавритания'),
                                                                (125, 'MS', 'Monserrat', 'Монсеррат'),
                                                                (126, 'MT', 'Malta', 'Мальта'),
                                                                (127, 'MU', 'Mavrikiya', 'Маврикия'),
                                                                (128, 'MW', 'Malavi', 'Малави'),
                                                                (129, 'MX', 'Meksika', 'Мексика'),
                                                                (130, 'MY', 'Malayziya', 'Малайзия'),
                                                                (131, 'MZ', 'Mozambik', 'Мозамбик'),
                                                                (132, 'NA', 'Namibiya', 'Намибия'),
                                                                (133, 'NC', 'Yangi Kaledoniya', 'Новая Каледония'),
                                                                (134, 'NE', 'Niger', 'Нигер'),
                                                                (135, 'NG', 'Nigeriya', 'Нигерия'),
                                                                (136, 'NI', 'Nikaragua', 'Никарагуа'),
                                                                (137, 'NL', 'Niderlandiya', 'Нидерланды'),
                                                                (138, 'NO', 'Norvegiya', 'Норвегия'),
                                                                (139, 'NP', 'Nepal', 'Непал'),
                                                                (140, 'NR', 'Nauru', 'Науру'),
                                                                (141, 'NZ', 'Yangi Zellandiya', 'Новая Зеландия'),
                                                                (142, 'OM', 'Oman', 'Оман'),
                                                                (143, 'OS', 'Janubiy Osetiya', 'Южная Осетия'),
                                                                (144, 'PA', 'Panama', 'Панама'),
                                                                (145, 'PE', 'Peru', 'Перу'),
                                                                (146, 'PH', 'Filippin', 'Филиппин'),
                                                                (147, 'PK', 'Pokiston', 'Пакистан'),
                                                                (148, 'PL', 'Polsha', 'Польша'),
                                                                (149, 'PN', 'Pitkern', 'Питкерн'),
                                                                (150, 'PR', 'Puerto-Riko', 'Пуэрто-Рико'),
                                                                (151, 'PT', 'Portugaliya', 'Португалия'),
                                                                (152, 'PW', 'Palau', 'Палау'),
                                                                (153, 'PY', 'Paragvay', 'Парагвай'),
                                                                (154, 'QA', 'Qatar', 'Катар'),
                                                                (155, 'RO', 'Ruminiya', 'Румыния'),
                                                                (156, 'RS', 'Serbia', 'Сербия'),
                                                                (157, 'RU', 'Rossiya', 'Россия'),
                                                                (158, 'RW', 'Ruanda', 'Руанда'),
                                                                (159, 'SA', 'Saudiya Arabistoni', 'Саудовская Аравия'),
                                                                (160, 'SD', 'Sudan', 'Судан'),
                                                                (161, 'SE', 'Shvesiya', 'Швеция'),
                                                                (162, 'SG', 'Singapur', 'Сингапур'),
                                                                (163, 'SI', 'Sloveniya', 'Словения'),
                                                                (164, 'SK', 'Slovakiya', 'Словакия'),
                                                                (165, 'SL', 'Sierra-lion', 'Сьерра-Леоне'),
                                                                (166, 'SM', 'San-Marino', 'Сан-Марино'),
                                                                (167, 'SN', 'Senegal', 'Сенегал'),
                                                                (168, 'SO', 'Somali', 'Сомали'),
                                                                (169, 'SR', 'Surinam', 'Суринам'),
                                                                (170, 'ST', 'San-Tome va Prinsipi', 'Сан-Томе и Принсипи'),
                                                                (171, 'SV', 'El-Salvador', 'Эл-Сальвадор'),
                                                                (172, 'SY', 'Suriya', 'Сирия'),
                                                                (173, 'SZ', 'Svazilend', 'Свазиленд'),
                                                                (174, 'TD', 'Chad', 'Чад'),
                                                                (175, 'TG', 'Togo', 'Того'),
                                                                (176, 'TH', 'Tayland', 'Таиланд'),
                                                                (177, 'TJ', 'Tojikiston', 'Таджикистан'),
                                                                (178, 'TK', 'Tokelau', 'Токелау'),
                                                                (179, 'TL', 'Timor-Leste', 'Тимор-Лесте'),
                                                                (180, 'TM', 'Turkmaniston', 'Туркменистан'),
                                                                (181, 'TN', 'Tunis', 'Тунис'),
                                                                (182, 'TO', 'Tonga', 'Тонга'),
                                                                (183, 'TR', 'Turkiya', 'Турция'),
                                                                (184, 'TT', 'Trinidad va Tobago', 'Тринидад и Тобаго'),
                                                                (185, 'TV', 'Tuvalu', 'Тувалу'),
                                                                (186, 'TW', 'Tayvan', 'Тайвань'),
                                                                (187, 'TZ', 'Tanzaniya', 'Танзания'),
                                                                (188, 'UA', 'Ukraina', 'Украина'),
                                                                (189, 'UG', 'Uganda', 'Уганда'),
                                                                (190, 'US', 'Amerika Qo‘shma Shtatlari', 'Соединенные Штаты Америка'),
                                                                (191, 'UY', 'Urugvay', 'Уругвай'),
                                                                (192, 'UZ', 'O‘zbekiston', 'Узбекистан'),
                                                                (193, 'VN', 'Vetnam', 'Вьетнам'),
                                                                (194, 'VU', 'Vanuatu', 'Вануату'),
                                                                (195, 'WS', 'Samoa', 'Самоа'),
                                                                (196, 'YE', 'Yaman', 'Йемен'),
                                                                (197, 'YT', 'Mayotta', 'Маётта'),
                                                                (198, 'ZA', 'Janubiy Afrika', 'Южная Африка'),
                                                                (199, 'ZM', 'Zambiya', 'Замбия'),
                                                                (200, 'ZW', 'Zimbabve', 'Зимбабве');

-- --------------------------------------------------------

--
-- Table structure for table `destruction_sample_animal`
--

CREATE TABLE `destruction_sample_animal` (
                                             `id` int(11) NOT NULL,
                                             `code` varchar(255) DEFAULT NULL,
                                             `code_id` int(11) DEFAULT NULL,
                                             `sample_id` int(11) DEFAULT NULL,
                                             `destruction_date` date DEFAULT NULL,
                                             `ads` varchar(255) DEFAULT NULL,
                                             `creator_id` int(11) DEFAULT NULL,
                                             `created` datetime DEFAULT current_timestamp(),
                                             `updated` datetime DEFAULT current_timestamp() ON UPDATE current_timestamp(),
                                             `consent_id` int(11) DEFAULT NULL,
                                             `approved_date` datetime DEFAULT NULL,
                                             `state_id` int(11) DEFAULT NULL,
                                             `org_id` int(11) DEFAULT NULL
) ENGINE=InnoDB DEFAULT CHARSET=utf8mb4;

-- --------------------------------------------------------

--
-- Table structure for table `destruction_sample_food`
--

CREATE TABLE `destruction_sample_food` (
                                           `id` int(11) NOT NULL,
                                           `code` varchar(255) DEFAULT NULL,
                                           `code_id` int(11) DEFAULT NULL,
                                           `sample_id` int(11) DEFAULT NULL,
                                           `destruction_date` date DEFAULT NULL,
                                           `ads` varchar(255) DEFAULT NULL,
                                           `creator_id` int(11) DEFAULT NULL,
                                           `created` datetime DEFAULT current_timestamp(),
                                           `updated` datetime DEFAULT current_timestamp(),
                                           `consent_id` int(11) DEFAULT NULL,
                                           `approved_date` datetime DEFAULT NULL,
                                           `state_id` int(11) DEFAULT NULL,
                                           `org_id` int(11) DEFAULT NULL
) ENGINE=InnoDB DEFAULT CHARSET=utf8mb4;

-- --------------------------------------------------------

--
-- Table structure for table `diseases`
--

CREATE TABLE `diseases` (
                            `id` int(11) NOT NULL,
                            `name_uz` varchar(255) COLLATE utf8mb4_unicode_ci DEFAULT NULL,
                            `name_ru` varchar(255) COLLATE utf8mb4_unicode_ci DEFAULT NULL,
                            `category_id` int(11) DEFAULT NULL,
                            `group_id` int(11) DEFAULT NULL,
                            `vet4` varchar(3) COLLATE utf8mb4_unicode_ci NOT NULL
) ENGINE=InnoDB DEFAULT CHARSET=utf8mb4 COLLATE=utf8mb4_unicode_ci;

--
-- Dumping data for table `diseases`
--

INSERT INTO `diseases` (`id`, `name_uz`, `name_ru`, `category_id`, `group_id`, `vet4`) VALUES
                                                                                           (1, 'Қутириш', 'Бешенство', 1, 1, '305'),
                                                                                           (2, 'Ауески касаллиги', 'Болезнь Ауески', 1, 1, '308'),
                                                                                           (3, 'Бруцеллез', 'Бруцеллез', 1, 2, '104'),
                                                                                           (4, 'Везикуляр стоматит', 'Везикулярный стоматит', 1, 1, '317'),
                                                                                           (5, 'Гидроперикардит', 'Гидроперикардит', 1, 2, '651'),
                                                                                           (6, 'Қрим-Конго геморагик иситмаси', 'Конго-крымская геморрагическая лихорадка', 1, 1, '342'),
                                                                                           (7, 'Лептоспироз', 'Лептоспироз', 1, 2, '117'),
                                                                                           (8, 'Лейшманиоз', 'Лейшманиоз', 1, 3, '507'),
                                                                                           (9, 'Листериоз', 'Листериоз', 1, 2, '118'),
                                                                                           (10, 'Рифт водийси иситмаси', 'Лихорадка долины Рифт', 1, 1, '652'),
                                                                                           (11, ' Миаз (Cochliomyia hominivorax)', ' Миаз (Cochliomyia hominivorax)', 1, 4, '608'),
                                                                                           (12, 'Паратуберкулез', 'Паратуберкулез', 1, 2, '124'),
                                                                                           (13, 'Куйдирги', 'Сибирская язва', 1, 2, '131'),
                                                                                           (14, 'Трихинеллез', 'Трихинеллез', 1, 5, '433'),
                                                                                           (15, 'Туляремия', 'Туляремия', 1, 2, '137'),
                                                                                           (16, 'Йирик шохли мол ўлати', 'Чума крупного рогатого скота', 1, 1, '653'),
                                                                                           (17, 'Эпизоотик геморрагик касаллик (буғилар ва бошқа кавш қайтарувчилар)', 'Эпизоотическая геморрагическая болезнь (олени и др жвачные)', 1, 1, '654'),
                                                                                           (18, 'Эхинококкоз', 'Эхинококкоз', 1, 5, '464'),
                                                                                           (19, 'Япон энцефалити', 'Японский энцефалит', 1, 1, '655'),
                                                                                           (20, 'Оқсил', 'Ящур', 1, 1, '370'),
                                                                                           (21, 'Қўтир', 'Чесотка', 1, 4, '610'),
                                                                                           (22, 'Шмалленберг', 'Шмалленберг', 1, 1, '656'),
                                                                                           (23, 'Йирик шохли хайвон анаплазмози', 'Анаплазмоз крупного рогатого скота', 1, 3, '501'),
                                                                                           (24, 'Йирик шохли хайвон бабезиози', 'Бабезиоз крупного рогатого скота', 1, 3, '502'),
                                                                                           (25, 'Йирик шохли хайвон вирусли диареяси', 'Вирусная диарея крупного рогатого скота', 1, 1, '319'),
                                                                                           (26, 'Пастереллез', 'Пастереллез', 1, 2, '125'),
                                                                                           (27, 'Йирик шохли хайвон кампилобактериози', 'Кампилобактериоз крупного рогатого скота', 1, 2, '113'),
                                                                                           (28, 'Губкошаклли энцефалопатия (BSE)', 'Губкообразная энцефалопатия (BSE)', 1, 1, '329'),
                                                                                           (29, 'Ёмонсифатли  катарал иситма', 'Злокачественная катаральная лихорадка', 1, 1, '657'),
                                                                                           (30, 'Қорамолларнинг юқумли ринотрахеити', 'Инфекционный ринотрахеит крупного рогатого скота, инфекционный пустулезный вульвовагинит', 1, 1, '335'),
                                                                                           (31, 'Қорамоларнинг контагиоз плевропневмонияси', 'Контагиозная плевропневмония крупного рогатого скота', 1, 2, '142'),
                                                                                           (32, 'Лейкоз', 'Лейкоз (энзоотический лейкоз крупного рогатого скота)', 1, 1, '348'),
                                                                                           (33, 'Нодуляр дерматит', 'Нодулярный дерматит (заразный узелковый дерматит)', 1, 1, '206'),
                                                                                           (34, 'Тейлериоз', 'Тейлериоз', 1, 3, '513'),
                                                                                           (35, 'Трихомоноз', 'Трихомоноз', 1, 3, '515'),
                                                                                           (36, 'Сил', 'Туберкулез крупного рогатого скота', 1, 2, '124'),
                                                                                           (37, 'Эмфизематоз карбункул (эмкар)', 'Эмфизематозный карбункул (эмкар)', 1, 2, '138'),
                                                                                           (38, 'Отларнинг  африка ўлати (реовирус)', 'Африканская чума лошадей (реовирус)', 1, 1, '658'),
                                                                                           (39, 'Отларнинг венесуэл энцефаломиелити (энцефалит)', 'Венесуэльский энцефаломиелит (энцефалит) лошадей', 1, 1, '659'),
                                                                                           (40, 'Отларнинг вирусли артериити', 'Вирусный артериит лошадей', 1, 1, '660'),
                                                                                           (42, 'Отларнинг инфекцион анемияси', 'Инфекционная анемия лошадей', 1, 1, '332'),
                                                                                           (43, 'Отларнинг юқумли (контагиоз) метрити', 'Инфекционный (контагиозный) метрит лошадей', 1, 2, '115'),
                                                                                           (44, 'Контагиозли плевропневмония', 'Контагиозная плевропневмония', 1, 2, '142'),
                                                                                           (45, 'Отларнинг пироплазмози', 'Пироплазмоз лошадей', 1, 3, '509'),
                                                                                           (46, 'Отларнинг ринопневмонияси', 'Ринопневмония лошадей', 1, 1, '358'),
                                                                                           (47, 'Манқа', 'Сап', 1, 2, '130'),
                                                                                           (48, 'Отларнинг трипаносомози', 'Трипаносомоз лошадей', 1, 3, '512'),
                                                                                           (49, 'Аденоматоз', 'Аденоматоз', 1, 1, '302'),
                                                                                           (50, 'Қўйларнинг юқумли  энтеротоксемияи', 'Анаэробная энтеротоксемия овец', 1, 2, '111'),
                                                                                           (51, 'Эчкиларнин артрит/энцефалити', 'Артрит/энцефалит коз', 1, 1, '109'),
                                                                                           (52, 'Найроби касаллиги', 'Болезнь Найроби', 1, 1, '661'),
                                                                                           (53, 'Брадзот', 'Брадзот', 1, 2, '103'),
                                                                                           (55, 'Қўй юқумли агалактияси', 'Инфекционная агалактия овец', 1, 2, '662'),
                                                                                           (56, 'Эчкиларнинг юқумли (контагиоз) плевропневмонияси', 'Инфекционная (контагиозная) плевропневмония коз', 1, 2, '141'),
                                                                                           (57, 'Қўйларнинг инфекцион эпидидимити', 'Инфекционный эпидидимит баранов (Brucella ovis)', 1, 2, '139'),
                                                                                           (59, 'Контагиоз пустулар дерматит (юқумли эктима)', 'Контагиозный пустулезный дерматит (контагиозная эктима)', 1, 1, '343'),
                                                                                           (60, 'Меди-Висна', 'Меди-Висна', 1, 1, '323'),
                                                                                           (61, 'Чечак', 'Оспа', 1, 1, '351'),
                                                                                           (62, 'Қўй чегара касаллиги (Бордер касаллиги)', 'Пограничная болезнь овец (Бордер болезнь)', 1, 1, '663'),
                                                                                           (63, 'Сальмонеллез', 'Сальмонеллез', 1, 2, '129'),
                                                                                           (64, 'Қўй ва эчкиларнинг скреписи', 'Скрепи овец и коз', 1, 1, '664'),
                                                                                           (65, 'Майда шохли хайвонлар ўлати', 'Чума мелких жвачных животных', 1, 1, '665'),
                                                                                           (66, 'Қўй энзоотик (хламидиоз) аборти', 'Энзоотический (хламидиозный) аборт овец', 1, 2, '666'),
                                                                                           (67, 'Чўчқаларнинг африка ўлати', 'Африканская чума свиней', 1, 1, '364'),
                                                                                           (68, 'Нипах касаллиги  (Нип энцефалити)', 'Болезнь Нипах (энцефалит Нипа)', 1, 1, '667'),
                                                                                           (69, 'Чўчқа везикуляр касаллиги', 'Везикулярная болезнь свиней', 1, 1, '315'),
                                                                                           (70, 'Чўчқаларнинг Везикуляр экзантемаси', 'Везикулярная экзантема свиней', 1, 1, '316'),
                                                                                           (71, 'Чўчқаларнинг Вирусли трансмиссив гастроэнтерити', 'Вирусный трансмиссивный гастроэнтерит', 1, 1, '321'),
                                                                                           (72, 'Грипп', 'Грипп', 1, 1, '328'),
                                                                                           (73, 'Чўчқаларнинг ўлати', 'Классическая чума свиней', 1, 1, '365'),
                                                                                           (74, 'Чўчқаларнинг репродуктив респиратор синдроми', 'Репродуктивный респираторный синдром свиней', 1, 1, '668'),
                                                                                           (75, 'сарамас', 'Рожа', 1, 2, '128'),
                                                                                           (76, 'Хламидиоз', 'Хламидиоз', 1, 1, '366'),
                                                                                           (77, 'Чўчқаларнинг цистицеркози', 'Цистицеркоз свиней', 1, 5, '669'),
                                                                                           (78, 'Тешен касаллиги', 'Энзоотический (инфекционный) энцефаломиелит свиней (болезнь Тешена)', 1, 1, '670'),
                                                                                           (79, 'Некробактериоз', 'Некробактериоз северных оленей', 1, 2, '121'),
                                                                                           (80, 'Нодуляр дерматити', 'Нодулярный дерматит (заразный узелковый дерматит)', 1, 1, '671'),
                                                                                           (82, 'Туя ўлати', 'Чума верблюдов', 1, 2, '999'),
                                                                                           (84, 'Норкаларнинг вирусли энтерити', 'Вирусный энтерит норок', 1, 1, '322'),
                                                                                           (85, 'Псевдомоноз', 'Псевдомоноз', 1, 2, '126'),
                                                                                           (86, 'Йиртқич хайвонлар ўлати', 'Чума плотоядных', 1, 1, '673'),
                                                                                           (87, 'Қуёнларнинг геморрагик касаллиги', 'Геморрагическая болезнь кроликов', 1, 1, '318'),
                                                                                           (88, 'Миксоматоз', 'Миксоматоз', 1, 1, '349'),
                                                                                           (89, 'Марек касаллиги', 'Болезнь Марека', 1, 1, '674'),
                                                                                           (90, 'Ньюкасл касаллиги', 'Болезнь Ньюкасла', 1, 1, '675'),
                                                                                           (91, 'Вирусли гепатит', 'Вирусный гепатит', 1, 1, '320'),
                                                                                           (92, 'Вирусли энтрит', 'Вирусный энтерит', 1, 1, '322'),
                                                                                           (94, 'Инфекционный бронхит кур', 'Инфекционный бронхит кур', 9, 1, '333'),
                                                                                           (95, 'Инфекцион бурсал касаллиги (Гамборо касаллиги)', 'Инфекционная бурсальная болезнь (болезнь Гамборо)', 9, 1, '309'),
                                                                                           (96, 'Қушлар инфекцион ларинготрахеити', 'Инфекционный ларинготрахеит птиц', 9, 1, '334'),
                                                                                           (97, 'Куркалар инфекцион ринотрахеити (метапневмовирусли инфекция)', 'Инфекционный ринотрахеит индеек (метапневмовирусная инфекция)', 1, 1, '676'),
                                                                                           (98, 'Қушлар микоплазмозлари (М Gallisepticum, Msynoviae)', 'Микоплазмозы птиц (М Gallisepticum, Msynoviae)', 1, 2, '677'),
                                                                                           (101, 'Қушлар сил касаллиги ', 'Туберкулез птиц', 1, 2, '678'),
                                                                                           (102, 'Токсоплазмоз', 'Токсоплазмоз', 1, 3, '514'),
                                                                                           (103, 'Хламидиоз (қушалр орнитози)', 'Хламидиоз (орнитоз птиц)', 1, 1, '679'),
                                                                                           (104, 'Қушлар вабоси (пастереллез)', 'Холера птиц (пастереллез)', 1, 2, '680'),
                                                                                           (105, 'Ласосларнинг альфа-вирусли инфекцияси', 'Альфа-вирусная инфекция лососевых', 1, 1, '681'),
                                                                                           (106, 'Аэромоноз', 'Аэромоноз', 1, 2, '190'),
                                                                                           (107, 'Бранхиомикоз', 'Бранхиомикоз', 1, 2, '261'),
                                                                                           (108, 'Сазан бахорги виремияси (SVC)', 'Весенняя виремия карпа (SVC)', 1, 1, '682'),
                                                                                           (109, 'Вирусли геморрагик септицемияси (VHS)', 'Вирусная геморрагическая септицемия (VHS)', 1, 1, '683'),
                                                                                           (110, 'Карпларнинг сузгич пуфагининг яллиғланиши', 'Воспаление плавательного пузыря карпов', 1, 2, '684'),
                                                                                           (111, 'Сазан герпесвирусли касаллиги (KHVD)', 'Герпесвирусная болезнь карпа (кои) (KHVD)', 1, 1, '685'),
                                                                                           (112, 'Гиродактилез', 'Гиродактилез', 1, 5, '472'),
                                                                                           (113, 'Ласосларнинг юқумли анемияси (ISA)', 'Инфекционная анемия лосося (ISA)', 1, 1, '686'),
                                                                                           (114, 'Форелларнинг юқумли анемияси ва фурункулези', 'Инфекционная анемия и фурункулез форелей', 1, 2, '687'),
                                                                                           (115, 'Юқумли гематопоэтик некроз (IHN)', 'Инфекционный гематопоэтический некроз (IHN)', 1, 1, '688'),
                                                                                           (116, 'Қизил денгиз карасининг иридовирусли касаллиги (RSIVD)', 'Иридовирусная болезнь красного морского карася (RSIVD)', 1, 1, '689'),
                                                                                           (117, 'Описторхоз', 'Описторхоз', 10, 5, '485'),
                                                                                           (118, 'Эпизоотик гематопоэтик некроз (EHNV)', 'Эпизоотический гематопоэтический некроз (EHNV)', 1, 1, '690'),
                                                                                           (119, 'Эпизоотик ярали  синдроми (EUS)', 'Эпизоотический язвенный синдром (EUS)', 1, 2, '691'),
                                                                                           (120, 'Асалариларнинг акарапидози', 'Акарапидоз медоносных пчел', 1, 4, '630'),
                                                                                           (121, 'Асалариларнинг америкача чириш касаллиги', 'Американский гнилец пчел', 1, 2, '180'),
                                                                                           (122, 'Аскофероз', 'Аскофероз', 1, 2, '692'),
                                                                                           (123, 'Варроатоз', 'Варроатоз', 1, 4, '631'),
                                                                                           (124, 'Асалариларнинг Европача чириш касаллиги', 'Европейский гнилец пчел', 1, 2, '693'),
                                                                                           (125, 'Кичик уя қўнғизи', 'Малый ульевой жук', 1, 4, '694'),
                                                                                           (126, 'Нозематоз', 'Нозематоз', 1, 3, '527'),
                                                                                           (127, 'Колибактериоз Ecoli', 'Колибактериоз Ecoli', 1, 2, '114'),
                                                                                           (128, 'Хавфли шиш', 'Злокачественный отек', 1, 2, '695'),
                                                                                           (129, 'Криптоспоридиоз', 'Криптоспоридиоз', 1, 3, '696'),
                                                                                           (131, 'Токсоплазмоз', 'Токсоплазмоз', 1, 3, '514'),
                                                                                           (132, 'Цистициркоз', 'Цистициркоз', 1, 5, '463'),
                                                                                           (133, 'Вакцинация сифатини текшириш', 'Контроль качества вакцинации', 1, 6, '400'),
                                                                                           (134, 'Вакцина биологик фаоллигини аниқлаш', 'Определение биологической активности вакцин', 1, 6, '401'),
                                                                                           (135, 'Кана турини аниқлаш', 'Типирование,определение вида клещи', 1, 6, '871');

-- --------------------------------------------------------

--
-- Table structure for table `disease_category`
--

CREATE TABLE `disease_category` (
                                    `id` int(11) NOT NULL,
                                    `name_uz` varchar(255) COLLATE utf8mb4_unicode_ci DEFAULT NULL,
                                    `name_ru` varchar(255) COLLATE utf8mb4_unicode_ci DEFAULT NULL
) ENGINE=InnoDB DEFAULT CHARSET=utf8mb4 COLLATE=utf8mb4_unicode_ci;

--
-- Dumping data for table `disease_category`
--

INSERT INTO `disease_category` (`id`, `name_uz`, `name_ru`) VALUES
                                                                (1, 'I Барча хайвонларда учпайдиган кассалликлар', 'I Болезни, общие для разных видов животных'),
                                                                (2, 'II Йирик шохли хайвон касалликлари', 'II Болезни крупного рогатого скота'),
                                                                (3, 'III Йилқи касалликлари', 'III Болезни лошадей'),
                                                                (4, 'IV Қўй ва эчки касалликлари', 'IV Болезни овец и коз'),
                                                                (5, 'V Чўчқалар касалликлари', 'V Болезни свиней'),
                                                                (6, 'VI Туя ва шимол буғиси касаллиги', 'VI Болезни верблюдов и северных оленей'),
                                                                (7, 'VII Мўйнали хайвонлар касалликлари', 'VII Болезни пушных зверей'),
                                                                (8, 'VIII Қўёнсимонлар касалликлари', 'VIII Болезни зайцевых'),
                                                                (9, 'IX Қушлар касаллиги', 'IX Болезни птиц'),
                                                                (10, 'X Балиқлар касаллиги', 'X Болезни рыб'),
                                                                (11, 'XI Асаллари касалликлари', 'XI Болезни пчел'),
                                                                (12, 'XII Бошқа хайвонлар касалликлари', 'XII Другие болезни животных');

-- --------------------------------------------------------

--
-- Table structure for table `disease_groups`
--

CREATE TABLE `disease_groups` (
                                  `id` int(11) NOT NULL,
                                  `name_uz` varchar(255) COLLATE utf8mb4_unicode_ci DEFAULT NULL,
                                  `name_ru` varchar(255) COLLATE utf8mb4_unicode_ci DEFAULT NULL
) ENGINE=InnoDB DEFAULT CHARSET=utf8mb4 COLLATE=utf8mb4_unicode_ci;

--
-- Dumping data for table `disease_groups`
--

INSERT INTO `disease_groups` (`id`, `name_uz`, `name_ru`) VALUES
                                                              (1, 'вирусли', 'вирусли'),
                                                              (2, 'бактерия', 'бактерия'),
                                                              (3, 'протозой', 'протозой'),
                                                              (4, 'эрахно-энтомология', 'эрахно-энтомология'),
                                                              (5, 'гельминтология', 'гельминтология'),
                                                              (6, 'Вакцинация назорати\r\n', 'Вакцинация назорати\r\n');

-- --------------------------------------------------------

--
-- Stand-in structure for view `district_view`
-- (See below for the actual view)
--
CREATE TABLE `district_view` (
                                 `MHOBT_cod` int(11)
    ,`region_id` int(11)
    ,`district_id` int(11)
    ,`name_lot` varchar(100)
    ,`center_lot` varchar(50)
    ,`name_cyr` varchar(100)
    ,`center_cyr` varchar(50)
    ,`name_ru` varchar(100)
    ,`center_ru` varchar(50)
);

-- --------------------------------------------------------

--
-- Table structure for table `emlash`
--

CREATE TABLE `emlash` (
                          `animal_id` int(11) DEFAULT NULL,
                          `antibiotic` varchar(255) NOT NULL,
                          `emlash_date` date NOT NULL
) ENGINE=InnoDB DEFAULT CHARSET=utf8;

-- --------------------------------------------------------

--
-- Table structure for table `employees`
--

CREATE TABLE `employees` (
                             `id` int(11) NOT NULL,
                             `name` varchar(100) COLLATE utf8mb4_unicode_ci DEFAULT NULL,
                             `email` varchar(100) COLLATE utf8mb4_unicode_ci DEFAULT NULL,
                             `phone` varchar(20) COLLATE utf8mb4_unicode_ci DEFAULT NULL,
                             `password` varchar(500) COLLATE utf8mb4_unicode_ci DEFAULT NULL
) ENGINE=InnoDB DEFAULT CHARSET=utf8mb4 COLLATE=utf8mb4_unicode_ci COMMENT='Ходимлар жадвали. Рол, статус, ҳолатлар триггерларда тўлдирилади.';

--
-- Dumping data for table `employees`
--

INSERT INTO `employees` (`id`, `name`, `email`, `phone`, `password`) VALUES
                                                                         (1, 'Registrator', 'umidbek@gmail.com', '+998999670395', '$2y$13$eCysDdPvFAeOBC2Fgm.Ide9oDMArgfLbYRokPe5lJQ14xOCKhPCEO'),
                                                                         (2, 'Admin', 'admin1@gmail.com', '+998911347773', '$2y$13$ByT248Vbsh4B.d/JqBEVOePCV2bNzC3Cgs1SqpoC3MWz34jW534Da'),
                                                                         (3, 'Direktor Б.С.Тангяриков', 'direktor@gmail.com', '-', '$2y$13$ipIgY9MCqKMI4shgdgJG4egzSu9WJbyPBpIGT5RpyDNvSEloOtCPm'),
                                                                         (4, 'Labaratoriya mudiri', 'mudir@gmail.com', '-', '$2y$13$wquoqsemFODwjdBg9AiiD.nhc4igu8pctO190BKifMqJ7Dmu0vMqq'),
                                                                         (5, 'vrach ', 'lab@gmail.com', '-', '$2y$13$RkjVpdujlF/ZGCspf4xvWeKlRdByGje4EPmplHyW/ZWPIBzlBmsee'),
                                                                         (6, 'Komitet', 'komitet@gmail.com', '-', '$2y$13$FpXGb.lrxCKTzKdWVidPFeRqukp8Z67hiJxUGoqOxW5vlB8oN99Ka'),
                                                                         (7, 'Aliyev', 'ali@gmail.com', '99999999', '$2y$13$zZtqPkCYYwfxUFpyVIWcrO3WlAoS2nrxIvK8hX6yUrH7gEamg7eYe'),
                                                                         (8, 'Valiyev', 'vali@gmail.com', '99999999', '$2y$13$yH2BkyaLY8O5znTEiOEEK.FFViBP9Sedvaf2Z0sQVtQtxly4egT8S'),
                                                                         (9, 'Saliyev', 'sali@gmail.com', '99999999', '$2y$13$Z3fS1k2vhVsSRmxaqbxtVu2fsZPbxl6M.AIaWgPRIAaVAu0fQ/eVG'),
                                                                         (10, 'Eshmatov', 'shmat@gmail.com', '99999999', '$2y$13$0g2POkegN/HUdiCEwf.LZOhnN5x8AkEKEAx.f5iqWdKEMz0EqvoXS'),
                                                                         (11, 'Toshmatov', 'tash@gmail.com', '99999999', '$2y$13$X58O.ay8pn49VKeDD7ckte0zmC3RJLMqFZ3t0REYMqipzj8z65bny'),
                                                                         (12, 'Туман врачи', 'tum@gmail.com', '9999999', '$2y$13$pswdCABaWOnWU4b7Obrnv.g/zb.Pf4xvnr8XynWGpzzQAXlk66gHC'),
                                                                         (13, 'Малиев', 'mali@gmail.com', '99999999', '$2y$13$0zh1hMkWk.LAyK4zaaLVoOTAn24M5jGyESBBmY/NuUEHqIwv.0NuW'),
                                                                         (14, 'Qumita', 'qum@gmail.com', '99999999', '$2y$13$t9MbDtUWgvlgNrjWedqg3ewiZfe2nhxqz8IkjPzdZTylgZVJybh3K'),
                                                                         (15, 'Nematov Alisher', 'alisher@gmail.com', '5656565656', '$2y$13$VX0mKTnJJCXQmFMTvYXp8O9.FMvwoLjwbvgIMbNi6a6Hw3r3p6oB2'),
                                                                         (16, 'sardor ', 'sardor@gmail.com', '454545', '$2y$13$cm78tx7WCsJkeOgd7Kre9O8GXY972pI0YWRgQHj.JTmY20JZh5D02'),
                                                                         (17, 'Forish-reg', 'forish_reg@gmail.com', '13212', '$2y$13$r14/Ic7xODKOJQmuSYv9eedfVw62lZ/p8R4.R.3tJfhQQ2q5I0tsu'),
                                                                         (18, 'Forish-mudir', 'forish_mud@gmail.com', '99999999', '$2y$13$H7K5ean6qxz.LEHE1Mk0AO.Zy.uwU1a5ELBX1NEtqOVPOe.EtEBH6'),
                                                                         (19, 'Forish-rahbar', 'forish_rah@gmail.com', '99999999', '$2y$13$RQs6Gd.h3CGw7AAdxHhFHeU6qHRo1t2X/frrjK4Z7WsFioAlh9yXK'),
                                                                         (20, 'Forish-xodim', 'forish_vrach@gmail.com', '99999999', '$2y$13$uLS4iP6Si6ADr3atAtmvUu2n8HsmXzoYU4E8jbLW640D2.wtiSuXS'),
                                                                         (21, 'Forish-lab-vrach', 'forish_vrach@gmail.com', '99999999', '$2y$13$HwT4VCo.JKpvrQZUj5NI5evLzYmHGaZQThOraobYpyGlgeH1eLQMa'),
                                                                         (22, 'forish-lobarant', 'forish_lab@gmail.com', '99999999', '$2y$13$VfDad5r67PGReEBLDRhm/uHdOKUETel5HLmy1kefoN5VvVY9BER36'),
                                                                         (23, 'Forish-лаборант', 'forish_l@gmail.com', '99999999', '$2y$13$Z9l1d.XFOmcH9yojiHfm/uouSDYXGkppJaGlGYJoyPCc2vAUWWbWa'),
                                                                         (24, 'Sardor Boybutaev', 'Sardorboybuyayev2222@gmail.com', '+998911002145', '$2y$13$rgyV.E6Vzdj/E0fiYR03geD.mcUvjf4JJFUyyQ1dEAc1gDz5qvBum'),
                                                                         (25, 'Far_reg', 'far_reg@gmail.com', '4545455', '$2y$13$AZEJbjwN7bpMZxyqHeJ2v.fa33jAOJ./Arl2ekPzuYS7p3vHG7JG6'),
                                                                         (26, 'far mudir', 'far_mudir@gmail.com ', '456641131', '$2y$13$eg2X549YIq7oAOyslnVlBe/26TeJUIXwMpV9w3/EC6ZCr.ztUiNpm'),
                                                                         (28, 'far_vrach', 'far_vrach@gmail.com', '4564534', '$2y$13$SWATU.hrkLtJLejj2T0F2uQnxyUKYvn.guudG0Itas0CKl69cohjG'),
                                                                         (29, 'Direktor ГАЗИЕВ АСКАРАЛИ ТУРСУНОВИЧ ', 'far_direktor@gmail.com', '4564536', '$2y$13$lw8bGivTI5tIzPsuDSAibOBW3JxhU.zQvGv0xPd7rlYJ68US.K5QC'),
                                                                         (30, 'Far_mudir', 'far_mudir@gmail.com', '45454578', '$2y$13$9vV3YNQ1ae76vebrTjKMj.pWwi6xmqkjgis1lpJr6bZzNpge3t0fK'),
                                                                         (31, 'Шукуров Қобилжон Абилович', 'mudirbak@gmail.com', '+998991234567', '$2y$13$bKfmnK.9EsLq6RJj/D.NlOeIEqA5VQM5S.PYggAZyT/cl7MCNPICa'),
                                                                         (32, 'Ахмедова Мунира Файзулла қизи', 'bakvrach1@gmail.com', '+998991234567', '$2y$13$zoqWkJ.FvnfeaMbbCA/.Oe70ZxiZYaE6A8n0TIkoBbo1IYnJNvDeu'),
                                                                         (33, 'Исломов Аббос Носир ўғли', 'bakvrach2@gmail.com', '+998991234567', '$2y$13$w1w4JiGkgYlxse1rHyzkBuQ.TuZuDxFZSbt5D3u8kqwDCUIL0dplO'),
                                                                         (34, 'Тошпулатов Азамат Даврон ўғли', 'mudirtoksikolog@gmail.com', '+998973906365', '$2y$13$X8llBQBlWQ4dopVn6v9nk.mWtl5r.4CSbzjKIqv1i2G3PkHiPF3e.'),
                                                                         (35, 'Суннатов Жамол Муфтилла уғли', 'tokvrach@gmail.com', '+998943565744', '$2y$13$fFkusGARJ7IskXRQJol0KOCGT39wNQszVM8IB9XAUnye0VMXW2vce'),
                                                                         (36, 'Хушвахтов Кахраман Бабакандович', 'mudirvirus@gmail.com', '+998993990169', '$2y$13$UpsvuO/R3rEoTLoYTqnKxOKJT8ZWMOsI4DYFlfemvtXLim/Vn5kAm'),
                                                                         (37, 'Худайқулов Жахонгир Жўраевич', 'virusvrach@gmail.com', '+998991234567', '$2y$13$CXUA6g8iGik5pwaR0AcwAOa/AOU.a1qVLtvoYZD5HHFCyl5sjsXpa'),
                                                                         (38, 'Саидов Эшбой Муротович', 'mudirradiolog@gmail.com', '+998991234567', '$2y$13$ggTMUY6gnY8QaG7jw2ynKuHM.i5Mzi/x1GYx/HOxsxpxzMUVmuvq6'),
                                                                         (39, 'Қорабоева Шахноза Позилжоновна', 'radiologvrach1@gmail.com', '+998991234567', '$2y$13$L4sONwImfFANXdkPa99DCucpzHpTrmKcsW4apcJsEfY3ayRyhVPza'),
                                                                         (40, 'Фармонов Сирожиддин Низомович', 'mudirserolog@gmail.com', '+998974550878', '$2y$13$6/0Nr6Hm3Go2R1OViR/IQO8j8EzYT32X8pL543PwZQtuBGJVoIDqK'),
                                                                         (41, 'Абдухамидов Маъруф Аззамович', 'serologvrach1@gmail.com', '+998941906336', '$2y$13$0RVuU8Cv2FmnOmzcHkmfD.WRtoiz82gl.zMFhUiDaqyUPunCxmKOO'),
                                                                         (42, 'Абдурахманов Ғуломжон Абдуғафурович', 'serologvrach2@gmail.com', '+998981009277', '$2y$13$1vBRds97f3XCOPxEpixDP.N5SvCoAM2TIH/elwZkZUAQ25lYq/syG'),
                                                                         (43, 'Юсубахмедов Абдурауф Абдурахим ўғли ', 'ifamudir@gmail.com', '+998994031730', '$2y$13$vrpt0QifucwrF9wt1sd3OuHhlTkjOSj58xHJrfhR6z8hAvadyomU.'),
                                                                         (44, 'Фозилов ХХХ', 'ifavrach1@gmail.com', '1', '$2y$13$C8wXBU6syxHfX5Wjfr/nkOBTE3VtPwoZkzmOkv/K2EslQcL/TlfP2'),
                                                                         (45, 'Фозилов ЧЧЧ', 'ifavrach2@gmail.com', '+998996260775', '$2y$13$MUvhujg5DzZ7cnKlmuNpmOCQRjl0ltqB.JSDo8FPQr0Ap11xmnkce'),
                                                                         (46, 'Турсунова  Гулчеҳра Эркиновна', 'mudirvsel@gmail.com', '+998946017874', '$2y$13$4stMZE8lycVSa/4AmjAJ7.AWGX.r96FoO2aXrP0iD0ICFFuKgLC/y'),
                                                                         (47, 'Маъмуров Савронбек Пўлат ўғли', 'vselvrach1@gmail.com', '+998991234567', '$2y$13$IKzoxYkSVAiLGxnGtnio4OT9Lrrs7SzP24D2STTWHpDI6S9nbjIC.'),
                                                                         (48, 'Эргашев Акбаржон Анвар ўғли', 'vselvrach2@gmail.com', '+998916223520', '$2y$13$ffr/qVZxAWn9VggLiiaONes7DFaStSyJ8EjJtoE4YHgi8nFPUviZO'),
                                                                         (49, 'Менгқобилов Хайдар Оқбайевич', 'parrandamudir@gmail.com', '+998999224936', '$2y$13$tCXtrLdHGalAplHnRntEU.CEPMia0ALoRNq.G5wnid8a5fe2z81Li'),
                                                                         (50, 'Турсунова Дилором Алиевна', 'parrandavrach@gmail.com', '+998946386095', '$2y$13$DUMOg4S7Km.w6pFvxpq7yuGLTMIcdo9LlnlU6F1VKaDLnf5eGkF8q'),
                                                                         (51, 'Хайдаров Жалолиддин Илаш ўғли', 'virusvrach2@gmail.com', '+123456789', '$2y$13$9qwzbeOqSHXKIX50R10rIOlwl2nCnSHO35.EIdm0J.D45yuN4loXK'),
                                                                         (52, 'Авазова Ханзада Курбановна ', 'radiologvrach2@gmail.com', '+123456789', '$2y$13$HXTduCz.KtKDvSsAllxyzevp654JCGYB5iFmR4G.AaEV/aVSWiuPy'),
                                                                         (53, 'Абдухакимов Рустам Набижон ўғли', 'mudiroziqa@gmail.com', '+998946017874', '$2y$13$XuB3Em2Dg7iKlRH/d0S0ZuyucassJOm0qNDhAt/Qx0aXk9.slYJhG'),
                                                                         (54, 'Абдуллаева Фарангиз Хайрулла қизи', 'vrachoziqa1@gmail.com', '+123456789', '$2y$13$ENmEgr.NCYYxNallzQTzI.fSAFa7FQDxzNP.r30i44HNYqyNDoeAq'),
                                                                         (55, 'Анарбаева Холида Зайниддиновна', 'vrachoziqa2@gmail.com', '+123456789', '$2y$13$Z/fgZmFBn0de3/engKsCKehnQCaP2dnIbidKUcL/lOSOs5oEu9XY.'),
                                                                         (56, 'Каримова Нодира Бурхановна', 'direktor2@gmail.com', '+998946600262', '$2y$13$sTB/cCDWQ5a5JncPHc9RSeVmKr56RMzxX4r5SjiQejkTZmr02B0Sa');

-- --------------------------------------------------------

--
-- Table structure for table `employee_passwords_history`
--

CREATE TABLE `employee_passwords_history` (
                                              `emp_id` int(11) NOT NULL,
                                              `Pass` varchar(500) DEFAULT NULL,
                                              `change_time` timestamp NOT NULL DEFAULT current_timestamp() ON UPDATE current_timestamp()
) ENGINE=InnoDB DEFAULT CHARSET=utf8;

-- --------------------------------------------------------

--
-- Table structure for table `emp_posts`
--

CREATE TABLE `emp_posts` (
                             `id` int(11) NOT NULL,
                             `emp_id` int(11) DEFAULT NULL,
                             `post_id` int(11) DEFAULT NULL,
                             `date` datetime DEFAULT NULL COMMENT 'Лавозими ёки статуси ўзгарган вақти. ',
                             `state_id` int(11) DEFAULT NULL COMMENT 'Ходимнинг холати. Актив, ноактив',
                             `status_id` int(11) DEFAULT NULL COMMENT 'Лавозим статуси :  асосий лавозим, вақтинчалик вазифасини бажарувчи, ва ҳ.к.',
                             `org_id` int(11) DEFAULT NULL COMMENT 'Ташкилот (Бўлим)',
                             `gov_id` int(11) DEFAULT NULL
) ENGINE=InnoDB DEFAULT CHARSET=utf8mb4 COLLATE=utf8mb4_unicode_ci COMMENT='Ходимларнинг лавозимлари.';

--
-- Dumping data for table `emp_posts`
--

INSERT INTO `emp_posts` (`id`, `emp_id`, `post_id`, `date`, `state_id`, `status_id`, `org_id`, `gov_id`) VALUES
                                                                                                             (3, 1, 1, '2022-02-01 00:00:00', 1, 1, 1, 11),
                                                                                                             (5, 2, 5, '2022-03-08 00:00:00', 1, 1, 2, 1),
                                                                                                             (6, 3, 4, '2022-03-25 22:57:39', 1, 1, 1, 1),
                                                                                                             (7, 4, 3, '2022-03-25 00:00:00', 1, 1, 1, 2),
                                                                                                             (8, 5, 2, '2022-03-25 00:00:00', 1, 1, 1, 2),
                                                                                                             (10, 6, 4, '2022-04-23 19:56:27', 1, 1, 2, 1),
                                                                                                             (11, 7, 3, '2022-05-30 00:00:00', 1, 1, 1, 2),
                                                                                                             (12, 8, 3, '2022-05-30 00:00:00', 1, 1, 1, 6),
                                                                                                             (13, 9, 3, '2022-05-30 00:00:00', 1, 1, 1, 10),
                                                                                                             (14, 10, 2, '2022-05-30 00:00:00', 1, 1, 1, 6),
                                                                                                             (15, 11, 2, '2022-05-30 00:00:00', 1, 1, 1, 6),
                                                                                                             (16, 12, 3, '2022-06-03 00:00:00', 1, 1, 3, 1),
                                                                                                             (17, 13, 4, '2022-06-06 00:00:00', 1, 1, 4, 1),
                                                                                                             (18, 14, 4, '2022-06-21 00:00:00', 1, 1, 5, 1),
                                                                                                             (19, 15, 2, '2022-06-22 00:00:00', 1, 1, 1, 9),
                                                                                                             (20, 16, 8, '2022-06-23 00:00:00', 1, 1, 1, 1),
                                                                                                             (21, 17, 1, '2022-07-01 00:00:00', 1, 1, 5, 11),
                                                                                                             (22, 18, 3, '2022-07-01 00:00:00', 1, 1, 5, 2),
                                                                                                             (23, 19, NULL, '2022-07-01 00:00:00', 1, 1, 5, 1),
                                                                                                             (24, 20, 4, '2022-07-01 00:00:00', 1, 1, 5, 1),
                                                                                                             (25, 21, 2, '2022-07-01 00:00:00', 1, 1, 5, 2),
                                                                                                             (26, 22, 2, '2022-07-05 00:00:00', 1, 1, 5, 6),
                                                                                                             (27, 23, 2, '2022-07-05 00:00:00', 1, 1, 5, 6),
                                                                                                             (28, 24, 2, '2022-07-06 00:00:00', 1, 1, 1, 7),
                                                                                                             (29, 25, 1, '2022-07-06 00:00:00', 1, 1, 6, 11),
                                                                                                             (30, 26, 3, '2022-07-06 00:00:00', 1, 1, 6, 7),
                                                                                                             (32, 28, 2, '2022-07-06 00:00:00', 1, 1, 6, 7),
                                                                                                             (33, 29, 4, '2022-07-06 00:00:00', 1, 1, 6, 1),
                                                                                                             (34, 30, 3, '2022-07-06 00:00:00', 1, 1, 6, 7),
                                                                                                             (35, 31, 3, '2022-07-16 00:00:00', 1, 1, 1, 2),
                                                                                                             (36, 32, 2, '2022-07-16 00:00:00', 1, 1, 1, 2),
                                                                                                             (37, 33, 2, '2022-07-16 00:00:00', 1, 1, 1, 2),
                                                                                                             (38, 34, 3, '2022-07-16 00:00:00', 1, 1, 1, 3),
                                                                                                             (39, 35, 2, '2022-07-16 00:00:00', 1, 1, 1, 3),
                                                                                                             (40, 36, 3, '2022-07-16 00:00:00', 1, 1, 1, 4),
                                                                                                             (41, 37, 2, '2022-07-16 00:00:00', 1, 1, 1, 4),
                                                                                                             (42, 38, 3, '2022-07-16 00:00:00', 1, 1, 1, 5),
                                                                                                             (43, 39, 2, '2022-07-16 00:00:00', 1, 1, 1, 5),
                                                                                                             (44, 40, 3, '2022-07-16 00:00:00', 1, 1, 1, 6),
                                                                                                             (45, 41, 2, '2022-07-16 00:00:00', 1, 1, 1, 6),
                                                                                                             (46, 42, 2, '2022-07-16 00:00:00', 1, 1, 1, 6),
                                                                                                             (47, 43, 3, '2022-07-16 00:00:00', 1, 1, 1, 9),
                                                                                                             (48, 44, 2, '2022-07-16 00:00:00', 1, 1, 1, 9),
                                                                                                             (49, 45, 2, '2022-07-16 00:00:00', 1, 1, 1, 9),
                                                                                                             (50, 46, 3, '2022-07-16 00:00:00', 1, 1, 1, 10),
                                                                                                             (51, 47, 2, '2022-07-16 00:00:00', 1, 1, 1, 10),
                                                                                                             (52, 48, 2, '2022-07-16 00:00:00', 1, 1, 1, 10),
                                                                                                             (53, 49, 3, '2022-07-16 00:00:00', 1, 1, 1, 8),
                                                                                                             (54, 50, 2, '2022-07-16 00:00:00', 1, 1, 1, 8),
                                                                                                             (55, 51, 8, '2022-12-01 00:00:00', 1, 1, 1, 4),
                                                                                                             (56, 52, 2, '2022-12-01 00:00:00', 1, 1, 1, 5),
                                                                                                             (57, 53, 3, '2022-12-01 00:00:00', 1, 1, 1, 12),
                                                                                                             (58, 54, 2, '2022-12-01 00:00:00', 1, 1, 1, 12),
                                                                                                             (59, 55, 2, '2022-12-01 00:00:00', 1, 1, 1, 12),
                                                                                                             (60, 56, 4, '2022-12-01 00:00:00', 1, 1, 1, 1);

-- --------------------------------------------------------

--
-- Table structure for table `emp_posts_history`
--

CREATE TABLE `emp_posts_history` (
                                     `emp_id` int(11) DEFAULT NULL,
                                     `post_id` int(11) DEFAULT NULL,
                                     `date` datetime DEFAULT NULL COMMENT 'Лавозими ёки статуси ўзгарган вақти. ',
                                     `state_id` int(11) DEFAULT NULL COMMENT 'Ходимнинг холати. Актив, ноактив',
                                     `status_id` int(11) DEFAULT NULL COMMENT 'Лавозим статуси :  асосий лавозим, вақтинчалик вазифасини бажарувчи, ва ҳ.к.',
                                     `org_id` int(11) DEFAULT NULL
) ENGINE=InnoDB DEFAULT CHARSET=utf8mb4 COLLATE=utf8mb4_unicode_ci COMMENT='Ходимларнинг фаолияти. Бу жадвалда emp_posts жадвалидаги ўзгаришлар сақланади. Қўлда тўлдирилмайди. (Триггер)';

-- --------------------------------------------------------

--
-- Table structure for table `food`
--

CREATE TABLE `food` (
                        `id` int(11) NOT NULL,
                        `name_ru` varchar(255) NOT NULL DEFAULT '',
                        `name_uz` varchar(255) NOT NULL DEFAULT '',
                        `category_id` int(11) NOT NULL,
                        `animal_type_id` varchar(255) DEFAULT NULL,
                        `for_all` int(11) DEFAULT 0
) ENGINE=InnoDB DEFAULT CHARSET=utf8mb4;

--
-- Dumping data for table `food`
--

INSERT INTO `food` (`id`, `name_ru`, `name_uz`, `category_id`, `animal_type_id`, `for_all`) VALUES
                                                                                                (1, 'Мясо, в том числе полуфабрикаты, парные, охлажденные, подмороженные, замороженные (все виды убойных, промысловых и диких животных)', 'Go\'sht, shu jumladan yarim tayyor mahsulotlar, yangi, sovutilgan, muzlagan, muzlatilgan (barcha turdagi so\'yish, ov va yovvoyi hayvonlar)', 1, 'XX', 0),
                                                                                                 (2, 'Субпродукты убойных животных охлажденные, замороженные (печень, почки, язык, мозги, сердце), шкурка свиная, кровь пищевая и продукты ее переработки', 'So\'yilgan hayvonlarning sovutilgan, muzlatilgan submahsulotlari (jigar, buyraklar, til, miya, yurak), cho\'chqa terisi, oziq-ovqat qoni va uni qayta ishlash mahsulotlari', 1, 'XX', NULL),
                                                                                                 (3, 'Колбасные изделия, продукты из мяса всех видов убойных животных,(в т.ч. казы) кулинарные изделия из мяса', 'Kolbasa mahsulotlari, so\'yishning barcha turlaridan go\'sht mahsulotlari (shu jumladan qozi) go\'shtdan tayyorlangan oshpazlik mahsulotlari', 1, 'XX', NULL),
(4, 'Продукты мясные с использованием субпродуктов (паштеты, ливерные колбасы, зельцы, студни, хасип и др.) и крови. Изделия вареные с использованием субпродуктов, крови, охлажденные и замороженные (хлебы, колбасы, студни, ливерные колбасы, заливные блюда)', 'Go\'sht mahsulotlari (pate, jigar kolbasa, guruch, jele, hasip va boshqalar) va qon. Sut mahsulotlari, qon bilan qaynatilgan, sovutilgan va muzlatilgan mahsulotlar (non, kolbasa, jele, jigar kolbasa, jelli idishlar)', 1, 'XX', NULL),
                                                                                                 (5, 'Консервы из мяса, мясорастительные', 'Go\'sht, go\'sht va sabzavot konservalari', 1, 'XX', NULL),
                                                                                                 (6, 'Консервы из субпродуктов, в том числе паштетные (все виды убойных и промысловых животных)', 'Submahsulotlardan tayyorlangan konservalar, shu jumladan pate (barcha turdagi so\'yish va ov hayvonlari)', 1, 'XX', NULL),
(7, 'Мясо сублимационной и тепловой сушки', 'Sublimatsiyalangan va issiqlik bilan quritilgan go\'sht', 1, 'XX', NULL),
                                                                                                (8, 'Мясо птицы, в том числе полуфабрикаты, охлажденные, замороженные (все виды птицы для убоя, пернатой дичи)', 'Parranda go\'shti, shu jumladan yarim tayyor mahsulotlar, sovutilgan, muzlatilgan (so\'yish uchun parrandalarning barcha turlari, ov qushlari)', 1, '05', NULL),
                                                                                                 (9, 'Субпродукты, полуфабрикаты из субпродуктов птицы', 'Parranda go\'shtidan tayyorlangan submahsulotlari, yarim tayyor mahsulotlar', 1, '05', NULL),
(10, 'Колбасные изделия, копчености, кулинарные изделия с использованием мяса птицы', 'Parranda go\'shtidan foydalangan holda kolbasa, dudlangan go\'sht, pazandalik mahsulotlari', 1, '05', NULL),
(11, 'Мясопродукты с использованием субпродуктов птицы, шкурки (паштеты, ливерные колбасы и др.)', 'Parranda go\'shti, terisidan foydalaniladigan go\'sht mahsulotlari (pat, jigar kolbasa va boshqalar).', 1, '05', NULL),
(12, 'Консервы птичьи (из мяса птицы и мясорастительные*, в т.ч. паштетные и фаршевые)', 'Konservalangan parranda go\'shti (parranda go\'shti va go\'sht va sabzavotlardan *, shu jumladan pate va qiyma go\'shtdan)', 1, '05', NULL),
(13, 'Продукты из мяса птицы сублимационной и тепловой сушки', 'Sublimatsiyalangan va issiqlik bilan quritilgan parranda go\'shti mahsulotlari', 1, '05', NULL),
                                                                                                (14, 'Дополнительные показатели мяса и мясопродуктов (для всех)', 'Go\'sht va go\'sht mahsulotlarining qo\'shimcha ko\'rsatkichlari (barcha uchun)', 1, 'XX', 1),
                                                                                                (15, 'Питьевое молоко и питьевые сливки, пахта, сыворотка молочная, молочный напиток, жидкие кисломолочные продукты (айран, ацидофилин, варенец, кефир, кумыс и кумысный продукт, йогурт, простокваша, ряженка), сметана, молочные составные продукты на их основе, п', 'Ichimlik suti va qaymoq, ayran, sut zardobi, sutli ichimlik, suyuq fermentlangan sut mahsulotlari (ayran, atsidofil, varenets, kefir, kumiss va kumiss mahsuloti, qatiq, tvorog, achitilgan pishirilgan sut), smetana, ular asosidagi sut mahsulotlari , mahsul', 2, NULL, NULL),
                                                                                                (16, 'Творог, творожная масса, зерненный творог, сырок, творожные продукты, творожный сыр, молочные составные продукты на их основе, альбумин молочный и продукты на его основе, продукты пастообразные молочные белковые, в том числе термически обработанные после ', 'Tvorog, tvorog massasi, donli tvorog, tvorog, tvorog mahsulotlari, tvorog, ular asosidagi sut aralashmalari, sut albumini va uning asosidagi mahsulotlar, xamirli sut oqsili mahsulotlari, shu jumladan fermentatsiyadan keyin issiqlik bilan ishlov berilgan', 2, NULL, NULL),
                                                                                                (17, 'Молоко, сливки, пахта, сыворотка, молочные составные продукты на их основе концентрированные и сгущенные с сахаром, молоко сгущенное стерилизованное, молочные консервы и молочные составные консервы', 'Sut, qaymoq, ayran, zardob, ular asosida konsentrlangan va shakar bilan quyultirilgan aralash sut mahsulotlari, sterillangan quyultirilgan sut, konservalangan sut va konservalangan sut aralashmasi', 2, NULL, NULL),
                                                                                                (18, 'Продукты молочные, молочные составные сухие, сублимированные (молоко, сливки, кисломолочные продукты, напитки, смеси для мороженого, сыворотка, пахта, обезжиренное молоко)', 'Sut mahsulotlari, quruq, sublimatsiyalangan sut aralashmasi (sut, qaymoq, achitilgan sut mahsulotlari, ichimliklar, muzqaymoq aralashmalari, zardob, sariyog \', yog\'siz sut)', 2, NULL, NULL),
                                                                                                (19, 'Концентраты молочных белков, лактулоза, сахар молочный, казеин, казеинаты, гидролизаты молочных белков', 'Sut oqsili konsentratlari, laktuloza, sut shakari, kazein, kazeinatlar, sut oqsili gidrolizatlari', 2, NULL, NULL),
                                                                                                (20, 'Сыры, сырные продукты: сверхтвердые, твердые, полутвердые, мягкие, сывороточно-альбуминные, плавленые, сухие; сырные пасты, соусы', 'Pishloqlar, pishloq mahsulotlari: o\'ta qattiq, qattiq, yarim qattiq, yumshoq, zardob-albumin, qayta ishlangan, quruq; pishloqli yormalar, soslar', 2, NULL, NULL),
(21, 'Масло, паста масляная из коровьего молока, молочный жир', 'Sariyog \', sigir sutidan yog\' pastasi, sut yog\'i', 2, NULL, NULL),
(22, 'Сливочно-растительный спред, сливочно-растительная топленая смесь', 'Kremsi-sabzavotli yoyilgan, qaymoqli-sabzavotli pishirilgan aralashmasi', 2, NULL, NULL),
(23, 'Мороженое всех видов из молока и на молочной основе', 'Sut va sutga asoslangan barcha turdagi muzqaymoqlar', 2, NULL, NULL),
(24, 'Закваски: заквасочные и пробиотические микроорганизмы для изготовления кисломолочных продуктов, масла кислосливочного, сыров', 'Achitqilar: achitilgan sut mahsulotlari, madaniy sariyog \', pishloqlar ishlab chiqarish uchun boshlang\'ich va probiyotik mikroorganizmlar', 2, NULL, NULL),
(25, 'Питательные среды сухие на молочной основе для культивирования заквасочной, пробиотической микрофлоры', 'Boshlang\'ich, probiyotik mikroflorani etishtirish uchun quruq sutga asoslangan ozuqaviy muhit', 2, NULL, NULL),
(26, 'Молокосвертывающие ферментные препараты', 'Sut ivish fermenti preparatlari', 2, NULL, NULL),
(27, 'Дополнительные показатели для молочной продукции', 'Sut mahsulotlari uchun qo\'shimcha ko\'rsatkichlar', 2, NULL, 1),
(28, 'Кукуруза ', 'Makkajo\'xori', 3, NULL, NULL),
(29, 'Пшеница ', 'Bug`doy', 3, NULL, NULL),
(30, 'Отруби пшеничные ', 'Bug`doy kepagi ', 3, NULL, NULL),
(31, 'Рожь ', 'Javdar', 3, NULL, NULL),
(32, 'Отруби ржаные ', 'Javdar kepagi', 3, NULL, NULL),
(33, 'Тритикале ', 'Tritikale', 3, NULL, NULL),
(34, 'Овес ', 'Jo\'xori', 3, NULL, NULL),
(35, 'Ячмень ', 'Arpa', 3, NULL, NULL),
(36, 'Просо ', 'Tariq', 3, NULL, NULL),
(37, 'Рис ', 'Guruch', 3, NULL, NULL),
(38, 'Сорго ', 'Oq jo`xori', 3, NULL, NULL),
(39, 'Бобы ', 'Бобы (loviya)', 4, NULL, NULL),
(40, 'Горох ', 'No`xat', 4, NULL, NULL),
(41, 'Фасоль ', 'Loviya', 4, NULL, NULL),
(42, 'Нут ', 'Yong\'oq (nut)', 4, NULL, NULL),
(43, 'Чечевица ', 'Yasmiq', 4, NULL, NULL),
(44, 'Маш ', 'Мош', 4, NULL, NULL),
(45, 'Подсолнечник', 'Kungaboqar', 5, NULL, NULL),
(46, 'Соя ', 'Soya', 5, NULL, NULL),
(47, 'Хлопчатник ', 'Chigit', 5, NULL, NULL),
(48, 'Лен ', 'Zig\'ir', 5, NULL, NULL),
(49, 'Рапс ', 'Raps urug\'i', 5, NULL, NULL),
(50, 'Кунжут ', 'Kunjut', 5, NULL, NULL),
(51, 'Арахис ', 'Yer yong`oq', 5, NULL, NULL),
(52, 'Шрот подсолнечный ', 'kungaboqar shroti', 6, NULL, NULL),
(53, 'Жмых подсолнечный', 'kungaboqar jmixi', 6, NULL, NULL),
(54, 'Шрот соевый ', 'Soya shroti', 6, NULL, NULL),
(55, 'Жмых соевый ', 'Soya jmixi', 6, NULL, NULL),
(56, 'Шрот хлопковый ', 'Chigit shroti', 6, NULL, NULL),
(57, 'Жмых  хлопковый', 'Chigit jmixi', 6, NULL, NULL),
(58, 'Шрот арахисовый ', 'Yer yong`oq shroti', 6, NULL, NULL),
(59, 'Жмых арахисов', 'Yer yong`oq jmixi', 6, NULL, NULL),
(60, 'Жмых тыквы ', 'Qovoq jmixi', 6, NULL, NULL),
(61, 'Жмых кунжута ', 'Kunjut jmixi', 6, NULL, NULL),
(62, 'Шрот льняной', 'Jig`ir shroti', 6, NULL, NULL),
(63, 'Жмых льняной', 'Zig\'ir jmixi', 6, NULL, NULL),
(64, 'Шрот рапсовый ', 'Raps shroti', 6, NULL, NULL),
(65, 'Дрожжи кормовые ', 'Ozuqa xamirturush', 6, NULL, NULL),
(66, 'Мука мясо-костная ', 'Suyak uni', 7, NULL, NULL),
(67, 'Мука кровяная', 'Qon uni', 7, NULL, NULL),
(68, 'Мука рыбная из непищевой рыбы ', 'Baliq uni', 7, NULL, NULL),
(69, 'Трикальцийфосфат ', 'Trikalsiyfosfat', 8, NULL, NULL),
(70, 'Дикальций фосфат   ', 'Dikalsiyfosfat', 8, NULL, NULL),
(71, 'Монокальцийфосфат  ', 'Nonokalsiyfosfat', 8, NULL, NULL),
(72, 'Ракушка ', 'Rakushka', 8, NULL, NULL),
(73, 'Известняк', 'Oxak', 8, NULL, NULL),
(74, ' Мел', 'Bo`r', 8, NULL, NULL),
(75, 'Мёд', 'Asal', 9, NULL, NULL);

-- --------------------------------------------------------

--
-- Table structure for table `food_category`
--

CREATE TABLE `food_category` (
  `id` int(11) NOT NULL,
  `name_uz` varchar(255) NOT NULL DEFAULT '',
  `name_ru` varchar(255) NOT NULL DEFAULT ''
) ENGINE=InnoDB DEFAULT CHARSET=utf8mb4;

--
-- Dumping data for table `food_category`
--

INSERT INTO `food_category` (`id`, `name_uz`, `name_ru`) VALUES
(1, 'Gosht va gosht mahsulotlari', 'Мясо и мясо продуктов'),
(2, 'Sut mahsulotlari', 'Малочная продукция '),
(3, 'Don va don mahsulotlari', 'Зерно и зернопродукты '),
(4, 'Dukkalilar', 'Зернобобовые'),
(5, 'Yog`li o`simliklar', 'Масличные культуры'),
(6, 'Ozuqa va ozuqa qo\'shimchalari', 'Корма и кормовые добавки '),
(7, 'Go`shtdan chiqadigan ozuqa', 'Корма мясного прихождения'),
(8, 'Ozuqaga mineral qo\'shimchalar', 'Минеральные добавки корм'),
(9, 'Asal', 'Мед');

-- --------------------------------------------------------

--
-- Table structure for table `food_compose`
--

CREATE TABLE `food_compose` (
                                `id` int(11) NOT NULL,
                                `sample_id` int(11) NOT NULL,
                                `registration_id` int(11) NOT NULL,
                                `status_id` int(11) DEFAULT 0,
                                `ads` varchar(255) DEFAULT NULL
) ENGINE=InnoDB DEFAULT CHARSET=utf8mb4 COMMENT='Fudlarni boglanishi arizaga';

-- --------------------------------------------------------

--
-- Table structure for table `food_group`
--

CREATE TABLE `food_group` (
                              `id` int(11) NOT NULL,
                              `name_ru` varchar(255) NOT NULL DEFAULT '',
                              `name_uz` varchar(255) NOT NULL DEFAULT ''
) ENGINE=InnoDB DEFAULT CHARSET=utf8mb4;

--
-- Dumping data for table `food_group`
--

INSERT INTO `food_group` (`id`, `name_ru`, `name_uz`) VALUES
                                                          (1, 'Токсичные элементы', 'Toksik elementlar'),
                                                          (2, 'Микотоксины ', 'Mikotoksinlar'),
                                                          (3, 'Пестициды', 'Pestitsidlar'),
                                                          (4, 'Радионуклиды', 'Radionuklidlar'),
                                                          (5, 'Антибиотики', 'Antibiotiklar'),
                                                          (6, 'Паразитологические показатели', 'Parazit ko\'rsatkichlar'),
(7, 'Нитриты', 'Nitratlar'),
(8, 'Нитрозамины', 'Nitrozaminlar'),
(9, 'Микробиологические показатели', 'Mikrobiologik ko\'rsatkichlar'),
                                                          (10, 'Физико-химические показатели', 'Fizik-kimyoviy ko`rsatkichlar'),
                                                          (11, 'Уровни остатков антимикробных средств', 'Antimirkrob vositalar qoldiqlari darajalari'),
                                                          (12, 'Уровни остатков антипротозойных средств', 'Antiprotozoy vositalar qoldiqlari darajalari'),
                                                          (13, 'Уровни остатков инсектицидов', 'Insektisidlar qoldiqlari darajalari'),
                                                          (14, 'Ветеринарные лекарственные препараты (мёд)', 'Veterinar dori preparatlari (asal)'),
                                                          (15, 'Органолептические показатели ', 'Organoleptik ko`rsatkichlar'),
                                                          (16, 'Показатель окислительной порчи', 'Oksidlanishning buzilishi ko`rsatkichi');

-- --------------------------------------------------------

--
-- Table structure for table `food_recomendation`
--

CREATE TABLE `food_recomendation` (
                                      `id` int(11) NOT NULL,
                                      `name` varchar(255) NOT NULL DEFAULT '',
                                      `sample_id` int(11) DEFAULT NULL
) ENGINE=InnoDB DEFAULT CHARSET=utf8mb4;

-- --------------------------------------------------------

--
-- Table structure for table `food_registration`
--

CREATE TABLE `food_registration` (
                                     `id` int(11) NOT NULL,
                                     `inn` varchar(255) DEFAULT NULL,
                                     `pnfl` varchar(255) DEFAULT NULL,
                                     `organization_id` int(11) DEFAULT NULL,
                                     `is_research` int(11) DEFAULT NULL,
                                     `code_id` int(11) DEFAULT NULL,
                                     `code` varchar(255) DEFAULT NULL,
                                     `research_category_id` int(11) DEFAULT NULL,
                                     `results_conformity_id` int(11) DEFAULT NULL,
                                     `emp_id` int(11) DEFAULT NULL,
                                     `reg_date` varchar(255) DEFAULT NULL,
                                     `sender_name` varchar(255) DEFAULT NULL,
                                     `sender_phone` varchar(255) DEFAULT NULL,
                                     `created` datetime DEFAULT current_timestamp(),
                                     `updated` datetime DEFAULT current_timestamp() ON UPDATE current_timestamp(),
                                     `ads` varchar(255) DEFAULT NULL,
                                     `status_id` int(11) DEFAULT 0,
                                     `res` varchar(255) DEFAULT NULL,
                                     `res_id` int(11) DEFAULT NULL
) ENGINE=InnoDB DEFAULT CHARSET=utf8mb4;

--
-- Dumping data for table `food_registration`
--

INSERT INTO `food_registration` (`id`, `inn`, `pnfl`, `organization_id`, `is_research`, `code_id`, `code`, `research_category_id`, `results_conformity_id`, `emp_id`, `reg_date`, `sender_name`, `sender_phone`, `created`, `updated`, `ads`, `status_id`, `res`, `res_id`) VALUES
                                                                                                                                                                                                                                                                                (33, NULL, '30507903120132', 1, 1, 1, '22-2-001-1', 1, 1, 1, NULL, 'Umidbek Jumaniyazov', '(99)-967-0395', '2022-10-29 15:38:49', '2022-11-22 11:44:49', NULL, 3, 'M/001-1', 1),
                                                                                                                                                                                                                                                                                (34, NULL, '31909955430035', 1, 1, 2, '22-2-001-2', 1, NULL, 1, NULL, 'Toshpulatov Azamat', '(12)-345-6789', '2022-11-25 09:20:59', '2022-11-25 09:22:05', NULL, 2, NULL, NULL),
                                                                                                                                                                                                                                                                                (35, NULL, '31909955430035', 1, 1, 3, '22-2-001-3', 1, NULL, 1, NULL, 'Toshpulatov Azamat', '(12)-345-6789', '2022-11-25 11:21:46', '2022-11-25 12:24:53', NULL, 2, NULL, NULL),
                                                                                                                                                                                                                                                                                (36, NULL, '31909955430035', 1, 1, 4, '22-2-001-4', 1, NULL, 1, NULL, 'Toshpulatov Azamat', '(12)-345-6789', '2022-11-25 12:20:49', '2022-11-25 12:25:27', NULL, 2, NULL, NULL),
                                                                                                                                                                                                                                                                                (37, NULL, '31909955430035', 1, 1, 5, '22-2-001-5', 1, NULL, 1, NULL, 'Toshpulatov Azamat', '(12)-345-6789', '2022-11-27 23:02:13', '2022-11-27 23:03:42', NULL, 2, NULL, NULL),
                                                                                                                                                                                                                                                                                (38, NULL, '31909955430035', 1, 1, 6, '22-2-001-6', 1, 1, 1, NULL, 'Saidov', '(12)-345-6789', '2022-11-28 00:37:05', '2022-11-28 01:20:52', NULL, 4, NULL, NULL),
                                                                                                                                                                                                                                                                                (39, NULL, '31512620270065', 1, 1, 7, '22-2-001-7', 1, 2, NULL, NULL, 'Абдрахмон', '(99)-999-9999', '2022-11-28 11:41:15', '2022-11-28 18:00:07', NULL, 3, 'M/001-2', 2),
                                                                                                                                                                                                                                                                                (40, NULL, '31909955430035', 1, 1, 8, '22-2-001-8', 1, 1, NULL, NULL, 'dgdfgdgdfgdf', '(99)-999-9999', '2022-11-30 16:37:04', '2022-12-02 23:43:05', NULL, 4, 'M/001-3', 3),
                                                                                                                                                                                                                                                                                (41, NULL, '42804841110025', 1, 1, 9, '22-2-001-9', 2, NULL, 1, NULL, 'Tursunova Gulchexra', '(90)-806-5823', '2022-12-02 17:24:27', '2022-12-02 23:29:01', NULL, 3, 'M/001-4', 4),
                                                                                                                                                                                                                                                                                (42, NULL, '42804841110025', 1, 1, 10, '22-2-001-10', 2, NULL, NULL, NULL, 'Tursunova Gulchexra', '(90)-806-5823', '2022-12-02 17:24:29', '2022-12-02 17:24:29', NULL, 1, NULL, NULL),
                                                                                                                                                                                                                                                                                (43, NULL, '42804841110025', 1, 1, 11, '22-2-001-11', 2, NULL, NULL, NULL, 'Safarov Nurmuhammad', '(99)-676-1111', '2022-12-02 23:13:03', '2022-12-02 23:13:03', NULL, 1, NULL, NULL),
                                                                                                                                                                                                                                                                                (44, NULL, '42804841110025', 1, 1, 12, '22-2-001-12', 2, NULL, NULL, NULL, 'Safarov Nurmuhammad', '(99)-676-1111', '2022-12-02 23:14:38', '2022-12-02 23:14:38', NULL, 1, NULL, NULL),
                                                                                                                                                                                                                                                                                (45, NULL, '42804841110025', 1, 0, 13, '22-2-001-13', 2, NULL, 1, NULL, 'Tursunova Gulchexra', '(90)-000-0000', '2022-12-03 16:57:25', '2022-12-03 20:02:32', NULL, 3, 'M/001-5', 5);

-- --------------------------------------------------------

--
-- Table structure for table `food_route`
--

CREATE TABLE `food_route` (
                              `id` int(11) NOT NULL,
                              `director_id` int(11) DEFAULT NULL,
                              `leader_id` int(11) DEFAULT NULL,
                              `executor_id` int(11) DEFAULT NULL,
                              `deadline` date DEFAULT NULL,
                              `ads` varchar(255) DEFAULT NULL,
                              `state_id` int(11) DEFAULT 1,
                              `created` datetime DEFAULT current_timestamp(),
                              `updated` datetime DEFAULT current_timestamp() ON UPDATE current_timestamp(),
                              `sample_id` int(11) DEFAULT NULL,
                              `registration_id` int(11) DEFAULT NULL,
                              `status_id` int(11) DEFAULT 1,
                              `vet4` varchar(8) DEFAULT NULL,
                              `sample_type_id` int(11) DEFAULT NULL,
                              `is_group` int(11) NOT NULL DEFAULT 0
) ENGINE=InnoDB DEFAULT CHARSET=utf8mb4 COMMENT='Mahsulot ekspertizasi uchun arizalarni yuborilishi';

-- --------------------------------------------------------

--
-- Table structure for table `food_samples`
--

CREATE TABLE `food_samples` (
                                `id` int(11) NOT NULL,
                                `samp_code` varchar(255) DEFAULT NULL COMMENT 'Namunaning raqami toliq',
                                `samp_id` int(11) DEFAULT NULL COMMENT 'namunaning raqami faqat son',
                                `sert_id` int(11) DEFAULT NULL COMMENT 'namunaning food_sample_sertification idsi',
                                `unit_id` int(11) DEFAULT NULL COMMENT 'birligi',
                                `count` int(11) DEFAULT NULL COMMENT 'soni',
                                `sample_box_id` int(11) DEFAULT NULL,
                                `sample_condition_id` int(11) DEFAULT NULL,
                                `total_amount` varchar(255) DEFAULT NULL,
                                `verification_sample` tinyint(1) DEFAULT NULL,
                                `producer` varchar(255) DEFAULT NULL,
                                `serial_num` varchar(255) DEFAULT NULL,
                                `manufacture_date` date DEFAULT NULL,
                                `sell_by` date DEFAULT NULL COMMENT 'yaroqlilik muddati',
                                `coments` varchar(255) DEFAULT NULL,
                                `laboratory_test_type_id` int(11) DEFAULT NULL,
                                `created` datetime DEFAULT current_timestamp(),
                                `updated` datetime DEFAULT current_timestamp() ON UPDATE current_timestamp(),
                                `status_id` int(11) DEFAULT 0,
                                `state_id` int(11) DEFAULT 1,
                                `_country` int(11) DEFAULT NULL,
                                `emp_id` int(11) DEFAULT NULL,
                                `is_group` int(11) DEFAULT 0,
                                `food_id` int(11) DEFAULT NULL,
                                `category_id` int(11) DEFAULT NULL
) ENGINE=InnoDB DEFAULT CHARSET=utf8mb4 COMMENT='oziq ovqat ekspertizasi uchun namunalar';

-- --------------------------------------------------------

--
-- Table structure for table `food_sampling_certificate`
--

CREATE TABLE `food_sampling_certificate` (
                                             `id` int(11) NOT NULL,
                                             `code` varchar(255) COLLATE utf8mb4_unicode_ci DEFAULT NULL,
                                             `food_id` int(11) DEFAULT NULL,
                                             `inn` varchar(255) COLLATE utf8mb4_unicode_ci DEFAULT NULL,
                                             `pnfl` varchar(255) COLLATE utf8mb4_unicode_ci DEFAULT NULL,
                                             `sampling_soato` int(11) DEFAULT NULL,
                                             `sampling_site` int(11) DEFAULT NULL,
                                             `sampling_adress` varchar(255) COLLATE utf8mb4_unicode_ci DEFAULT NULL,
                                             `sampler_person_pnfl` varchar(255) COLLATE utf8mb4_unicode_ci DEFAULT NULL,
                                             `sampler_person_inn` varchar(255) COLLATE utf8mb4_unicode_ci DEFAULT NULL,
                                             `verification_pupose_id` int(11) DEFAULT NULL,
                                             `sampling_date` date DEFAULT NULL,
                                             `send_sample_date` date DEFAULT NULL,
                                             `based_public_information` tinyint(1) DEFAULT NULL,
                                             `message_number` int(11) DEFAULT NULL,
                                             `created` datetime DEFAULT current_timestamp(),
                                             `updated` datetime DEFAULT current_timestamp() ON UPDATE current_timestamp(),
                                             `explanations` varchar(255) COLLATE utf8mb4_unicode_ci DEFAULT NULL,
                                             `status_id` int(11) DEFAULT 0,
                                             `state_id` int(11) DEFAULT 1,
                                             `sert_date` date NOT NULL DEFAULT current_timestamp(),
                                             `sert_number` varchar(255) COLLATE utf8mb4_unicode_ci NOT NULL,
                                             `sampler_name` varchar(255) COLLATE utf8mb4_unicode_ci NOT NULL,
                                             `sampler_position` varchar(255) COLLATE utf8mb4_unicode_ci NOT NULL
) ENGINE=InnoDB DEFAULT CHARSET=utf8mb4 COLLATE=utf8mb4_unicode_ci;

-- --------------------------------------------------------

--
-- Table structure for table `goverments`
--

CREATE TABLE `goverments` (
                              `id` int(11) NOT NULL,
                              `name_uz` varchar(255) COLLATE utf8mb4_unicode_ci NOT NULL DEFAULT '',
                              `name_ru` varchar(255) COLLATE utf8mb4_unicode_ci NOT NULL DEFAULT '',
                              `code` int(11) DEFAULT NULL
) ENGINE=InnoDB DEFAULT CHARSET=utf8mb4 COLLATE=utf8mb4_unicode_ci;

--
-- Dumping data for table `goverments`
--

INSERT INTO `goverments` (`id`, `name_uz`, `name_ru`, `code`) VALUES
                                                                  (1, 'Rahbariyat', 'Rahbariyat', NULL),
                                                                  (2, 'Bakteriologiya, parazitalogiya va mikologiya laboratoriyasi', 'Bakteriologiya, parazitalogiya va mikologiya laboratoriyasi', NULL),
                                                                  (3, 'Toksikologiya laboratoriyasi', 'Toksikologiya laboratoriyasi', NULL),
                                                                  (4, 'Virusologiya laboratoriyasi', 'Virusologiya laboratoriyasi', NULL),
                                                                  (5, 'Radiologiya laboratoriyasi', 'Radiologiya laboratoriyasi', NULL),
                                                                  (6, 'Serologiya va bioximiya laboratoriyasi', 'Serologiya va bioximiya laboratoriyasi', NULL),
                                                                  (7, 'Ozuqaviy muxitlarni tayyorlash boʼlimi', 'Ozuqaviy muxitlarni tayyorlash boʼlimi', NULL),
                                                                  (8, 'Аsalari, baliq va quyon kasalliklari laboratoriyasi', 'Аsalari, baliq va quyon kasalliklari laboratoriyasi', NULL),
                                                                  (9, 'Immuno-ferment taxlil va polimeraz-zanjir reaktsiya laboratoriyasi', 'Immuno-ferment taxlil va polimeraz-zanjir reaktsiya laboratoriyasi', NULL),
                                                                  (10, 'Oziq-ovqat maxsulotlari xavfsizligi, mikrobiologiya va veteriniriya-sanitariya ekspertiza laboratoriyasi', 'Oziq-ovqat maxsulotlari xavfsizligi, mikrobiologiya va veteriniriya-sanitariya ekspertiza laboratoriyasi', NULL),
                                                                  (11, 'Tekshirish uchun naʼmunalarni qabul qilish shoʼbasi', 'Tekshirish uchun naʼmunalarni qabul qilish shoʼbasi', NULL),
                                                                  (12, 'Чорва моллари, паррандалар ва балиқлар озуқаси таркибини тахлил қилиш лабораторияси ', 'Лаборатория анализа состава кормов для скота, птицы и рыбы', NULL);

-- --------------------------------------------------------

--
-- Table structure for table `individuals`
--

CREATE TABLE `individuals` (
                               `pnfl` varchar(255) COLLATE utf8mb4_unicode_ci NOT NULL DEFAULT '',
                               `name` varchar(255) COLLATE utf8mb4_unicode_ci DEFAULT NULL,
                               `surname` varchar(255) COLLATE utf8mb4_unicode_ci DEFAULT NULL,
                               `middlename` varchar(255) COLLATE utf8mb4_unicode_ci DEFAULT NULL,
                               `soato_id` int(11) DEFAULT NULL,
                               `adress` varchar(255) COLLATE utf8mb4_unicode_ci DEFAULT NULL,
                               `passport` varchar(255) COLLATE utf8mb4_unicode_ci DEFAULT NULL
) ENGINE=InnoDB DEFAULT CHARSET=utf8mb4 COLLATE=utf8mb4_unicode_ci;

--
-- Dumping data for table `individuals`
--

INSERT INTO `individuals` (`pnfl`, `name`, `surname`, `middlename`, `soato_id`, `adress`, `passport`) VALUES
                                                                                                          ('30106932710257', 'SHERZOD', 'RASULOV', 'NORMAXMAT O‘G‘LI', 1710250563, '43 uy', 'AA9424968'),
                                                                                                          ('30111693680026', 'KAXRAMAN', 'XUSHVAXTOV', 'BABAKANDOVICH', NULL, 'шаландин 52', 'AD0738427'),
                                                                                                          ('30305006380017', 'SARDOR', 'BOYBUTAYEV', 'UMIRQUL O‘G‘LI', 1724228805, 'Bek ', 'AB6190322'),
                                                                                                          ('30507903120132', 'ADHAM', 'AVAZBOYEV', 'SHAVKATOVICH', 1733223551, 'manzil', 'AB0329858'),
                                                                                                          ('30707746560016', 'DIYAR', 'NURMATOV', 'TURSUNOVICH', 1718209833, 'МАНЗИЛ(поля) Тошкент-', 'AD1026110'),
                                                                                                          ('31003953120018', 'DILMUROD', 'ALLABERGENOV', 'YULDASH O‘G‘LI', 1733223551, 'test', 'AC1519650'),
                                                                                                          ('31312946360017', 'RUSTAMJON', 'ABDUXAKIMOV', 'NABIJON O‘G‘LI', NULL, '', 'AA0148445'),
                                                                                                          ('31512620270065', 'ABDURAXMAN', 'XUNDIBAYEV', 'MALIKOVICH', 1733223551, 'ccccccc', 'AD0848707'),
                                                                                                          ('31512650270065', 'AAAAAAAAAAAAAAAAAA', 'BBBBBBBBBBBBBB', 'OOOOOOOOOOOOO', 1727206501, 'оодолододод', 'ad0848707'),
                                                                                                          ('31909955430035', 'AZAMAT', 'TOSHPULATOV', 'DAVRON O‘G‘LI', NULL, 'ko\'kdala 1 uy', 'AA2680206'),
('32208943940037', 'ALISHER', 'NEMATOV', 'ILXOMOVICH', 1718224866, ' Baxrin MFY Baxrin Qishlog\'i 184-uy', 'AA2143341'),
                                                                                                          ('32408910560084', 'ABDURAUF', 'YUSUBAXMEDOV', 'ABDURAXIM O‘G‘LI', NULL, 'Qibray tumani ', 'AA2447637'),
                                                                                                          ('33108810660015', 'ABRAR', 'AKBAROV', 'AKMALOVICH', NULL, '', 'AA1036802'),
                                                                                                          ('42804841110025', 'GULCHEXRA', 'TURSUNOVA', 'ERKINOVNA', NULL, '2/30', 'AB6697903'),
                                                                                                          ('50305006380017', 'SARDOR', 'BOYBUTAYEV', 'UMIRQUL O‘G‘LI', 1724228805, 'Bek ', 'AB6190322'),
                                                                                                          ('52505046530010', 'NURMUXAMMAD', 'SAFAROV', 'SHERZODOVICH', NULL, '8 kv', 'AC2910335');

-- --------------------------------------------------------

--
-- Table structure for table `laboratory_test_type`
--

CREATE TABLE `laboratory_test_type` (
                                        `id` int(11) NOT NULL,
                                        `name_uz` varchar(100) NOT NULL,
                                        `name_ru` varchar(255) NOT NULL,
                                        `code` int(11) NOT NULL
) ENGINE=InnoDB DEFAULT CHARSET=utf8mb4;

--
-- Dumping data for table `laboratory_test_type`
--

INSERT INTO `laboratory_test_type` (`id`, `name_uz`, `name_ru`, `code`) VALUES
    (1, 'тадкикот-01', 'исл-01', 1);

-- --------------------------------------------------------

--
-- Table structure for table `legal_entities`
--

CREATE TABLE `legal_entities` (
                                  `inn` varchar(255) COLLATE utf8mb4_unicode_ci NOT NULL DEFAULT '',
                                  `name` varchar(255) COLLATE utf8mb4_unicode_ci DEFAULT NULL,
                                  `tshx_id` int(11) NOT NULL,
                                  `soogu` varchar(255) COLLATE utf8mb4_unicode_ci DEFAULT NULL,
                                  `soato_id` int(11) DEFAULT NULL,
                                  `status_id` int(11) DEFAULT NULL
) ENGINE=InnoDB DEFAULT CHARSET=utf8mb4 COLLATE=utf8mb4_unicode_ci;

--
-- Dumping data for table `legal_entities`
--

INSERT INTO `legal_entities` (`inn`, `name`, `tshx_id`, `soogu`, `soato_id`, `status_id`) VALUES
                                                                                              ('123456789', 'tashkilot nomi', 1, 'Manzil', 1733223551, 1),
                                                                                              ('201352893', 'KOMPYUTER-OSIYOILMIY-TEXNIKA PARKI MCHJ', 1, NULL, NULL, 1),
                                                                                              ('305634884', 'GEOMAX PLUS МЧЖ', 1, NULL, 1733220830, 1),
                                                                                              ('306922184', 'MILLION DASTUR OK', 1, NULL, 1733223551, 1),
                                                                                              ('307203793', 'UMDSOFT MCHJ', 1, NULL, 1733223551, 1),
                                                                                              ('546546546', 'эжэжжэ', 1, 'garasha', 1708235890, NULL),
                                                                                              ('908462104', 'Test korxona', 1, 'Test manzil', 1733204551, NULL);

-- --------------------------------------------------------

--
-- Table structure for table `message`
--

CREATE TABLE `message` (
                           `id` int(11) NOT NULL,
                           `language` varchar(16) COLLATE utf8_unicode_ci NOT NULL,
                           `translation` text COLLATE utf8_unicode_ci DEFAULT NULL
) ENGINE=InnoDB DEFAULT CHARSET=utf8 COLLATE=utf8_unicode_ci;

--
-- Dumping data for table `message`
--

INSERT INTO `message` (`id`, `language`, `translation`) VALUES
                                                            (1, 'oz', 'Namunalar ro\'yhati'),
(1, 'ru', 'Список образцов'),
(1, 'uz', 'Namunalar ro`yhati'),
(2, 'oz', 'ИД'),
(2, 'ru', 'ИД'),
(2, 'uz', 'ID'),
(3, 'oz', 'Direktor'),
(3, 'ru', 'Директора'),
(3, 'uz', 'Direktor'),
(4, 'oz', 'Labaratoriya mudiri'),
(4, 'ru', 'Заведующий лабораторией'),
(4, 'uz', 'Labaratoriya mudiri'),
(5, 'oz', 'Bajaruvchi'),
(5, 'ru', 'Исполнитель'),
(5, 'uz', 'Bajaruvchi'),
(6, 'oz', 'Muddat'),
(6, 'ru', 'Срок'),
(6, 'uz', 'Muddat'),
(7, 'oz', 'Izoh'),
(7, 'ru', 'Примечание'),
(7, 'uz', 'Izoh'),
(8, 'oz', 'Holat'),
(8, 'ru', 'Состояние'),
(8, 'uz', 'Holat'),
(9, 'oz', 'Яратилди'),
(9, 'ru', 'Создано'),
(9, 'uz', 'Yaratildi'),
(10, 'oz', 'Ўзгартирилди'),
(10, 'ru', 'Изменено'),
(10, 'uz', 'O`zgartirildi'),
(11, 'oz', 'Namuna'),
(11, 'ru', 'Образец'),
(11, 'uz', 'Namuna'),
(12, 'oz', 'Ariza'),
(12, 'ru', 'Заявление'),
(12, 'uz', 'Ariza'),
(13, 'oz', 'Статус'),
(13, 'ru', 'Статус'),
(13, 'uz', 'Status'),
(14, 'uz', 'ID'),
(15, 'oz', 'Код'),
(15, 'ru', 'Код'),
(15, 'uz', 'Kod'),
(16, 'oz', 'Намуна белгиси'),
(16, 'ru', 'Образец знака'),
(16, 'uz', 'Namuna belgisi'),
(17, 'oz', 'Намуна тури'),
(17, 'ru', 'Тип образца'),
(17, 'uz', 'Namuna turi'),
(18, 'oz', 'Намуна ўрами'),
(18, 'ru', 'Образец упаковки'),
(18, 'uz', 'Namuna o`rami'),
(19, 'oz', 'Ҳайвон'),
(19, 'ru', 'Животное'),
(19, 'uz', 'Hayvon'),
(20, 'oz', 'Далолатнома рақами'),
(20, 'ru', 'Номер акта'),
(20, 'uz', 'Dalolatnoma raqami'),
(21, 'oz', 'Гумонланган касаллик'),
(21, 'ru', 'Предполагаемая болезнь'),
(21, 'uz', 'Gumonlangan kasallik'),
(22, 'oz', 'Таҳлил усули'),
(22, 'ru', 'Метод анализа'),
(22, 'uz', 'Tahlil usuli'),
(23, 'oz', 'Масъул шахс'),
(23, 'ru', 'Ответственное лицо'),
(23, 'uz', 'Mas\'ul shaxs'),
(24, 'oz', 'Такрорий таҳлил'),
(24, 'ru', 'Повторный анализ'),
(24, 'uz', 'Takroriy tahlil'),
(25, 'uz', 'Status'),
(26, 'oz', 'Holati:'),
(26, 'ru', 'Состояние:'),
(26, 'uz', 'Holati:'),
(27, 'oz', 'Jinsi:'),
(27, 'ru', 'Jinsi:'),
(27, 'uz', 'Jinsi:'),
(28, 'oz', 'Tug\'ilgan sanasi:'),
(28, 'ru', 'Tug\'ilgan sanasi:'),
(28, 'uz', 'Tug\'ilgan sanasi:'),
(29, 'uz', 'ID'),
(30, 'oz', 'Raqami'),
(30, 'ru', 'Биография'),
(30, 'uz', 'Raqami'),
(31, 'oz', 'Code ID'),
(31, 'ru', 'Code ID'),
(31, 'uz', 'Code ID'),
(32, 'oz', 'Xona tempraturasi'),
(32, 'ru', 'Xona tempraturasi'),
(32, 'uz', 'Xona tempraturasi'),
(33, 'oz', 'Xona namligi'),
(33, 'ru', 'Xona namligi'),
(33, 'uz', 'Xona namligi'),
(34, 'oz', 'Reaktiv nomi'),
(34, 'ru', 'Reaktiv nomi'),
(34, 'uz', 'Reaktiv nomi'),
(35, 'oz', 'Reaktiv seriyasi'),
(35, 'ru', 'Reaktiv seriyasi'),
(35, 'uz', 'Reaktiv seriyasi'),
(36, 'uz', 'Shartoit'),
(37, 'oz', 'Test tugash vaqti'),
(37, 'ru', 'Test tugash vaqti'),
(37, 'uz', 'Test tugash vaqti'),
(38, 'uz', 'Izoh'),
(39, 'oz', 'Labarant'),
(39, 'ru', 'Labarant'),
(39, 'uz', 'Labarant'),
(40, 'oz', 'Tasdiqladi'),
(40, 'ru', 'Tasdiqladi'),
(40, 'uz', 'Tasdiqladi'),
(41, 'uz', 'Yaratildi'),
(42, 'uz', 'O\'zgartirildi'),
(43, 'oz', 'Holati'),
(43, 'ru', 'Holati'),
(43, 'uz', 'Holati'),
(44, 'oz', 'Parametr nomi'),
(44, 'ru', 'Parametr nomi'),
(44, 'uz', 'Parametr nomi'),
(45, 'oz', 'Birliki'),
(45, 'ru', 'Birliki'),
(45, 'uz', 'Birliki'),
(46, 'oz', 'Maksimal-minimal oraliq'),
(46, 'ru', 'Maksimal-minimal oraliq'),
(46, 'uz', 'Maksimal-minimal oraliq'),
(47, 'oz', 'Qiymat'),
(47, 'ru', 'Qiymat'),
(47, 'uz', 'Qiymat'),
(48, 'oz', 'Emlashga aloqadorligi'),
(48, 'ru', 'Emlashga aloqadorligi'),
(48, 'uz', 'Emlashga aloqadorligi'),
(49, 'oz', 'Natija'),
(49, 'ru', 'Natija'),
(49, 'uz', 'Natija'),
(50, 'oz', 'Тури'),
(50, 'ru', 'Верхний'),
(50, 'uz', 'Turi'),
(51, 'oz', 'Shablon'),
(51, 'ru', 'Shablon'),
(51, 'uz', 'Shablon'),
(52, 'oz', 'Natijani kiriting'),
(52, 'ru', 'Natijani kiriting'),
(52, 'uz', 'Natijani kiriting'),
(53, 'oz', 'Ҳайвон касалликлари ташҳиси'),
(53, 'ru', 'Диагностика болезней животных'),
(53, 'uz', 'Hayvon kasalliklari tashhisi'),
(54, 'oz', 'Oziq-ovqat havsizligi'),
(54, 'ru', 'Пищевая непереносимость'),
(54, 'uz', 'Oziq-ovqat havsizligi'),
(55, 'oz', 'Tizimga kirish'),
(55, 'ru', 'Вход в систему'),
(56, 'oz', 'Hayvon kasalliklari tashhisi va oziq-ovqat xavfsizligiga oid laboratoriya tekshiruvlari Yagona elektron ma\'lumotlar bazasini yurishish tizimi (VIS-Sayyor)'),
(56, 'ru', 'Лабораторные исследования по диагностике болезней животных и безопасности пищевых продуктов Единая электронная система баз данных (VIS-Planetor)'),
(57, 'oz', 'Boshqaruv tizimiga xush kelibsiz!'),
(57, 'ru', 'Добро пожаловать в систему управления!'),
(58, 'oz', 'Email'),
(58, 'ru', 'Эмиль'),
(59, 'oz', 'Parol'),
(59, 'ru', 'Пароль'),
(60, 'oz', 'Kirish'),
(60, 'ru', 'Введение'),
(61, 'oz', 'Axborot tizimini yaratish Yevropa Ittifoqi tomonidan moliyalashtirilgan'),
(61, 'ru', 'Создание информационной системы финансируется Европейским Союзом'),
(62, 'ru', 'Переводы'),
(62, 'uz', 'Tarjimalar'),
(63, 'oz', 'Бош саҳифа'),
(63, 'ru', 'Домашняя страница'),
(63, 'uz', 'Bosh sahifa'),
(64, 'oz', 'Далолатномалар'),
(64, 'ru', 'Акты'),
(64, 'uz', 'Dalolatnomalar'),
(65, 'oz', 'Маълумотнома'),
(65, 'ru', 'Справка'),
(65, 'uz', 'Ma\'lumotnoma'),
(66, 'oz', 'Ички'),
(66, 'ru', 'Внутренние'),
(66, 'uz', 'Ichki'),
(67, 'oz', 'Ташқи'),
(67, 'ru', 'Внешний'),
(67, 'uz', 'Tashqi'),
(68, 'oz', 'Шаблонлар'),
(68, 'ru', 'Шаблоны'),
(68, 'uz', 'Shablonlar'),
(69, 'oz', 'Контрагентлар'),
(69, 'ru', 'Контрагенты'),
(69, 'uz', 'Kontragentlar'),
(70, 'oz', 'Юридик шахслар'),
(70, 'ru', 'Юридические лица'),
(70, 'uz', 'Yuridik shaxslar'),
(71, 'oz', 'Жисмоний шахслар'),
(71, 'ru', 'Физические лица'),
(71, 'uz', 'Jismoniy shaxslar'),
(72, 'oz', 'Созламалар'),
(72, 'ru', 'Настройки'),
(72, 'uz', 'Sozlamalar'),
(73, 'oz', 'Фойдаланувчилар'),
(73, 'ru', 'Пользователи'),
(73, 'uz', 'Foydalanuvchilar'),
(74, 'oz', 'Лавозимлар рўйҳати'),
(74, 'ru', 'Перечень должностей'),
(74, 'uz', 'Lavozimlar ro\'yhati'),
(75, 'oz', 'Фойдаланувчилар ҳуқуқлари'),
(75, 'ru', 'Права пользователей'),
(75, 'uz', 'Foydalanuvchilar huquqlari'),
(76, 'oz', 'Ташкилотлар'),
(76, 'ru', 'Организации'),
(76, 'uz', 'Tashkilotlar'),
(77, 'oz', 'Ташкилот турлари'),
(77, 'ru', 'Виды организаций'),
(77, 'uz', 'Tashkilot turlari'),
(78, 'uz', 'Tarjimalar'),
(79, 'uz', 'Bosh sahifa'),
(80, 'uz', 'Dalolatnomalar'),
(81, 'uz', 'Ma\'lumotnoma'),
(82, 'uz', 'Ichki'),
(83, 'uz', 'Tashqi'),
(84, 'uz', 'Shablonlar'),
(85, 'uz', 'Kontragentlar'),
(86, 'uz', 'Yuridik shaxslar'),
(87, 'uz', 'Jismoniy shaxslar'),
(88, 'uz', 'Sozlamalar'),
(89, 'uz', 'Foydalanuvchilar'),
(90, 'uz', 'Lavozimlar ro\'yhati'),
(91, 'uz', 'Foydalanuvchilar huquqlari'),
(92, 'uz', 'Tashkilotlar'),
(93, 'uz', 'Tashkilot turlari'),
(94, 'ru', 'Запрошенная страница недоступна.'),
(95, 'oz', 'Аризалар рўйҳати'),
(95, 'ru', 'Список приложений'),
(96, 'oz', 'Hayvon kasalliklari tashhilari'),
(96, 'ru', 'Диагнозы болезней животных'),
(97, 'oz', 'Озиқ-овқат експертизалари'),
(97, 'ru', 'Пищевые экспертизы'),
(98, 'oz', 'Muvvofaqiyatli'),
(98, 'ru', 'Успешно'),
(99, 'oz', 'Ҳайвон касалликлари ташҳиси бўйича намуна олиш далолатномалари'),
(99, 'ru', 'Акты отбора проб для диагностики заболеваний животных'),
(100, 'oz', 'Далолатнома қўшиш'),
(100, 'ru', 'Добавление акта'),
(101, 'oz', 'Далолатнома'),
(101, 'ru', 'Акт'),
(102, 'oz', 'Далолатнома рақами(Қоғоздаги ёки регистондаги)'),
(102, 'ru', 'Номер акта(на бумажном носителе или в регистре)'),
(103, 'oz', 'Сана'),
(103, 'ru', 'Sana'),
(104, 'oz', 'ПНФЛ'),
(104, 'ru', 'PNFL'),
(105, 'oz', 'Егаси'),
(105, 'ru', 'Владелец'),
(106, 'oz', 'Ҳайвон егаси'),
(106, 'ru', 'Владелец животного'),
(107, 'oz', 'Вет участка'),
(107, 'ru', 'Ветеринарная участница'),
(108, 'oz', 'Operator'),
(108, 'ru', 'Оператор'),
(109, 'oz', 'ИНН(СТИР)'),
(109, 'ru', 'ГОСТИНИЦА(ПЕРЕМЕШАТЬ)INN(STIR)'),
(110, 'oz', 'Вилоят'),
(110, 'ru', 'Регион'),
(111, 'oz', 'Туман'),
(111, 'ru', 'Туман'),
(112, 'oz', 'ҚФИ'),
(112, 'ru', 'QFI'),
(113, 'oz', 'Лавозим'),
(113, 'ru', 'Должность'),
(114, 'oz', 'Намуна олган шахс'),
(114, 'ru', 'Лицо, взявшее образец'),
(115, 'oz', 'Номи'),
(115, 'ru', 'Название'),
(116, 'oz', 'СТИР(ИНН)'),
(116, 'ru', 'ПЕРЕМЕШАТЬ(ИНН)'),
(117, 'oz', 'JSH SHIR(PINFL)'),
(117, 'ru', 'JSH SHIR(PINFL)'),
(118, 'oz', 'Passport'),
(118, 'ru', 'Паспорт'),
(119, 'oz', 'Kontragent turi'),
(119, 'ru', 'Тип контрагента'),
(120, 'oz', 'Pasport seriya raqami'),
(120, 'ru', 'Серийный номер паспорта'),
(121, 'oz', 'Yuridik shaxs ma\'lumotlari'),
(121, 'ru', 'Данные юридического лица'),
(122, 'oz', 'ТШХ'),
(122, 'ru', 'ТШХ'),
(123, 'oz', 'Манзил'),
(123, 'ru', 'Адрес'),
(124, 'oz', 'SOATO'),
(124, 'ru', 'Soato'),
(125, 'oz', 'O\'zgartirish'),
(125, 'ru', 'Изменить'),
(126, 'oz', 'Arizani yuborish'),
(126, 'ru', 'Подача заявки'),
(127, 'oz', 'Umumiy {n} ta namuna. Shundan {m} tasiga ariza berilmagan'),
(127, 'ru', 'Общая {n} выборка. Из них {m} не было подано заявки'),
(128, 'oz', 'Arizani kuzatish'),
(128, 'ru', 'Отслеживание приложений'),
(129, 'oz', 'Маҳсулот експертизаси учун намума олиш далолатномалари'),
(129, 'ru', 'Акты отбора проб для экспертизы продукции'),
(130, 'oz', 'Export'),
(130, 'ru', 'Экспорт'),
(131, 'oz', 'Excel'),
(131, 'ru', 'Excel'),
(132, 'oz', 'Пдф'),
(132, 'ru', 'Пдф'),
(133, 'oz', 'Буюртмачи'),
(133, 'ru', 'Заказчик'),
(134, 'oz', 'Намуна олувчи'),
(134, 'ru', 'Образец'),
(135, 'oz', 'Озиқ-овқат ИД'),
(135, 'ru', 'Идентификатор продукта питания'),
(136, 'oz', 'JSHSHIR(PNFL)'),
(136, 'ru', 'JSHSHIR(PNFL)'),
(137, 'oz', 'Намуна берувчи вет учаска'),
(137, 'ru', 'Образец: вет триска'),
(138, 'oz', 'Намуна олиш манзил'),
(138, 'ru', 'Адрес выборки'),
(139, 'oz', 'STIR(PNFL)'),
(139, 'ru', 'STIR(PNFL)'),
(140, 'oz', 'Намунани текширтиришдан мақсад'),
(140, 'ru', 'Цель проверки образца'),
(141, 'oz', 'Намуна олиш санаси'),
(141, 'ru', 'Дата выборки'),
(142, 'oz', 'Намуна юборилган сана'),
(142, 'ru', 'Дата отгрузки образца'),
(143, 'oz', 'Хабар асосида тузилган'),
(143, 'ru', 'Структурированный на основе сообщения'),
(144, 'oz', 'Намунани юбориш шароити'),
(144, 'ru', 'Условия отправки образцов'),
(145, 'oz', 'Хабар рақами'),
(145, 'ru', 'Номер сообщения'),
(146, 'oz', 'Йўқ'),
(146, 'ru', 'Нет'),
(147, 'oz', 'Ҳа'),
(147, 'ru', 'да'),
(148, 'oz', 'Dalolatnomalar ro\'yhati'),
(148, 'ru', 'Перечень актов'),
(149, 'oz', 'Юборувчи'),
(149, 'ru', 'Отправитель'),
(150, 'oz', 'Шошилинч текширув'),
(150, 'ru', 'Срочное обследование'),
(151, 'oz', 'Текширув тури'),
(151, 'ru', 'Тип проверки'),
(152, 'oz', 'Талабларнинг натижага мувофиқлиги'),
(152, 'ru', 'Соответствие требований результату'),
(153, 'oz', 'Текширувчи ташкилот'),
(153, 'ru', 'Надзорная организация'),
(154, 'oz', 'Регистратор'),
(154, 'ru', 'Архивариус'),
(155, 'oz', 'Рўйҳатга олинган сана'),
(155, 'ru', 'Дата регистрации'),
(156, 'oz', 'Касаллик тури'),
(156, 'ru', 'Тип заболевания'),
(157, 'oz', 'Намуналар'),
(157, 'ru', 'Образцы'),
(158, 'oz', 'Ариза юборувчи ФИО'),
(158, 'ru', 'ФИО заявителя'),
(159, 'oz', 'Ариза юборувчи телефони'),
(159, 'ru', 'Телефон отправителя заявки'),
(160, 'oz', 'Намуна қабул қилувчи'),
(160, 'ru', 'Образец приемника'),
(161, 'oz', 'Юборилган вақти'),
(161, 'ru', 'Время отправки'),
(162, 'oz', 'Намуна рақамлари'),
(162, 'ru', 'Номера образцов'),
(163, 'oz', 'Лабаратория'),
(163, 'ru', 'Лаборатория'),
(164, 'oz', 'Ташкилот'),
(164, 'ru', 'Организация'),
(165, 'oz', 'Kategoriyasi'),
(165, 'ru', 'Категории'),
(166, 'oz', 'Натижалар мувофиқлик идентификатори'),
(166, 'ru', 'Идентификатор соответствия результатов'),
(167, 'oz', 'Аризачи ФИО'),
(167, 'ru', 'ФИО заявителя'),
(168, 'oz', 'Аризачи telefon'),
(168, 'ru', 'Телефон заявителя'),
(169, 'oz', 'Янгиланган'),
(169, 'ru', 'Обновлено'),
(170, 'oz', 'Ҳайвон қўшиш'),
(170, 'ru', 'Добавить животное'),
(171, 'oz', 'Ҳайвон тоифаси'),
(171, 'ru', 'Категория животных'),
(172, 'oz', 'Jinsi'),
(172, 'ru', 'Джинсы'),
(173, 'oz', 'Туғилган куни'),
(173, 'ru', 'День рождения'),
(174, 'oz', 'Вет участка'),
(174, 'ru', 'Ветка'),
(175, 'oz', 'Visual бирка'),
(175, 'ru', 'Visual birka'),
(176, 'oz', 'Ҳайвон тури'),
(176, 'ru', 'Тип животного'),
(177, 'oz', 'Ҳайвон турини танланг'),
(177, 'ru', 'Выберите тип животного'),
(178, 'oz', 'Еркак'),
(178, 'ru', 'Мужчина'),
(179, 'oz', 'Урғочи'),
(179, 'ru', 'Женский'),
(180, 'oz', 'Вилоятни танланг'),
(180, 'ru', 'Выберите регион'),
(181, 'oz', 'Saqlash'),
(181, 'ru', 'Сохранять'),
(182, 'oz', '- Туманни танланг -'),
(182, 'ru', '- Выберите район -'),
(183, 'oz', '- Vet uchastkani tanlang -'),
(183, 'ru', '- Vet uchastkani tanlang -'),
(184, 'oz', 'Namuna muvoffaqiyatli saqlandi'),
(184, 'ru', 'Образец успешно сохранен'),
(185, 'oz', 'сонли далолатнома учун ариза ёзиш'),
(185, 'ru', 'написание заявления на числовой акт'),
(186, 'oz', 'Labaratoriyani tanlang'),
(186, 'ru', 'Выберите лабораторию'),
(187, 'oz', 'Arzani qabul qilish'),
(187, 'ru', 'Приём зайавление'),
(188, 'oz', 'Namunalarni qabul qilish'),
(188, 'ru', 'Прием образцов'),
(189, 'oz', 'Arizalar'),
(189, 'ru', 'Приложения'),
(190, 'oz', 'Raqamli namunani qabul qilish'),
(190, 'ru', 'Принятие цифрового образца'),
(191, 'oz', 'Direktorni tanlang'),
(191, 'ru', 'Выберите директора'),
(192, 'oz', 'Labaratoriya mudirini tanlang'),
(192, 'ru', 'Выберите заведующего лабораторией'),
(193, 'oz', 'Namuna muvoffaqiyatli yuborildi'),
(193, 'ru', 'Образец успешно отправлен'),
(194, 'oz', 'Labarantni tanlang'),
(194, 'ru', 'Выберите лабораторию'),
(195, 'uz', 'Bosh sahifa'),
(196, 'oz', 'Биологик, потологик ва бошқа материаллардан намуна олиш'),
(196, 'ru', 'Забор биологических, патологических и других материалов'),
(196, 'uz', 'Biologik, potologik va boshqa materiallardan namuna olish'),
(197, 'oz', 'Маҳсулот экспертизаси'),
(197, 'ru', 'Экспертиза продукта'),
(197, 'uz', 'Mahsulot ekspertizasi'),
(198, 'uz', 'Hayvon kasalliklari tashhisi bo\'yicha namuna olish dalolatnomalari'),
(199, 'uz', 'Dalolatnoma'),
(200, 'uz', 'Dalolatnoma raqami(Qog\'ozdagi yoki registondagi)'),
(201, 'uz', 'Sana'),
(202, 'uz', 'PNFL'),
(203, 'uz', 'Egasi'),
(204, 'uz', 'Hayvon egasi'),
(205, 'uz', 'Vet uchstka'),
(206, 'uz', 'Operator'),
(207, 'uz', 'INN(STIR)'),
(208, 'uz', 'Viloyat'),
(209, 'uz', 'Tuman'),
(210, 'uz', 'QFI'),
(211, 'uz', 'Status'),
(212, 'uz', 'Lavozim'),
(213, 'uz', 'Namuna olgan shaxs'),
(214, 'oz', 'Hayvonlar'),
(214, 'ru', 'Животные'),
(214, 'uz', 'Hayvonlar'),
(215, 'oz', 'Hayvon toifalari'),
(215, 'ru', 'Hayvon toifalari'),
(215, 'uz', 'Hayvon toifalari'),
(216, 'oz', 'Hayvon turlari'),
(216, 'ru', 'Hayvon turlari'),
(216, 'uz', 'Hayvon turlari'),
(217, 'oz', 'Kasalliklar ruyhati'),
(217, 'ru', 'Kasalliklar ruyhati'),
(217, 'uz', 'Kasalliklar ruyhati'),
(218, 'oz', 'Kasalliklar guruhi'),
(218, 'ru', 'Kasalliklar guruhi'),
(218, 'uz', 'Kasalliklar guruhi'),
(219, 'oz', 'Kasalliklar toifasi'),
(219, 'ru', 'Kasalliklar toifasi'),
(219, 'uz', 'Kasalliklar toifasi'),
(220, 'oz', 'Vaksinalar'),
(220, 'ru', 'Vaksinalar'),
(220, 'uz', 'Vaksinalar'),
(221, 'uz', 'Namunalar'),
(222, 'oz', 'Namuna turlari'),
(222, 'ru', 'Namuna turlari'),
(222, 'uz', 'Namuna turlari'),
(223, 'oz', 'Namuna o\'ramlari'),
(223, 'ru', 'Namuna o\'ramlari'),
(223, 'uz', 'Namuna o\'ramlari'),
(224, 'oz', 'Tahlil usullari'),
(224, 'ru', 'Tahlil usullari'),
(224, 'uz', 'Tahlil usullari'),
(225, 'oz', 'Birliklar'),
(225, 'ru', 'Birliklar'),
(225, 'uz', 'Birliklar'),
(226, 'oz', 'Tekshirish maqsadlari'),
(226, 'ru', 'Tekshirish maqsadlari'),
(226, 'uz', 'Tekshirish maqsadlari'),
(227, 'oz', 'Namuna holati'),
(227, 'ru', 'Namuna holati'),
(227, 'uz', 'Namuna holati'),
(228, 'oz', 'Laboratoriya tadqiqot turlari'),
(228, 'ru', 'Laboratoriya tadqiqot turlari'),
(228, 'uz', 'Laboratoriya tadqiqot turlari'),
(229, 'oz', 'Mahsulotlar turlari'),
(229, 'ru', 'Mahsulotlar turlari'),
(229, 'uz', 'Mahsulotlar turlari'),
(230, 'oz', 'Report Drug Types'),
(230, 'ru', 'Report Drug Types'),
(230, 'uz', 'Report Drug Types'),
(231, 'oz', 'Report Food Category'),
(231, 'ru', 'Report Food Category'),
(231, 'uz', 'Report Food Category'),
(232, 'uz', 'Hayvonlar'),
(233, 'uz', 'Hayvon qo\'shish'),
(234, 'uz', 'ID'),
(235, 'uz', 'Egasi'),
(236, 'uz', 'Hayvon toifasi'),
(237, 'uz', 'Jinsi'),
(238, 'uz', 'Tug\'ilgan kuni'),
(239, 'uz', 'INN(STIR)'),
(240, 'uz', 'PNFL'),
(241, 'uz', 'Manzil'),
(242, 'uz', 'Vet uchastka'),
(243, 'uz', 'Visual birka'),
(244, 'uz', 'Hayvon turi'),
(245, 'uz', 'Viloyat'),
(246, 'uz', 'Tuman'),
(247, 'oz', 'Kasalliklar ro`yhati'),
(247, 'ru', 'Kasalliklar ro`yhati'),
(247, 'uz', 'Kasalliklar ro`yhati'),
(248, 'uz', 'ID'),
(249, 'oz', 'Nomi(O\'zbek)'),
                                                             (249, 'ru', 'Nomi(O\'zbek)'),
(249, 'uz', 'Nomi(O\'zbek)'),
                                                             (250, 'oz', 'Nomi(Rus)'),
                                                             (250, 'ru', 'Nomi(Rus)'),
                                                             (250, 'uz', 'Nomi(Rus)'),
                                                             (251, 'oz', 'Toifasi'),
                                                             (251, 'ru', 'Toifasi'),
                                                             (251, 'uz', 'Toifasi'),
                                                             (252, 'uz', 'Turi'),
                                                             (253, 'uz', 'Kasalliklar ro`yhati'),
                                                             (254, 'uz', 'ID'),
                                                             (255, 'uz', 'Nomi(O\'zbek)'),
(256, 'uz', 'Nomi(Rus)'),
(257, 'uz', 'Toifasi'),
(258, 'uz', 'Turi'),
(259, 'uz', 'Vaksinalar'),
(260, 'uz', 'ID'),
(261, 'uz', 'Nomi'),
(262, 'uz', 'Namuna o\'ramlari'),
                                                            (263, 'oz', 'Namuna o\'rami qo\'shish'),
                                                            (263, 'ru', 'Namuna o\'rami qo\'shish'),
                                                            (263, 'uz', 'Namuna o\'rami qo\'shish'),
                                                            (264, 'uz', 'ID'),
                                                            (265, 'uz', 'Nomi(O\'zbek)'),
(266, 'uz', 'Nomi(Rus)'),
(267, 'uz', 'Status'),
(268, 'uz', 'Namuna o\'ramlari'),
(269, 'uz', 'Namuna o\'rami qo\'shish'),
(270, 'uz', 'ID'),
(271, 'uz', 'Nomi(O\'zbek)'),
(272, 'uz', 'Nomi(Rus)'),
(273, 'uz', 'Status'),
(274, 'uz', 'Namuna o\'ramlari'),
(275, 'uz', 'Namuna o\'rami qo\'shish'),
(276, 'uz', 'ID'),
(277, 'uz', 'Nomi(O\'zbek)'),
(278, 'uz', 'Nomi(Rus)'),
(279, 'uz', 'Status'),
(280, 'uz', 'Tekshirish maqsadlari'),
(281, 'oz', 'Tekshirish maqsadi qo\'shish'),
(281, 'ru', 'Tekshirish maqsadi qo\'shish'),
(281, 'uz', 'Tekshirish maqsadi qo\'shish'),
(282, 'uz', 'ID'),
(283, 'uz', 'Nomi(O\'zbek)'),
(284, 'uz', 'Nomi(Rus)'),
(285, 'uz', 'Kod'),
(286, 'oz', 'Food Types'),
(286, 'ru', 'Food Types'),
(286, 'uz', 'Food Types'),
(287, 'oz', 'Create Food Type'),
(287, 'ru', 'Create Food Type'),
(287, 'uz', 'Create Food Type'),
(288, 'oz', 'Name'),
(288, 'ru', 'Name'),
(288, 'uz', 'Name'),
(289, 'oz', 'Parent ID'),
(289, 'ru', 'Parent ID'),
(289, 'uz', 'Parent ID'),
(290, 'oz', 'Name Uz'),
(290, 'ru', 'Name Uz'),
(290, 'uz', 'Name Uz'),
(291, 'oz', 'Name Ru'),
(291, 'ru', 'Name Ru'),
(291, 'uz', 'Name Ru'),
(292, 'oz', 'Hayvon kategoriyalari'),
(292, 'ru', 'Hayvon kategoriyalari'),
(292, 'uz', 'Hayvon kategoriyalari'),
(293, 'oz', 'Hayvon kategoriyasini yaratish'),
(293, 'ru', 'Hayvon kategoriyasini yaratish'),
(293, 'uz', 'Hayvon kategoriyasini yaratish'),
(294, 'uz', 'ID'),
(295, 'uz', 'Kod'),
(296, 'uz', 'Nomi(O\'zbek)'),
(297, 'uz', 'Nomi(Rus)'),
(298, 'uz', 'Hayvon kategoriyalari'),
(299, 'uz', 'Hayvon kategoriyasini yaratish'),
(300, 'uz', 'ID'),
(301, 'uz', 'Kod'),
(302, 'uz', 'Nomi(O\'zbek)'),
(303, 'uz', 'Nomi(Rus)'),
(304, 'oz', 'Касаллик гуруҳлари'),
(304, 'ru', 'Группы заболеваний'),
(304, 'uz', 'Kasallik guruhlari'),
(305, 'oz', 'Касаллик гуруҳи қўшиш'),
(305, 'ru', 'Добавить группу заболеваний'),
(305, 'uz', 'Kasallik guruhi qo\'shish'),
(306, 'uz', 'ID'),
(307, 'uz', 'Nomi(O\'zbek)'),
(308, 'uz', 'Nomi(Rus)'),
(309, 'oz', 'Намуна қўшиш'),
(309, 'ru', 'Добавить образец'),
(310, 'uz', 'Namunalar'),
(311, 'uz', 'Namuna qo\'shish'),
(312, 'uz', 'Tahlil usullari'),
(313, 'oz', 'Таҳлил усули қўшиш'),
(313, 'ru', 'Добавить метод анализа'),
(313, 'uz', 'Tahlil usuli qo\'shish'),
(314, 'uz', 'ID'),
(315, 'uz', 'Nomi(O\'zbek)'),
(316, 'uz', 'Nomi(Rus)'),
(317, 'uz', 'Status'),
(318, 'uz', 'Tahlil usullari'),
(319, 'uz', 'Tahlil usuli qo\'shish'),
(320, 'uz', 'ID'),
(321, 'uz', 'Nomi(O\'zbek)'),
(322, 'uz', 'Nomi(Rus)'),
(323, 'uz', 'Status'),
(324, 'oz', 'Намуна ҳолатлари'),
(324, 'ru', 'Примеры случаев'),
(324, 'uz', 'Namuna holatlari'),
(325, 'oz', 'Намуна ҳолати қўшиш'),
(325, 'ru', 'Добавить пробный режим'),
(325, 'uz', 'Namuna holati qo\'shish'),
(326, 'uz', 'ID'),
(327, 'uz', 'Nomi(O\'zbek)'),
(328, 'uz', 'Nomi(Rus)'),
(329, 'uz', 'Kod'),
(330, 'uz', 'Namuna holatlari'),
(331, 'uz', 'Namuna holati qo\'shish'),
(332, 'uz', 'ID'),
(333, 'uz', 'Nomi(O\'zbek)'),
(334, 'uz', 'Nomi(Rus)'),
(335, 'uz', 'Kod'),
(336, 'uz', 'Hayvon turlari'),
(337, 'oz', 'Ҳайвон тури қўшиш'),
(337, 'ru', 'Добавить тип животного'),
(337, 'uz', 'Hayvon turi qo\'shish'),
(338, 'uz', 'ID'),
(339, 'uz', 'Nomi(O\'zbek)'),
(340, 'uz', 'Nomi(Rus)'),
(341, 'uz', 'Kod'),
(342, 'uz', 'Hayvon turlari'),
(343, 'uz', 'Hayvon turi qo\'shish'),
(344, 'uz', 'ID'),
(345, 'uz', 'Nomi(O\'zbek)'),
(346, 'uz', 'Nomi(Rus)'),
(347, 'uz', 'Kod'),
(348, 'uz', 'Hayvon turlari'),
(349, 'uz', 'Hayvon turi qo\'shish'),
(350, 'uz', 'ID'),
(351, 'uz', 'Nomi(O\'zbek)'),
(352, 'uz', 'Nomi(Rus)'),
(353, 'uz', 'Kod'),
(354, 'oz', 'Касалликлар тойифаси'),
(354, 'ru', 'Классификация болезней'),
(354, 'uz', 'Kasalliklar toyifasi'),
(355, 'oz', 'Касаллик тойифасини қўшиш'),
(355, 'ru', 'Добавить категорию болезни'),
(355, 'uz', 'Kasallik toyifasini qo`shish'),
(356, 'uz', 'ID'),
(357, 'uz', 'Nomi(O\'zbek)'),
(358, 'uz', 'Nomi(Rus)'),
(359, 'uz', 'Kasalliklar toyifasi'),
(360, 'uz', 'Kasallik toyifasini qo`shish'),
(361, 'uz', 'ID'),
(362, 'uz', 'Nomi(O\'zbek)'),
(363, 'uz', 'Nomi(Rus)'),
(364, 'uz', 'Kasalliklar toyifasi'),
(365, 'uz', 'Kasallik toyifasini qo`shish'),
(366, 'uz', 'ID'),
(367, 'uz', 'Nomi(O\'zbek)'),
(368, 'uz', 'Nomi(Rus)'),
(369, 'uz', 'Kasalliklar toyifasi'),
(370, 'uz', 'Kasallik toyifasini qo`shish'),
(371, 'uz', 'ID'),
(372, 'uz', 'Nomi(O\'zbek)'),
(373, 'uz', 'Nomi(Rus)'),
(374, 'uz', 'Namuna turlari'),
(375, 'oz', 'Намуна тури қўшиш'),
(375, 'ru', 'Добавить образец типа'),
(375, 'uz', 'Namuna turi qo\'shish'),
(376, 'uz', 'ID'),
(377, 'uz', 'Nomi(O\'zbek)'),
(378, 'uz', 'Nomi(Rus)'),
(379, 'uz', 'Namuna turlari'),
(380, 'uz', 'Namuna turi qo\'shish'),
(381, 'uz', 'ID'),
(382, 'uz', 'Nomi(O`zbek)'),
(383, 'uz', 'Nomi(Rus)'),
(384, 'uz', 'Namuna turlari'),
(385, 'uz', 'Namuna turi qo`shish'),
(386, 'uz', 'ID'),
(387, 'uz', 'Nomi(O`zbek)'),
(388, 'uz', 'Nomi(Rus)'),
(389, 'uz', 'Birliklar'),
(390, 'oz', 'Бирлик қўшиш'),
(390, 'ru', 'Добавление единицы'),
(390, 'uz', 'Birlik qo`shish'),
(391, 'uz', 'ID'),
(392, 'uz', 'Nomi(O`zbek)'),
(393, 'uz', 'Nomi(Rus)'),
(394, 'oz', 'Код'),
(394, 'ru', 'Код'),
(394, 'uz', 'Kod'),
(395, 'uz', 'Birliklar'),
(396, 'uz', 'Birlik qo`shish'),
(397, 'uz', 'ID'),
(398, 'uz', 'Nomi(O`zbek)'),
(399, 'uz', 'Nomi(Rus)'),
(400, 'uz', 'Kod'),
(401, 'uz', 'Birliklar'),
(402, 'uz', 'Birlik qo\'shish'),
(403, 'uz', 'ID'),
(404, 'uz', 'Nomi(O\'zbek)'),
(405, 'uz', 'Nomi(Rus)'),
(406, 'uz', 'Kod'),
(407, 'uz', 'Laboratoriya tadqiqot turlari'),
(408, 'oz', 'тадқиқот тури қўшиш'),
(408, 'ru', 'добавить тип исследования'),
(408, 'uz', 'tadqiqot turi qo\'shish'),
(409, 'uz', 'ID'),
(410, 'uz', 'Nomi(O\'zbek)'),
(411, 'uz', 'Nomi(Rus)'),
(412, 'uz', 'Kod'),
(413, 'uz', 'Laboratoriya tadqiqot turlari'),
(414, 'uz', 'tadqiqot turi qo\'shish'),
(415, 'uz', 'ID'),
(416, 'uz', 'Nomi(O\'zbek)'),
(417, 'uz', 'Nomi(Rus)'),
(418, 'uz', 'Kod'),
(419, 'oz', 'Вет участкалар'),
(419, 'ru', 'Много ветеринара'),
(419, 'uz', 'Vet uchastkalar'),
(420, 'uz', 'SOATO'),
(421, 'oz', 'Ташкилий ҳуқуқий шакл'),
(421, 'ru', 'Организационно-правовая форма'),
(421, 'uz', 'Tashkiliy huquqiy shakl'),
(422, 'oz', 'Ветеринария участкалари'),
(422, 'ru', 'Ветеринарные участки'),
(422, 'uz', 'Veterinariya uchastkalari'),
(423, 'oz', 'Ветенария участка қўшиш'),
(423, 'ru', 'Добавить ветеринарный участок'),
(423, 'uz', 'Veterinariya uchastka qo`shish'),
(424, 'uz', 'ID'),
(425, 'uz', 'Kod'),
(426, 'uz', 'Nomi'),
(427, 'uz', 'SOATO'),
(428, 'uz', 'Tuman'),
(429, 'uz', 'Viloyat'),
(430, 'uz', 'Veterinariya uchastkalari'),
(431, 'uz', 'Veterinariya uchastka qo`shish'),
(432, 'uz', 'ID'),
(433, 'uz', 'Kod'),
(434, 'uz', 'Nomi'),
(435, 'uz', 'SOATO'),
(436, 'uz', 'Tuman'),
(437, 'uz', 'Viloyat'),
(438, 'uz', 'Vet uchastkalar'),
(439, 'uz', 'SOATO'),
(440, 'uz', 'Tashkiliy huquqiy shakl'),
(441, 'uz', 'Export'),
(442, 'uz', 'Excel'),
(443, 'uz', 'Pdf'),
(444, 'uz', 'Export'),
(445, 'uz', 'Excel'),
(446, 'uz', 'Pdf'),
(447, 'oz', 'Ташкилий ҳуқуқий шакллар'),
(447, 'ru', 'Организационно-правовые формы'),
(447, 'uz', 'Tashkiliy huquqiy shakllar'),
(448, 'oz', 'Қўшиш'),
(448, 'ru', 'Добавлять'),
(448, 'uz', 'Qo`shish'),
(449, 'uz', 'ID'),
(450, 'uz', 'Nomi(O\'zbek)'),
(451, 'uz', 'Nomi ( Rus tilida )'),
(452, 'uz', 'Kod'),
(453, 'uz', 'Tashkiliy huquqiy shakllar'),
(454, 'uz', 'Qo`shish'),
(455, 'uz', 'ID'),
(456, 'uz', 'Nomi(O`zbek tilida)'),
(457, 'uz', 'Nomi(Rus)'),
(458, 'uz', 'Kod'),
(459, 'uz', 'Tashkiliy huquqiy shakllar'),
(460, 'uz', 'Qo`shish'),
(461, 'uz', 'ID'),
(462, 'uz', 'Nomi ( O`zbek tilida )'),
(463, 'uz', 'Nomi ( Rus tilida )'),
(464, 'uz', 'Kod'),
(465, 'oz', 'Норматив хужжатлар'),
(465, 'ru', 'Нормативные документы'),
(465, 'uz', 'Normativ hujjatlar'),
(466, 'oz', 'Шаблон бирликлари'),
(466, 'ru', 'Единицы измерения шаблона'),
(466, 'uz', 'Shablon birliklari'),
(467, 'uz', 'Hayvon kasalliklari tashhisi'),
(468, 'uz', 'ID'),
(469, 'uz', 'Nomi ( O`zbek tilida )'),
(470, 'uz', 'Nomi ( Rus tilida )'),
(471, 'oz', 'Файл'),
(471, 'ru', 'Файл'),
(471, 'uz', 'Fayl'),
(472, 'oz', 'Яратувчи индентификатори'),
(472, 'ru', 'Идентификатор автора'),
(472, 'uz', 'Yaratuvchi identifikatori'),
(473, 'uz', 'Status'),
(474, 'oz', 'Яратилган вақти'),
(474, 'ru', 'Время создания'),
(474, 'uz', 'Yaratilgan vaqti'),
(475, 'uz', 'Yangilanish vaqti'),
(476, 'uz', 'ID'),
(477, 'uz', 'Nomi ( O`zbek tilida )'),
(478, 'uz', 'Nomi ( Rus tilida )'),
(479, 'uz', 'File'),
(480, 'uz', 'Yaratuvchi ID'),
(481, 'uz', 'Status'),
(482, 'uz', 'Created'),
(483, 'uz', 'Updated'),
(484, 'uz', 'Normativ hujjatlar'),
(485, 'uz', 'Shablon birliklari'),
(486, 'uz', 'Hayvon kasalliklari tashhisi'),
(487, 'uz', 'Yuridik shaxslar'),
(488, 'oz', 'Юридик шахс қўшиш'),
(488, 'ru', 'Добавить юридическое лицо'),
(488, 'uz', 'Yuridik shaxs qo`shish'),
(489, 'uz', 'STIR(INN)'),
(490, 'uz', 'Nomi'),
(491, 'uz', 'TSHX'),
(492, 'uz', 'Manzil'),
(493, 'uz', 'Soato'),
(494, 'uz', 'Viloyat'),
(495, 'uz', 'Tuman'),
(496, 'uz', 'Status'),
(497, 'uz', 'Yuridik shaxslar'),
(498, 'uz', 'Yuridik shaxs qo\'shish'),
(499, 'uz', 'STIR(INN)'),
(500, 'uz', 'Nomi'),
(501, 'uz', 'TSHX'),
(502, 'uz', 'Manzil'),
(503, 'uz', 'Soato'),
(504, 'uz', 'Viloyat'),
(505, 'uz', 'Tuman'),
(506, 'uz', 'Status'),
(507, 'uz', 'Jismoniy shaxslar'),
(508, 'oz', 'Жисмоний шахс қўшиш'),
(508, 'ru', 'Добавить физическое лицо'),
(508, 'uz', 'Jismoniy shaxs qo`shish'),
(509, 'uz', 'PNFL'),
(510, 'oz', 'Исм'),
(510, 'ru', 'Имя'),
(510, 'uz', 'Ism'),
(511, 'oz', 'Фамилия'),
(511, 'ru', 'Фамилия'),
(511, 'uz', 'Familya'),
(512, 'oz', 'Отасининг исми'),
(512, 'ru', 'Отчество'),
(512, 'uz', 'Otasining ismi'),
(513, 'oz', 'ҚФЙ'),
(513, 'ru', 'QFY'),
(513, 'uz', 'QFY'),
(514, 'uz', 'Manzil'),
(515, 'oz', 'Паспорт'),
(515, 'ru', 'Паспорт'),
(515, 'uz', 'Pasport'),
(516, 'uz', 'Viloyat'),
(517, 'uz', 'Tuman'),
(518, 'uz', 'Jismoniy shaxslar'),
(519, 'uz', 'Jismoniy shaxs qo\'shish'),
(520, 'uz', 'PNFL'),
(521, 'uz', 'Ism'),
(522, 'uz', 'Familya'),
(523, 'uz', 'Otasining ismi'),
(524, 'uz', 'QFY'),
(525, 'uz', 'Manzil'),
(526, 'uz', 'Pasport'),
(527, 'uz', 'Viloyat'),
(528, 'uz', 'Tuman'),
(529, 'ru', 'Lat'),
(530, 'ru', 'Long'),
(531, 'ru', 'Batafsil'),
(532, 'ru', 'Telefon raqami'),
(533, 'ru', 'Rep ID'),
(534, 'ru', 'Tasdiqdan o\'tgan'),
(535, 'uz', 'Bosh sahifa'),
(536, 'uz', 'Arizalar ro\'yhati'),
(537, 'uz', 'Hayvon kasalliklari tashhilari'),
(538, 'uz', 'Oziq-ovqat ekspertizalari'),
(539, 'uz', 'Mahsulot ekspertizasi uchun namuma olish dalolatnomalari '),
(540, 'uz', 'Dalolatnoma qo\'shish'),
(541, 'uz', 'Buyurtmachi'),
(542, 'uz', 'Namuna oluvchi'),
(543, 'uz', 'Raqami'),
(544, 'uz', 'Food ID'),
(545, 'uz', 'STIR(INN)'),
(546, 'uz', 'JSHSHIR(PNFL)'),
(547, 'uz', 'Namuna beruvchi vet uchaska'),
(548, 'uz', 'Tuman'),
(549, 'uz', 'Namuna olish manzil'),
(550, 'uz', 'STIR(PNFL)'),
(551, 'uz', 'Namunani tekshirtirishdan maqsad'),
(552, 'uz', 'Namuna olish sanasi'),
(553, 'uz', 'Namuna yuborilgan sana'),
(554, 'uz', 'Xabar asosida tuzilgan'),
(555, 'uz', 'Namunani yuborish sharoiti'),
(556, 'uz', 'Xabar raqami'),
(557, 'uz', 'Yaratildi'),
(558, 'uz', 'O\'zgartirildi'),
(559, 'uz', 'Yo\'q'),
(560, 'uz', 'Ha'),
(561, 'uz', 'Arizalar ro\'yhati'),
(562, 'uz', 'Namuna raqamlari'),
(563, 'uz', 'Labaratoriya'),
(564, 'uz', 'STIR(INN)'),
(565, 'uz', 'JSHSHIR(PNFL)'),
(566, 'uz', 'Tashkilot'),
(567, 'uz', 'Shoshilinch tekshiruv'),
(568, 'uz', 'Raqami'),
(569, 'uz', 'Kategoriyasi'),
(570, 'uz', 'Results Conformity ID'),
(571, 'uz', 'Operator'),
(572, 'uz', 'Sana'),
(573, 'uz', 'Arizachi FIO'),
(574, 'uz', 'Arizachi telefon'),
(575, 'uz', 'Updated'),
(576, 'uz', 'Namunalar'),
(577, 'uz', 'JSHSHIR(PNFL)'),
(578, 'uz', 'STIR(INN)'),
(579, 'uz', 'Shoshilinch tekshiruv'),
(580, 'uz', 'Kod'),
(581, 'uz', 'Tekshiruv turi'),
(582, 'uz', 'Talablarning natijaga muvofiqligi'),
(583, 'uz', 'Tekshiruvchi tashkilot'),
(584, 'uz', 'Registrator'),
(585, 'uz', 'Ro\'yhatga olingan sana'),
(586, 'uz', 'Kasallik turi'),
(587, 'uz', 'Namunalar'),
(588, 'uz', 'Ariza yuboruvchi FIO'),
(589, 'uz', 'Ariza yuboruvchi telefoni'),
(590, 'uz', 'Namuna qabul qiluvchi'),
(591, 'uz', 'Yuborilgan vaqti'),
(592, 'uz', 'JSHSHIR(PNFL)'),
(593, 'uz', 'STIR(INN)'),
(594, 'uz', 'Shoshilinch tekshiruv'),
(595, 'uz', 'Kod'),
(596, 'uz', 'Tekshiruv turi'),
(597, 'uz', 'Talablarning natijaga muvofiqligi'),
(598, 'uz', 'Tekshiruvchi tashkilot'),
(599, 'uz', 'Registrator'),
(600, 'uz', 'Ro\'yhatga olingan sana'),
(601, 'uz', 'Kasallik turi'),
(602, 'uz', 'Namunalar'),
(603, 'uz', 'Ariza yuboruvchi FIO'),
(604, 'uz', 'Ariza yuboruvchi telefoni'),
(605, 'uz', 'Namuna qabul qiluvchi'),
(606, 'uz', 'Yuborilgan vaqti'),
(607, 'uz', 'Yuboruvchi'),
(608, 'uz', 'Yuboruvchi'),
(609, 'uz', 'Dalolatnoma qo\'shish'),
(610, 'uz', 'Dalolatnoma qo\'shish'),
(611, 'ru', 'Ma\'lumotlaringiz muvoffaqiyatli saqlandi'),
(612, 'oz', 'Jismoniy shaxs'),
(612, 'ru', 'Jismoniy shaxs'),
(613, 'oz', 'Yuridik shaxs'),
(613, 'ru', 'Yuridik shaxs'),
(614, 'oz', 'Tumanni tanlang'),
(614, 'ru', 'Tumanni tanlang'),
(615, 'oz', 'QFYni tanlang'),
(615, 'ru', 'QFYni tanlang'),
(616, 'oz', 'Tashkiliy huquqiy shakli'),
(616, 'ru', 'Tashkiliy huquqiy shakli'),
(617, 'oz', '- QFYni tanlang -'),
(617, 'ru', '- QFYni tanlang -'),
(618, 'oz', 'Hayvon holati'),
(618, 'ru', 'Hayvon holati'),
(619, 'oz', 'Emlash: {name}'),
(619, 'ru', 'Emlash: {name}'),
(620, 'oz', 'Emlash'),
(620, 'ru', 'Emlash'),
(621, 'oz', 'Kasallikni talang'),
(621, 'ru', 'Kasallikni talang'),
(622, 'oz', 'Animal ID'),
(622, 'ru', 'Animal ID'),
(623, 'oz', 'Vaccina ID'),
(623, 'ru', 'Vaccina ID'),
(624, 'oz', 'Disease ID'),
(624, 'ru', 'Disease ID'),
(625, 'oz', 'Disease Date'),
(625, 'ru', 'Disease Date'),
(626, 'oz', 'Davolash: {name}'),
(626, 'ru', 'Davolash: {name}'),
(627, 'oz', 'Davolash'),
(627, 'ru', 'Davolash'),
(628, 'oz', 'Antibiotik'),
(628, 'ru', 'Antibiotik'),
(629, 'oz', 'Boshqa sharoitlar'),
(629, 'ru', 'Boshqa sharoitlar'),
(630, 'oz', 'Hayvon holatini tanlang'),
(630, 'ru', 'Hayvon holatini tanlang'),
(631, 'oz', '{kod} raqamli namuna muvoffaqiyatli saqlandi'),
(631, 'ru', '{kod} raqamli namuna muvoffaqiyatli saqlandi'),
(632, 'oz', 'Topshiriq muvoffaqiyatli yuborildi'),
(632, 'ru', 'Topshiriq muvoffaqiyatli yuborildi'),
(633, 'oz', 'Birlik'),
(633, 'ru', 'Birlik'),
(634, 'oz', 'Minimal-maksimal oraliq'),
(634, 'ru', 'Minimal-maksimal oraliq'),
(635, 'oz', 'Natijalarni yuborish'),
(635, 'ru', 'Natijalarni yuborish'),
(636, 'oz', 'Dori turlari haqida hisobot'),
(636, 'ru', 'Dori turlari haqida hisobot'),
(637, 'oz', 'Oziq-ovqat toifalari haqida '),
(637, 'ru', 'Oziq-ovqat toifalari haqida '),
(638, 'oz', 'Oziq-ovqat tashhisi'),
(638, 'ru', 'Oziq-ovqat tashhisi'),
(639, 'oz', 'Oziq-ovqat ekspertizasi talablari'),
(639, 'ru', 'Oziq-ovqat ekspertizasi talablari'),
(640, 'oz', 'Nomi(UZ)'),
(641, 'oz', 'Nomi(RU)'),
(642, 'oz', 'Fayl'),
(643, 'oz', 'Kirituvchi'),
(644, 'oz', 'Kiritildi'),
(645, 'oz', 'Shablon qo\'shish'),
(645, 'ru', 'Shablon qo\'shish'),
(646, 'oz', 'Hayvon kasalliklari tashhisi shablonlari'),
(646, 'ru', 'Hayvon kasalliklari tashhisi shablonlari'),
(647, 'oz', 'Labaratoriya mudir'),
(647, 'ru', 'Labaratoriya mudir'),
(648, 'oz', 'Namuna raqami'),
(648, 'ru', 'Namuna raqami'),
(649, 'oz', 'Ariza raqami'),
(649, 'ru', 'Ariza raqami'),
(650, 'oz', 'Namunani yo\'q qilish dalolatnomalari ro\'yhati'),
(650, 'ru', 'Namunani yo\'q qilish dalolatnomalari ro\'yhati'),
(651, 'oz', 'Namuna yo\'q qilingan sana'),
(651, 'ru', 'Namuna yo\'q qilingan sana'),
(652, 'oz', 'Yuborilgan sana'),
(653, 'oz', 'Namuna yo\'q qilingan'),
(653, 'ru', 'Namuna yo\'q qilingan'),
(654, 'oz', 'Rahbar tasdiqlashi kutilmoqda'),
(654, 'ru', 'Rahbar tasdiqlashi kutilmoqda'),
(655, 'oz', 'Namuna yo\'q qilinish jarayonida'),
(655, 'ru', 'Namuna yo\'q qilinish jarayonida'),
(656, 'oz', 'Namuna nomi'),
(656, 'ru', 'Namuna nomi'),
(657, 'oz', 'Soni'),
(657, 'ru', 'Soni'),
(658, 'oz', 'Toplam(partiya) miqdori'),
(658, 'ru', 'Toplam(partiya) miqdori'),
(659, 'oz', 'Nazorat namunasi'),
(659, 'ru', 'Nazorat namunasi'),
(660, 'oz', 'Ishlab chiqaruvchi'),
(660, 'ru', 'Ishlab chiqaruvchi'),
(661, 'oz', 'Seriya raqami'),
(661, 'ru', 'Seriya raqami'),
(662, 'oz', 'Ishlab chiqarilgan sana'),
(662, 'ru', 'Ishlab chiqarilgan sana'),
(663, 'oz', 'Muddati'),
(663, 'ru', 'Muddati'),
(664, 'oz', 'Qo\'shimcha ma\'lumot'),
(664, 'ru', 'Qo\'shimcha ma\'lumot'),
(665, 'oz', 'Laboratoriya test turi'),
(665, 'ru', 'Laboratoriya test turi'),
(666, 'oz', 'Ro\'yhatga oluvchi'),
(666, 'ru', 'Ro\'yhatga oluvchi'),
(667, 'oz', 'Talabga muvofiqligi'),
(668, 'oz', 'Tasdiqlovchi'),
(669, 'oz', 'Yaratilgan'),
(670, 'oz', 'O\'zgartirilgan'),
(671, 'uz', 'Tizimga kirish'),
(672, 'uz', 'Hayvon kasalliklari tashhisi va oziq-ovqat xavfsizligiga oid laboratoriya tekshiruvlari Yagona elektron ma\'lumotlar bazasini yurishish tizimi (VIS-Sayyor)'),
(673, 'uz', 'Boshqaruv tizimiga xush kelibsiz!'),
(674, 'uz', 'Email'),
(675, 'uz', 'Parol'),
(676, 'uz', 'Kirish'),
(677, 'uz', 'Axborot tizimini yaratish Yevropa Ittifoqi tomonidan moliyalashtirilgan'),
(678, 'oz', 'Vaksinalashlar tarixi'),
(678, 'ru', 'Vaksinalashlar tarixi'),
(679, 'oz', 'Davolashlar tarixi'),
(679, 'ru', 'Davolashlar tarixi'),
(680, 'uz', 'Direktor'),
(681, 'uz', 'Labaratoriya mudir'),
(682, 'uz', 'Bajaruvchi'),
(683, 'uz', 'Muddat'),
(684, 'uz', 'Holat'),
(685, 'uz', 'Namuna raqami'),
(686, 'uz', 'Ariza raqami'),
(687, 'uz', 'Direktor'),
(688, 'uz', 'Labaratoriya mudir'),
(689, 'uz', 'Bajaruvchi'),
(690, 'uz', 'Muddat'),
(691, 'uz', 'Holat'),
(692, 'uz', 'Namuna raqami'),
(693, 'uz', 'Ariza raqami'),
(694, 'uz', 'Normativ hujjatlar'),
(695, 'uz', 'raqami'),
(696, 'uz', 'Dalolatnoma'),
(697, 'uz', 'Namuna nomi'),
(698, 'uz', 'Birlik'),
(699, 'uz', 'Soni'),
(700, 'uz', 'Namuna o\'rami'),
(701, 'uz', 'Namuna holati'),
(702, 'uz', 'Toplam(partiya) miqdori'),
(703, 'uz', 'Nazorat namunasi'),
(704, 'uz', 'Ishlab chiqaruvchi'),
(705, 'uz', 'Seriya raqami'),
(706, 'uz', 'Ishlab chiqarilgan sana'),
(707, 'uz', 'Muddati'),
(708, 'uz', 'Qo\'shimcha ma\'lumot'),
(709, 'uz', 'Laboratoriya test turi'),
(710, 'uz', 'Ro\'yhatga oluvchi'),
(711, 'oz', 'Davlat'),
(711, 'ru', 'Davlat'),
(711, 'uz', 'Davlat'),
(712, 'uz', 'Vaksinalashlar tarixi'),
(713, 'uz', 'Davolashlar tarixi'),
(714, 'uz', 'Boshqa sharoitlar'),
(715, 'uz', 'Tashkilot'),
(716, 'uz', 'Birlik'),
(717, 'uz', 'Minimal-maksimal oraliq'),
(718, 'oz', 'Talabga muvoffiqligini tanlang'),
(719, 'oz', 'Natija(oraliq)'),
(720, 'oz', 'Tekshirilgan'),
(721, 'oz', 'Natijalar muvoffaqiyatli saqlandi'),
(721, 'ru', 'Natijalar muvoffaqiyatli saqlandi'),
(722, 'oz', 'Natijalar muvoffaqiyatli yuborildi'),
(722, 'ru', 'Natijalar muvoffaqiyatli yuborildi'),
(723, 'oz', 'Topshiriq tasdiqlandi'),
(723, 'ru', 'Topshiriq tasdiqlandi'),
(724, 'oz', 'Namuna tekshiruv natijasi imzolandi. Namunani yo\'q qilish uchun topshiriq yuborildi.'),
(724, 'ru', 'Namuna tekshiruv natijasi imzolandi. Namunani yo\'q qilish uchun topshiriq yuborildi.'),
(725, 'oz', 'Namunani yo\'q qilish dalolatnomalarii'),
(725, 'ru', 'Namunani yo\'q qilish dalolatnomalarii'),
(726, 'oz', 'Namuna ma\'lumotlari'),
(727, 'oz', 'Hayvon holati tanlang'),
(727, 'ru', 'Hayvon holati tanlang'),
(728, 'ru', 'Login yoki parol xato'),
(729, 'ru', 'Xatolik'),
(730, 'ru', 'Barchasi'),
(731, 'ru', 'Tasdiqlangan sana'),
(732, 'ru', 'Hayvon haqida ma\'lumot'),
(733, 'ru', 'Namuna yo\'q qilish dalolatnomasi tasdiqlash uchun rahbarga yuborildi'),
(734, 'ru', 'Tasdiqlash'),
(735, 'ru', 'Rad etish'),
(736, 'oz', 'Oziq-ovqat ekspertizasi uchun ariza'),
(737, 'oz', 'Vet uchstkani tanlang'),
(738, 'oz', 'Tekshirishdan maqsadni tanlang'),
(739, 'oz', 'Mahsulotni tanlang'),
(740, 'oz', 'Mahsulot birligini tanlang'),
(741, 'oz', 'Namuna o\'ramini tanlang'),
(742, 'oz', 'Davlatni tanlang'),
(743, 'oz', 'Namuna holatini tanlang'),
(744, 'oz', 'Tanlanmagan'),
(745, 'oz', 'Tanlangan'),
(746, 'oz', 'Laboratoriya test turini tanlang'),
(747, 'oz', 'Ariza muvoffaqiyatli yuborildi'),
(748, 'ru', 'Hayvon holat'),
(749, 'ru', 'Til'),
(750, 'ru', 'Bajaruvchi Labaratoriya'),
(751, 'ru', 'Xabarlar'),
(752, 'ru', 'Hayvon kasalliklari'),
(753, 'ru', 'Dori darmonlar'),
(754, 'ru', 'Tekshirilmagan'),
(755, 'oz', 'Yangi arizalar'),
(755, 'ru', 'Yangi arizalar'),
(756, 'oz', 'Namunani yo\'q qilish'),
(756, 'ru', 'Namunani yo\'q qilish'),
(757, 'oz', 'Tasdiqlovchini tanlang'),
(757, 'ru', 'Tasdiqlovchini tanlang'),
(758, 'ru', 'Yangi foydalanuvchi qo\'shish'),
(759, 'ru', 'Tashkilot qo\'shish'),
(760, 'uz', 'ERI kalit yordamida kirish'),
(761, 'uz', 'Oziq-ovqat tashhisi'),
(762, 'uz', 'Oziq-ovqat ekspertizasi talablari'),
(763, 'uz', 'Oziq-ovqat tashhisi'),
(764, 'uz', 'Oziq-ovqat ekspertizasi talablari'),
(765, 'uz', 'Tasdiqlovchini tanlang'),
(766, 'uz', 'Dori turlari haqida hisobot'),
(767, 'uz', 'Oziq-ovqat toifalari haqida '),
(768, 'uz', 'Vet4'),
(769, 'uz', 'O\'zgartirish: {name}'),
(770, 'uz', 'O\'zgartirish'),
(771, 'uz', 'Saqlash'),
(772, 'uz', 'Vet4'),
(773, 'uz', 'Vet4'),
(774, 'uz', 'Oziq-ovqat ekspertizasi talablarini yaratish'),
(775, 'uz', 'Nomi(UZ)'),
(776, 'uz', 'Nomi(RU)'),
(777, 'uz', 'Oziq-ovqat ekspertizasi talablarini yaratish'),
(778, 'uz', 'Nomi(UZ)'),
(779, 'uz', 'Nomi(RU)'),
(780, 'uz', 'Oziq-ovqat ekspertizasi talablarini yaratish'),
(781, 'uz', 'Nomi(UZ)'),
(782, 'uz', 'Nomi(RU)'),
(783, 'uz', 'Nomi'),
(784, 'uz', 'JSH SHIR(PINFL)'),
(785, 'uz', 'Passport'),
(786, 'uz', 'Kontragent turi'),
(787, 'uz', 'Pasport seriya raqami'),
(788, 'uz', 'JSH SHIR(PINFL)'),
(789, 'uz', 'Login parol yordamida kirish'),
(790, 'uz', 'Arizalar'),
(791, 'uz', 'Arizalar'),
(792, 'uz', 'Arizalar'),
(793, 'uz', 'Arizalar'),
(794, 'uz', 'Jismoniy shaxs'),
(795, 'uz', 'Yuridik shaxs'),
(796, 'uz', 'Viloyatni tanlang'),
(797, 'uz', 'Tumanni tanlang'),
(798, 'uz', 'QFYni tanlang'),
(799, 'uz', 'Tashkiliy huquqiy shakli'),
(800, 'uz', 'Viloyatni tanlang'),
(801, 'uz', 'Saqlash'),
(802, 'uz', 'Dalolatnomalar'),
(803, 'uz', 'O\'zgartirish'),
(804, 'uz', 'Arizani yuborish'),
(805, 'uz', 'Umumiy {n} ta namuna. Shundan {m} tasiga ariza berilmagan'),
(806, 'uz', 'Dalolatnoma qo\'shish'),
(807, 'uz', 'Dalolatnomalar'),
(808, 'uz', 'Hayvon qo\'shish'),
(809, 'uz', 'Hayvon holati'),
(810, 'uz', 'Hayvon egasi'),
(811, 'uz', 'Hayvon turini tanlang'),
(812, 'uz', 'Hayvon holati tanlang'),
(813, 'uz', 'Erkak'),
(814, 'uz', 'Urg\'ochi'),
(815, 'uz', 'Viloyatni tanlang'),
(816, 'uz', 'Saqlash'),
(817, 'uz', '- Tumanni tanlang -'),
(818, 'uz', '- Vet uchastkani tanlang -'),
(819, 'uz', '{kod} raqamli namuna muvoffaqiyatli saqlandi'),
(820, 'uz', 'Muvvofaqiyatli'),
(821, 'uz', 'sonli dalolatnoma uchun ariza yozish'),
(822, 'uz', 'Tekshiruv turi'),
(823, 'uz', 'Labaratoriyani tanlang'),
(824, 'uz', 'Bosh sahifa'),
(825, 'uz', 'Yangi arizalar'),
(826, 'uz', 'Oziq-ovqat havfsizligi'),
(827, 'uz', 'Namunani yo\'q qilish'),
(828, 'uz', 'Bosh sahifa'),
(829, 'uz', 'Yangi arizalar'),
(830, 'uz', 'Oziq-ovqat havfsizligi'),
(831, 'uz', 'Namunani yo\'q qilish'),
(832, 'uz', 'Arzani qabul qilish'),
(833, 'uz', 'Bosh sahifa'),
(834, 'uz', 'Yangi arizalar'),
(835, 'uz', 'Oziq-ovqat havfsizligi'),
(836, 'uz', 'Namunani yo\'q qilish'),
(837, 'uz', 'Namunalarni qabul qilish'),
(838, 'uz', 'Arizalar'),
(839, 'uz', 'Raqamli namunani qabul qilish'),
(840, 'uz', '4vet'),
(841, 'uz', 'Namuna turi'),
(842, 'uz', 'Namuna turini tanlang'),
(843, 'uz', 'Direktorni tanlang'),
(844, 'uz', 'Labaratoriya mudirini tanlang'),
(845, 'uz', 'Namuna muvoffaqiyatli yuborildi'),
(846, 'uz', 'Hayvon kasalliklari namunalar ro\'yhati'),
(847, 'uz', 'Hayvon kasalliklari namunalar ro\'yhati'),
(848, 'uz', 'Labarantni tanlang'),
(849, 'uz', 'Topshiriq muvoffaqiyatli yuborildi'),
(850, 'uz', 'Umumlashgan natija'),
(851, 'uz', 'Natijalarni yuborish'),
(852, 'uz', 'Saqlash'),
(853, 'uz', 'Natijalarni yuborish'),
(854, 'uz', 'Saqlash'),
(855, 'uz', 'Namunani yo\'q qilish dalolatnomalari ro\'yhati'),
(856, 'uz', 'Barchasi'),
(857, 'uz', 'Namuna yo\'q qilingan'),
(858, 'uz', 'Rahbar tasdiqlashi kutilmoqda'),
(859, 'uz', 'Namuna yo\'q qilinish jarayonida'),
(860, 'uz', 'Namuna yo\'q qilingan sana'),
(861, 'uz', 'yaratildi'),
(862, 'uz', 'Tasdiqlangan sana'),
(863, 'uz', 'Namunani yo\'q qilish dalolatnomalarii'),
(864, 'uz', 'Hayvon haqida ma\'lumot'),
(865, 'uz', 'Namuna yo\'q qilingan sana'),
(866, 'uz', 'yaratildi'),
(867, 'uz', 'Tasdiqlangan sana'),
(868, 'uz', 'Namuna yo\'q qilingan'),
(869, 'uz', 'Rahbar tasdiqlashi kutilmoqda'),
(870, 'uz', 'Namuna yo\'q qilinish jarayonida'),
(871, 'uz', 'Namunani yo\'q qilish dalolatnomalarii'),
(872, 'uz', 'Hayvon haqida ma\'lumot'),
(873, 'uz', 'Namuna yo\'q qilingan sana'),
(874, 'uz', 'yaratildi'),
(875, 'uz', 'Tasdiqlangan sana'),
(876, 'uz', 'Namuna yo\'q qilingan'),
(877, 'uz', 'Rahbar tasdiqlashi kutilmoqda'),
(878, 'uz', 'Namuna yo\'q qilinish jarayonida'),
(879, 'uz', 'Namunani yo\'q qilish dalolatnomalari ro\'yhati'),
(880, 'uz', 'Namuna'),
(881, 'uz', 'Namuna yo\'q qilingan sana'),
(882, 'uz', 'Yuborilgan sana'),
(883, 'uz', 'Namuna yo\'q qilingan'),
(884, 'uz', 'Rahbar tasdiqlashi kutilmoqda'),
(885, 'uz', 'Namuna yo\'q qilinish jarayonida'),
(886, 'uz', 'Namunani yo\'q qilish dalolatnomalarii'),
(887, 'uz', 'Namuna ma\'lumotlari'),
(888, 'uz', 'Namuna'),
(889, 'uz', 'Namuna yo\'q qilingan sana'),
(890, 'uz', 'Yuborilgan sana'),
(891, 'uz', 'Namuna nomi'),
(892, 'uz', 'Soni'),
(893, 'uz', 'Namunani yo\'q qilish dalolatnomalarii'),
(894, 'uz', 'Namuna ma\'lumotlari'),
(895, 'uz', 'Namuna'),
(896, 'uz', 'Namuna yo\'q qilingan sana'),
(897, 'uz', 'Yuborilgan sana'),
(898, 'uz', 'Namuna nomi'),
(899, 'uz', 'Soni'),
(900, 'uz', 'Namuna ma\'lumotlari'),
(901, 'uz', 'Ism'),
(902, 'uz', 'Familya'),
(903, 'uz', 'Otasining ismi'),
(904, 'uz', 'Manzil'),
(905, 'uz', 'Saqlash'),
(906, 'uz', '- QFYni tanlang -'),
(907, 'uz', 'Ma\'lumotlaringiz muvoffaqiyatli saqlandi'),
(908, 'uz', 'Nomi(UZ)'),
(909, 'uz', 'Nomi(RU)'),
(910, 'uz', 'Fayl'),
(911, 'uz', 'Kirituvchi'),
(912, 'uz', 'Kiritildi'),
(913, 'uz', 'Turi'),
(914, 'uz', 'Vet uchaska'),
(915, 'uz', 'Xatolik'),
(916, 'uz', 'O\'zgartirish: {name}'),
(917, 'uz', 'O\'zgartirish'),
(918, 'uz', 'Saqlash'),
(919, 'uz', 'O\'chirish'),
(920, 'uz', 'Are you sure you want to delete this item?'),
(921, 'uz', 'Shablon qo\'shish'),
(922, 'uz', 'Hayvon kasalliklari tashhisi shablonlari'),
(923, 'uz', 'Hayvon holatini tanlang'),
(924, 'uz', 'Emlash: {name}'),
(925, 'uz', 'Emlash'),
(926, 'uz', 'Kasallikni talang'),
(927, 'uz', 'Animal ID'),
(928, 'uz', 'Vaccina ID'),
(929, 'uz', 'Disease ID'),
(930, 'uz', 'Disease Date'),
(931, 'uz', 'Saqlash'),
(932, 'uz', 'Davolash: {name}'),
(933, 'uz', 'Davolash'),
(934, 'uz', 'Hayvon'),
(935, 'uz', 'Antibiotik'),
(936, 'uz', 'Sana'),
(937, 'uz', 'Vet uchaska qo\'shish'),
(938, 'uz', 'Vet uchastkalar'),
(939, 'uz', 'Viloyatni tanlang'),
(940, 'uz', 'Tumanni tanlang'),
(941, 'uz', 'QFYni tanlang'),
(942, 'uz', 'Saqlash'),
(943, 'uz', 'Vet uchaska qo\'shish'),
(944, 'uz', 'Vet uchastkalar'),
(945, 'uz', 'Viloyatni tanlang'),
(946, 'uz', 'Tumanni tanlang'),
(947, 'uz', 'QFYni tanlang'),
(948, 'uz', 'Saqlash'),
(949, 'uz', 'Tashkilotlar'),
(950, 'uz', 'Tashkilot qo\'shish'),
(951, 'uz', 'O\'zgartirish: {name}'),
(952, 'uz', 'O\'zgartirish'),
(953, 'uz', 'Tashkilot turi'),
(954, 'uz', 'Saqlash'),
(955, 'uz', 'Tashkilorlar'),
(956, 'uz', 'O\'chirish'),
(957, 'uz', 'Are you sure you want to delete this item?'),
(958, 'uz', 'Oziq-ovqat havfsizligi namunalar ro\'yhati'),
(959, 'uz', 'Talabga muvoffiqligini tanlang'),
(960, 'uz', 'Talabga muvofiqligi'),
(961, 'uz', 'Kirituvchi'),
(962, 'uz', 'Tasdiqlovchi'),
(963, 'uz', 'Yaratilgan'),
(964, 'uz', 'O\'zgartirilgan'),
(965, 'uz', 'Natija(oraliq)'),
(966, 'uz', 'Tekshirilgan'),
(967, 'uz', 'Talabga muvoffiqligini tanlang'),
(968, 'uz', 'Talabga muvofiqligi'),
(969, 'uz', 'Kirituvchi'),
(970, 'uz', 'Tasdiqlovchi'),
(971, 'uz', 'Yaratilgan'),
(972, 'uz', 'O\'zgartirilgan'),
(973, 'uz', 'Natija(oraliq)'),
(974, 'uz', 'Tekshirilgan'),
(975, 'uz', 'Yuridik shaxs ma\'lumotlari'),
(976, 'uz', 'Login yoki parol xato'),
(977, 'uz', 'Kun'),
(978, 'uz', 'Doimiy'),
(979, 'uz', 'Kun'),
(980, 'uz', 'Doimiy'),
(981, 'uz', 'Natijalar muvoffaqiyatli saqlandi'),
(982, 'uz', 'Natijalar muvoffaqiyatli yuborildi'),
(983, 'uz', 'Topshiriq tasdiqlandi'),
(984, 'uz', 'Namuna tekshiruv natijasi imzolandi. Namunani yo\'q qilish uchun topshiriq yuborildi.'),
(985, 'uz', 'Namuna yo\'q qilish dalolatnomasi tasdiqlash uchun rahbarga yuborildi'),
(986, 'uz', 'Tasdiqlash'),
(987, 'uz', 'Rad etish'),
(988, 'uz', 'Tasdiqlash'),
(989, 'uz', 'Rad etish'),
(990, 'uz', 'ID'),
(991, 'uz', 'Hayvon turi'),
(992, 'uz', 'Hayvon holat'),
(993, 'uz', 'Manzil'),
(994, 'uz', 'Lat'),
(995, 'uz', 'Long'),
(996, 'uz', 'Batafsil'),
(997, 'uz', 'Telefon raqami'),
(998, 'uz', 'Operator'),
(999, 'uz', 'Tasdiqdan o\'tgan'),
(1000, 'uz', 'Status'),
(1001, 'uz', 'Created'),
(1002, 'uz', 'Updated'),
(1003, 'uz', 'Code'),
(1004, 'uz', 'Rep ID'),
(1005, 'uz', 'Til'),
(1006, 'uz', 'Bajaruvchi Labaratoriya'),
(1007, 'uz', 'Kasalliklar'),
(1008, 'uz', 'O\'zgartirish'),
(1009, 'uz', 'O\'chirish'),
(1010, 'uz', 'Are you sure you want to delete this item?'),
(1011, 'uz', 'Foydalanuvchilar'),
(1012, 'uz', 'Yangi foydalanuvchi qo\'shish'),
(1013, 'uz', 'Lavozimlar ro\'yhati'),
(1014, 'uz', 'Lavozim qo\'shish'),
(1015, 'uz', 'O\'chirish'),
(1016, 'uz', 'Are you sure you want to delete this item?'),
(1017, 'uz', 'Mahsulot ekspertizalari'),
(1018, 'uz', 'Birlashgan namunalardan'),
(1019, 'uz', 'Materiallar soni'),
(1020, 'uz', 'Patonomiya'),
(1021, 'uz', 'Organoleptika'),
(1022, 'uz', 'Mikroskopiya Nurli'),
(1023, 'uz', 'Mikroskopiya Lyuminesent'),
(1024, 'uz', 'Bakterilogik'),
(1025, 'uz', 'Virusologik TE,KE'),
(1026, 'uz', 'Virusologik XM,KK'),
(1027, 'uz', 'Biologik'),
(1028, 'uz', 'RA,KR'),
(1029, 'uz', 'RSK'),
(1030, 'uz', 'RDSK'),
(1031, 'uz', 'RBP'),
(1032, 'uz', 'RMA'),
(1033, 'uz', 'RP,RDP'),
(1034, 'uz', 'RH'),
(1035, 'uz', 'RNGA'),
(1036, 'uz', 'RGKA'),
(1037, 'uz', 'RGA'),
(1038, 'uz', 'IFA'),
(1039, 'uz', 'IXLA'),
(1040, 'uz', 'Boshqa Serologiya'),
(1041, 'uz', 'PSR'),
(1042, 'uz', 'Gistologiya'),
(1043, 'uz', 'Gemotologiya'),
(1044, 'uz', 'Koprologiya'),
(1045, 'uz', 'Kimyoviy'),
(1046, 'uz', 'Biokimyoviy'),
(1047, 'uz', 'Tasdiqlanmadi'),
(1048, 'uz', 'Tasdiqlandi'),
(1049, 'uz', 'Umumiy tekshiruv natijasi'),
(1050, 'uz', 'Hayvon kasalliklari tashxisi bo`yicha o`tkazilgan tekshiruvlar hisoboti'),
(1051, 'uz', 'Pasport ma\'lumotlari topilmadi'),
(1052, 'uz', 'res'),
(1053, 'uz', 'resid'),
(1054, 'uz', 'Natijani tanlang'),
(1055, 'uz', 'Tavfsiya matni'),
(1056, 'uz', 'Sample ID'),
(1057, 'uz', 'Natijani tanlang'),
(1058, 'uz', 'Tavfsiya matni'),
(1059, 'uz', 'Sample ID'),
(1060, 'uz', 'Umumlashgan natija kiritlmagan'),
(1061, 'uz', 'Turi'),
(1062, 'uz', 'Holat'),
(1063, 'uz', 'Code'),
(1064, 'uz', 'Rep ID'),
(1065, 'uz', 'Created'),
(1066, 'uz', 'Xabarlar'),
(1067, 'uz', 'Hayvon kasalliklari'),
(1068, 'uz', 'Dori darmonlar'),
(1069, 'uz', 'Statistika'),
(1070, 'uz', 'Hayvon kasalliklari (Arizalar)'),
(1071, 'uz', 'Oziq-ovqat ekspertizalari (Arizalar)'),
(1072, 'uz', 'Hayvon kasalliklari (Dalolatnomalar)'),
(1073, 'uz', 'Oziq-ovqat ekspertizalari (Dalolatnomalar)'),
(1074, 'uz', 'Xabarlar'),
(1075, 'uz', 'Hayvon kasalliklari'),
(1076, 'uz', 'Dori darmonlar'),
(1077, 'uz', 'Statistika'),
(1078, 'uz', 'Hayvon kasalliklari (Arizalar)'),
(1079, 'uz', 'Oziq-ovqat ekspertizalari (Arizalar)'),
(1080, 'uz', 'Hayvon kasalliklari (Dalolatnomalar)'),
(1081, 'uz', 'Oziq-ovqat ekspertizalari (Dalolatnomalar)'),
(1082, 'uz', 'Yo\'q'),
(1083, 'uz', 'Ha'),
(1084, 'uz', 'Tekshirilmagan'),
(1085, 'uz', 'Xabarlar'),
(1086, 'uz', 'Hayvon kasalliklari'),
(1087, 'uz', 'Dori darmonlar'),
(1088, 'uz', 'Statistika'),
(1089, 'uz', 'Hayvon kasalliklari (Arizalar)'),
(1090, 'uz', 'Oziq-ovqat ekspertizalari (Arizalar)'),
(1091, 'uz', 'Hayvon kasalliklari (Dalolatnomalar)'),
(1092, 'uz', 'Oziq-ovqat ekspertizalari (Dalolatnomalar)'),
(1093, 'uz', 'Yo\'q'),
(1094, 'uz', 'Ha'),
(1095, 'uz', 'Tekshirilmagan'),
(1096, 'uz', 'Xabarlar'),
(1097, 'uz', 'Hayvon kasalliklari'),
(1098, 'uz', 'Dori darmonlar'),
(1099, 'uz', 'Statistika'),
(1100, 'uz', 'Hayvon kasalliklari (Arizalar)'),
(1101, 'uz', 'Oziq-ovqat ekspertizalari (Arizalar)'),
(1102, 'uz', 'Hayvon kasalliklari (Dalolatnomalar)'),
(1103, 'uz', 'Oziq-ovqat ekspertizalari (Dalolatnomalar)'),
(1104, 'uz', 'Birlashgan namunalardan'),
(1105, 'uz', 'Birlashgan namunalardan'),
(1106, 'uz', 'Topshiriq imzolandi. Namunani yo\'q qilish uchun {code} raqamli dalolatnoma labarantga yuborildi'),
(1107, 'uz', 'Birlashgan namunalardan'),
(1108, 'uz', 'Bo\'lim nomi'),
(1109, 'uz', 'Lavozim nomi'),
(1110, 'uz', 'Status'),
(1111, 'uz', 'Ruhsati'),
(1112, 'uz', 'Holati'),
(1113, 'uz', 'Amallar'),
(1114, 'uz', 'Lavozimni tanlang'),
(1115, 'uz', 'Tashkilot nomi'),
(1116, 'uz', 'Foydalanuvchi qo\'shish'),
(1117, 'uz', 'Foydalanuvchi qo\'shish'),
(1118, 'uz', 'Hayvon kasalliklari tashhisi va oziq-ovqat xavfsizligiga oid laboratoriya tekshiruvlari Yagona elektron ma\'lumotlar bazasini yuritish tizimi (VIS-Sayyor)'),
(1119, 'uz', 'Oziq-ovqatlar'),
(1120, 'uz', 'Aloqasiz'),
(1121, 'uz', 'Barcha kat. uchun'),
(1122, 'uz', 'Oziq-ovqatlar guruhlari'),
(1123, 'uz', 'Oziq-ovqat guruhlari'),
(1124, 'uz', 'Guruh qo\'shish'),
(1125, 'uz', 'Create Food Group'),
(1126, 'uz', 'Food Groups'),
(1127, 'uz', 'Save'),
(1128, 'uz', 'O`zgartirish: {name}'),
(1129, 'uz', 'Oziq-ovqatlar kategoriyalari'),
(1130, 'uz', 'Food Categories'),
(1131, 'uz', 'Create Food Category'),
(1132, 'uz', 'Oziq-ovqat kategoriyalari'),
(1133, 'uz', 'Kategoriya qo`shish'),
(1134, 'uz', 'Kategoriya qo\'shish'),
(1135, 'uz', 'Kategoriya'),
(1136, 'uz', 'Mahsulot'),
(1137, 'uz', 'Guruh'),
(1138, 'uz', 'Parametr(RU)'),
(1139, 'uz', 'Parametr(UZ)'),
(1140, 'uz', 'Birlik'),
(1141, 'uz', 'Minimal'),
(1142, 'uz', 'Minimal(oraliq)'),
(1143, 'uz', 'Maximal'),
(1144, 'uz', 'Maximal(Oraliq)'),
(1145, 'uz', 'Kategoriya'),
(1146, 'uz', 'Mahsulot'),
(1147, 'uz', 'Guruh'),
(1148, 'uz', 'Parametr(RU)'),
(1149, 'uz', 'Parametr(UZ)'),
(1150, 'uz', 'Birlik'),
(1151, 'uz', 'Minimal'),
(1152, 'uz', 'Minimal(oraliq)'),
(1153, 'uz', 'Maximal'),
(1154, 'uz', 'Maximal(Oraliq)'),
(1155, 'uz', 'Template Foods'),
(1156, 'uz', 'Create Template Food'),
(1157, 'uz', 'Oziq-ovqat ekspertizasi shablonlari'),
(1158, 'uz', 'Shablon qo`shish'),
(1159, 'uz', 'Oziq-ovqat ekspertizasi shablonlari'),
(1160, 'uz', 'Shablon qo`shish'),
(1161, 'uz', 'Shablonlar'),
(1162, 'uz', 'Dalolatnoma sanasi'),
(1163, 'uz', 'Dalolatnoma raqami(Qog\'ozdagi)'),
(1164, 'uz', 'Viloyat'),
(1165, 'uz', 'FIO'),
(1166, 'uz', 'Lavozim'),
(1167, 'uz', 'Oziq-ovqat ekspertizasi uchun ariza'),
(1168, 'uz', 'Vet uchstkani tanlang'),
(1169, 'uz', 'Tekshirishdan maqsadni tanlang'),
(1170, 'uz', 'Saqlash'),
(1171, 'uz', 'Dalolatnomalar ro\'yhati'),
(1172, 'uz', 'Namuna qo\'shish'),
(1173, 'uz', 'Mahsulot birligini tanlang'),
(1174, 'uz', 'Mahsulot nomi'),
(1175, 'uz', 'Mahsulot kategoriyasi'),
(1176, 'uz', 'Mahsulot guruhi'),
(1177, 'uz', 'Namuna o\'ramini tanlang'),
(1178, 'uz', 'Davlatni tanlang'),
(1179, 'uz', 'Namuna holatini tanlang'),
(1180, 'uz', 'Tanlanmagan'),
(1181, 'uz', 'Tanlangan'),
(1182, 'uz', 'Laboratoriya test turini tanlang'),
(1183, 'uz', 'Saqlash'),
(1184, 'uz', 'Parametr guruhini tanlang'),
(1185, 'uz', 'Parametr guruhi'),
(1186, 'uz', 'Mahsulot kategoriyasini tanlang'),
(1187, 'uz', 'Mahsulot guruhini tanlang'),
(1188, 'uz', '{code} raqamli ariza muvoffaqiyatli yuborildi'),
(1189, 'uz', 'Oziq-ovqat ekspertizasi bo\'yicha dalolatnoma qo\'shish'),
(1190, 'uz', 'Ariza muvoffaqiyatli yuborildi'),
(1191, 'uz', 'Qabul qilish'),
(1192, 'uz', 'Qabul qilish'),
(1193, 'uz', 'Namuna raqami'),
(1194, 'uz', 'Ariza raqami'),
(1195, 'uz', 'Namuna {number} raqami bilan saqlandi'),
(1196, 'uz', 'Oziq ovqat havfsizligi namunalar ro\'yhati'),
(1197, 'uz', 'radiologik'),
(1198, 'uz', 'kimyoviy'),
(1199, 'uz', 'mikrobiologik'),
(1200, 'uz', 'mikroskopik'),
(1201, 'uz', 'organoleptik'),
(1202, 'uz', 'Vet4 uchun natijalar kiritilmagan'),
(1203, 'uz', 'Natija muvoffaqiyatli tasdiqlandi. Natija rahbar tasdiqlashi uchun yuborildi.'),
(1204, 'uz', 'Parametr guruhi'),
(1205, 'uz', 'Mahsulot guruhi');
INSERT INTO `message` (`id`, `language`, `translation`) VALUES
(1206, 'uz', 'Parametr guruhi'),
(1207, 'uz', 'Oziq-ovqat ekspertizasi bo`yicha o`tkazilgan tekshiruvlar hisoboti'),
(1208, 'uz', 'Mahsulot ekspertizasi uchun arizalar'),
(1209, 'uz', 'Hayvon kasalligi tashhisi uchun ariza'),
(1210, 'uz', 'Hayvon kasalliklari tashhisi bo`yicha arizalar'),
(1211, 'uz', 'Hayvon kasalliklari tashhisi bo`yicha arizalar'),
(1212, 'uz', 'Hayvon kasalliklari tashhisi bo`yicha arizalar'),
(1213, 'uz', 'Mahsulot parametri'),
(1214, 'uz', 'Pasport ma\'lumotlarini topishda xatolik. Qayta urinib ko`ring'),
(1215, 'uz', 'Yana qo`shish'),
(1216, 'uz', 'Mahsulot ekspertizasi bo`yicha arizalar'),
(1217, 'uz', 'ID'),
(1218, 'uz', 'Hayvon turi'),
(1219, 'uz', 'Jinsi'),
(1220, 'uz', 'Yoshi(oy)'),
(1221, 'uz', 'Kasallik turi'),
(1222, 'uz', 'Test turi'),
(1223, 'uz', 'Parametr(UZ)'),
(1224, 'uz', 'Parametr(RU)'),
(1225, 'uz', 'Birlik'),
(1226, 'uz', 'Minimal'),
(1227, 'uz', 'Minimal (Oraliq uchun)'),
(1228, 'uz', 'Maksimal'),
(1229, 'uz', 'Maksimal(Oraliq uchun)'),
(1230, 'uz', 'Emlanganlik'),
(1231, 'uz', 'Vaksina tasiri(KUN, -1 cheklanmagan) '),
(1232, 'uz', 'Kiritdi'),
(1233, 'uz', 'Tasdiqladi'),
(1234, 'uz', 'Yaratildi'),
(1235, 'uz', 'O\'zgartirildi'),
(1236, 'uz', 'Saqlash'),
(1237, 'uz', 'Saqlash'),
(1238, 'uz', 'Foydalanuvchi huquqlari'),
(1239, 'uz', 'Foydalanuvchi huquqi qo\'shish'),
(1240, 'uz', 'ID'),
(1241, 'uz', 'Name'),
(1242, 'uz', 'Huquq qo\'shish'),
(1243, 'uz', 'Foydalanuvchi huquqlari'),
(1244, 'uz', 'ID'),
(1245, 'uz', 'Name'),
(1246, 'uz', 'Saqlash'),
(1247, 'uz', 'O\'zgartirish'),
(1248, 'uz', 'O\'chirish'),
(1249, 'uz', 'Are you sure you want to delete this item?'),
(1250, 'uz', 'Sample Registrations'),
(1251, 'uz', 'Update'),
(1252, 'uz', 'Delete'),
(1253, 'uz', 'Oziq-ovqatlar parametr guruhlari'),
(1254, 'uz', 'sonli hayvon kasalliklari tashhisi uchun kelgan namuna raqami'),
(1255, 'uz', 'Birlashgan namuna'),
(1256, 'uz', 'sonli hayvon kasalliklari tashhisi uchun kelgan namuna raqami'),
(1257, 'uz', 'Birlashgan namuna'),
(1258, 'uz', 'Alohida kelgan namuna'),
(1259, 'uz', 'Alohida kelgan namuna'),
(1260, 'uz', 'Hayvon kasalliklari tashhisi bo`yicha arizalar ro`yhati'),
(1261, 'uz', 'sonli hayvon kasalliklari tashhisi bo`yicha ariza'),
(1262, 'uz', 'sonli hayvon kasalliklari tashhisi bo`yicha ariza'),
(1263, 'uz', 'Hayvon kasalliklari tashhisi bo`yicha namunalar ro\'yhati'),
(1264, 'uz', 'Hayvon kasalliklari tashhisi bo`yicha namunalar ro\'yhati'),
(1265, 'uz', 'sonli hayvon kasalliklari tashhisi bo`yicha namuna'),
(1266, 'uz', 'sonli hayvon kasalliklari tashhisi bo`yicha namuna'),
(1267, 'uz', 'Dalolatnomaga namuna biriktirilmagan'),
(1268, 'uz', 'Hayvon kasalliklari tashhisi bo`yicha kelgan namunalar ro\'yhati'),
(1269, 'uz', 'sonli hayvon kasalliklari tashhisi bo`yicha namuna raqami'),
(1270, 'uz', 'Tashkilot qo\'chish'),
(1271, 'uz', 'Tashkilot qo\'chish'),
(1272, 'uz', 'Tashkilot turlari'),
(1273, 'uz', 'Tashkilot turi qo\'shish'),
(1274, 'uz', 'Lavozimlar '),
(1275, 'uz', 'Huquqini tanlang'),
(1276, 'uz', 'Lavozimlar'),
(1277, 'uz', 'Hayvon kasalliklari arizalar ro\'yxati'),
(1278, 'uz', 'Arizani kuzatish'),
(1279, 'uz', 'Arizani kuzatish'),
(1280, 'uz', 'Kategoriya'),
(1281, 'uz', 'Turi'),
(1282, 'uz', 'Manzil'),
(1283, 'uz', 'Lat'),
(1284, 'uz', 'Long'),
(1285, 'uz', 'Batafsil'),
(1286, 'uz', 'Telefon'),
(1287, 'uz', 'Yuborildi'),
(1288, 'uz', 'Tekshirildi'),
(1289, 'uz', 'Haqqoniyligi'),
(1290, 'uz', 'Holati'),
(1291, 'uz', 'Kategoriya'),
(1292, 'uz', 'Turi'),
(1293, 'uz', 'Manzil'),
(1294, 'uz', 'Lat'),
(1295, 'uz', 'Long'),
(1296, 'uz', 'Batafsil'),
(1297, 'uz', 'Telefon'),
(1298, 'uz', 'Yuborildi'),
(1299, 'uz', 'Tekshirildi'),
(1300, 'uz', 'Haqqoniyligi'),
(1301, 'uz', 'Holati'),
(1302, 'uz', 'Kategoriya'),
(1303, 'uz', 'Turi'),
(1304, 'uz', 'Manzil'),
(1305, 'uz', 'Lat'),
(1306, 'uz', 'Long'),
(1307, 'uz', 'Batafsil'),
(1308, 'uz', 'Telefon'),
(1309, 'uz', 'Yuborildi'),
(1310, 'uz', 'Tekshirildi'),
(1311, 'uz', 'Haqqoniyligi'),
(1312, 'uz', 'Holati'),
(1313, 'uz', 'Mahsulot turi'),
(1314, 'uz', 'Oziq-ovqat havfsizligi bo`yicha arizalar ro\'yhati'),
(1315, 'uz', 'Oziq-ovqat havfsizligi bo`yicha arizalar ro\'yhati'),
(1316, 'uz', 'Oziq-ovqat havfsizligi bo`yicha arizalar ro\'yhati'),
(1317, 'uz', 'O\'zgartirish'),
(1318, 'uz', 'O\'chirish'),
(1319, 'uz', 'Are you sure you want to delete this item?'),
(1320, 'uz', 'Vaksina nomi'),
(1321, 'uz', 'Kasallik nomi'),
(1322, 'uz', 'Sana'),
(1323, 'uz', 'O\'zgartirish'),
(1324, 'uz', 'O\'chirish'),
(1325, 'uz', 'Are you sure you want to delete this item?'),
(1326, 'uz', 'Vaksina nomi'),
(1327, 'uz', 'Kasallik nomi'),
(1328, 'uz', 'Sana'),
(1329, 'uz', 'Manzil kesimida'),
(1330, 'uz', 'Tashkilot kesimida'),
(1331, 'uz', 'Manzil kesimida'),
(1332, 'uz', 'Tashkilot kesimida'),
(1333, 'uz', 'Manzil kesimida'),
(1334, 'uz', 'Tashkilot kesimida'),
(1335, 'uz', 'Hayvon kasalliklari tashhisi uchun kelgan namunanlarni yo\'q qilish dalolatnomalari ro\'yhati'),
(1336, 'uz', 'sonli oziq-ovqat havfsizligi bo`yicha ariza'),
(1337, 'uz', 'sonli oziq-ovqat havfsizligi bo`yicha ariza'),
(1338, 'uz', 'Oziq ovqat havfsizligi bo`yicha kelgan namunalar ro\'yhati'),
(1339, 'uz', 'sonli oziq-ovqat havfsizligi bo`yicha namuna raqami'),
(1340, 'uz', 'Topshiriq rad etildi'),
(1341, 'uz', 'Hayvon kasalliklari tashhisi uchun kelgan namunalarni yo\'q qilish dalolatnomalari ro\'yhati'),
(1342, 'uz', 'sonli hayvon kasalliklari tashhisi uchun kelgan namunani yo`q qilish dalolatnomasi'),
(1343, 'uz', 'sonli hayvon kasalliklari tashhisi uchun kelgan namunani yo`q qilish dalolatnomasi'),
(1344, 'uz', 'Oziq-ovqat tashhisi bo`yicha kelgan namunalarni yo\'q qilish dalolatnomalari ro\'yhati'),
(1345, 'uz', 'Hayvon kasalliklari tashhisi bo`yicha kelgan namunalarni yo\'q qilish dalolatnomalari ro\'yhati'),
(1346, 'uz', 'sonli hayvon kasalliklari tashhisi bo`yicha namunani yo`q qilish dalolatnomasi'),
(1347, 'uz', 'Namunani yo\'q qilish dalolatnomalari'),
(1348, 'uz', 'sonli hayvon kasalliklari tashhisi bo`yicha namunani yo`q qilish dalolatnomasi'),
(1349, 'uz', 'Namunani yo\'q qilish dalolatnomalari'),
(1350, 'uz', 'Food Registrations'),
(1351, 'uz', 'O`zgartirish'),
(1352, 'uz', 'O`chirish'),
(1353, 'uz', 'Tashkiliy huquqiy shaklni tanlang'),
(1354, 'uz', 'Viloyatni tanlang'),
(1355, 'uz', 'Tumanni tanlang'),
(1356, 'uz', 'QFYni tanlang'),
(1357, 'uz', 'Saqlash'),
(1358, 'uz', 'Tashkiliy huquqiy shaklni tanlang'),
(1359, 'uz', 'Viloyatni tanlang'),
(1360, 'uz', 'Tumanni tanlang'),
(1361, 'uz', 'QFYni tanlang'),
(1362, 'uz', 'Saqlash'),
(1363, 'uz', 'Hayvon turilari'),
(1364, 'uz', 'Hayvon turilari'),
(1365, 'uz', 'Saqlash'),
(1366, 'uz', 'Saqlash'),
(1367, 'uz', 'Oziq-ovqat havfsizligi tashhisi bo`yicha namunalar ro\'yhati'),
(1368, 'uz', 'sonli oziq-ovqat havfsizligi uchun kelgan namuna raqami'),
(1369, 'uz', 'sonli oziq-ovqat havfsizligi uchun kelgan namuna raqami'),
(1370, 'uz', 'sonli oziq-ovqat havfsizligi bo`yicha namunani yo`q qilish dalolatnomasi'),
(1371, 'uz', 'sonli oziq-ovqat havfsizligi bo`yicha namunani yo`q qilish dalolatnomasi'),
(1372, 'uz', 'Oziq-ovqat havfsizligi uchun kalgan namunalarni yo\'q qilish dalolatnomalari ro\'yhati'),
(1373, 'uz', 'sonli oziq-ovqat havfsizligi uchun kelgan namunani yo`q qilish dalolatnomasi'),
(1374, 'uz', 'sonli oziq-ovqat havfsizligi uchun kelgan namunani yo`q qilish dalolatnomasi'),
(1375, 'uz', '4VET klassifikator kodi'),
(1376, 'uz', 'Oziq-ovqat havfsizligi bo`yicha kelgan namunalarni yo\'q qilish dalolatnomalari ro\'yhati'),
(1377, 'uz', 'Natija tasdiqlandi'),
(1378, 'uz', 'Nomi(UZ)'),
(1379, 'uz', 'Nomi(RU)'),
(1380, 'uz', 'Turi'),
(1381, 'uz', 'Qo`shish'),
(1382, 'uz', 'O\'zgartirish'),
(1383, 'uz', 'O\'chirish'),
(1384, 'uz', 'Are you sure you want to delete this item?'),
(1385, 'uz', 'Jismoiy shaxslar'),
(1386, 'uz', 'O\'zgartirish'),
(1387, 'uz', 'O\'chirish'),
(1388, 'uz', 'Are you sure you want to delete this item?'),
(1389, 'uz', 'O\'zgartirish: {name}'),
(1390, 'uz', 'Saqlash'),
(1391, 'uz', 'Oziq-ovqat Parametr guruhlari'),
(1392, 'uz', 'Kasallik toifalari'),
(1393, 'uz', 'O\'zgartirish'),
(1394, 'uz', 'O\'chirish'),
(1395, 'uz', 'Are you sure you want to delete this item?'),
(1396, 'uz', 'O\'zgartirish: {name}'),
(1397, 'uz', 'Kasallik toifasi'),
(1398, 'uz', 'O\'zgartirish'),
(1399, 'uz', 'Saqlash'),
(1400, 'uz', 'O\'zgartirish'),
(1401, 'uz', 'O\'chirish'),
(1402, 'uz', 'Are you sure you want to delete this item?'),
(1403, 'uz', 'Food Sampling Certificates'),
(1404, 'uz', 'Food Sampling Certificates'),
(1405, 'uz', 'O\'tkazilgan tekshiruv natijalari kiritlmagan'),
(1406, 'uz', 'Natija rad etildi'),
(1407, 'uz', 'Hayvon toifasi qo\'shish'),
(1408, 'uz', 'Hayvon toifasi qo\'shish'),
(1409, 'uz', 'Samples'),
(1410, 'uz', 'O`zgartirish'),
(1411, 'uz', 'O`chirish'),
(1412, 'uz', 'Are you sure you want to delete this item?'),
(1413, 'uz', 'Create Samples'),
(1414, 'uz', 'Samples'),
(1415, 'uz', 'Saqlash'),
(1416, 'uz', 'Create Samples'),
(1417, 'uz', 'Samples'),
(1418, 'uz', 'Saqlash'),
(1419, 'uz', 'Saqlash'),
(1420, 'uz', 'Saqlash'),
(1421, 'uz', 'Saqlash'),
(1422, 'uz', 'Saqlash'),
(1423, 'uz', 'Labaratoriya tadqiqot turi'),
(1424, 'uz', 'Laboratoriya tadqiqot turi'),
(1425, 'uz', 'Saqlash'),
(1426, 'uz', 'Labaratoriya tadqiqot turi'),
(1427, 'uz', 'Laboratoriya tadqiqot turi'),
(1428, 'uz', 'Saqlash'),
(1429, 'uz', 'O\'zgartirish: {name}'),
(1430, 'uz', 'O\'zgartirish'),
(1431, 'uz', 'Create Tshx'),
(1432, 'uz', 'Tshxes'),
(1433, 'uz', 'Save'),
(1434, 'uz', 'Create Tshx'),
(1435, 'uz', 'Tshxes'),
(1436, 'uz', 'Save'),
(1437, 'uz', 'O\'zgartirish'),
(1438, 'uz', 'O\'chirish'),
(1439, 'uz', 'Are you sure you want to delete this item?'),
(1440, 'uz', 'Update Samples: {name}'),
(1441, 'uz', 'Saqlash'),
(1442, 'uz', 'Saqlash'),
(1443, 'uz', 'O\'zgartirish: {name}'),
(1444, 'uz', 'O\'zgartirish'),
(1445, 'uz', 'O\'chirish'),
(1446, 'uz', 'Are you sure you want to delete this item?'),
(1447, 'uz', 'Saqlash'),
(1448, 'uz', 'Saqlash'),
(1449, 'uz', 'O\'zgartirish'),
(1450, 'uz', 'O\'chirish'),
(1451, 'uz', 'Are you sure you want to delete this item?'),
(1452, 'uz', 'O\'zgartirish: {name}'),
(1453, 'uz', 'O\'zgartirish: {name}'),
(1454, 'uz', 'The requested page does not exist.'),
(1455, 'uz', 'Proba turlari'),
(1456, 'uz', 'Aniqlangan kasallik nomi'),
(1457, 'uz', 'Boshqa kasallik aniqlandi'),
(1458, 'uz', 'Normalarni o`zgartirish'),
(1459, 'uz', 'Sababi'),
(1460, 'uz', 'O`zgartirish'),
(1461, 'uz', 'Natija birligi'),
(1462, 'uz', 'Min'),
(1463, 'uz', 'Min 2'),
(1464, 'uz', 'Max'),
(1465, 'uz', 'Max 2'),
(1466, 'uz', 'Aniqlangan kasallik nomi'),
(1467, 'uz', 'Boshqa kasallik aniqlandi'),
(1468, 'uz', 'Normalarni o`zgartirish'),
(1469, 'uz', 'Sababi'),
(1470, 'uz', 'O`zgartirish'),
(1471, 'uz', 'Natija birligi'),
(1472, 'uz', 'Min'),
(1473, 'uz', 'Min 2'),
(1474, 'uz', 'Max'),
(1475, 'uz', 'Max 2'),
(1476, 'uz', 'Template ID'),
(1477, 'uz', 'Type ID'),
(1478, 'uz', 'Vet uchaskani tanlang'),
(1479, 'uz', 'Namuna tekshiruv natijasi imzolandi. Namunani yo\'q qilish uchun topshiriq yuborildi. Namuna birlashgan bo`lganligi uchun tayyor emas.'),
(1480, 'uz', 'Namuna tekshiruv natijasi rad etildi'),
(1481, 'uz', 'O\'chirish'),
(1482, 'uz', 'Are you sure you want to delete this item?'),
(1483, 'uz', 'O\'zgartirish: {name}'),
(1484, 'uz', 'Unitlar'),
(1485, 'uz', 'Update Tshx: {name}'),
(1486, 'uz', 'O`zgartirish'),
(1487, 'uz', 'O`chirish'),
(1488, 'uz', 'Are you sure you want to delete this item?'),
(1489, 'uz', 'The requested page does not exist.'),
(1490, 'uz', 'ID'),
(1491, 'uz', 'Nomi(UZ)'),
(1492, 'uz', 'Nomi(RU)'),
(1493, 'uz', 'Code'),
(1494, 'uz', 'ID'),
(1495, 'uz', 'Nomi(UZ)'),
(1496, 'uz', 'Nomi(RU)'),
(1497, 'uz', 'Code'),
(1498, 'uz', 'Kasallik qo\'shish'),
(1499, 'uz', 'Kasallik qo\'shish'),
(1500, 'uz', 'Saqlash'),
(1501, 'uz', 'Saqlash'),
(1502, 'uz', 'Kasallik toifasi qo\'shish'),
(1503, 'uz', 'Kasallik toifasi qo\'shish'),
(1504, 'uz', 'O\'zgartirish'),
(1505, 'uz', 'O\'chirish'),
(1506, 'uz', 'Are you sure you want to delete this item?'),
(1507, 'uz', 'Parametr guruhlari'),
(1508, 'uz', 'Bo`limlar ro\'yhati'),
(1509, 'uz', 'Bo`limlar ro\'yhati'),
(1510, 'uz', 'Bo`limlar ro\'yhati'),
(1511, 'uz', 'Bo`limlar ro\'yhati'),
(1512, 'uz', 'Namuna qo\'shish'),
(1513, 'uz', 'Birlashgan'),
(1514, 'uz', 'Alohida'),
(1515, 'uz', 'Raqamli namunalarni qabul qilish'),
(1516, 'uz', 'Guruh'),
(1517, 'uz', 'Normativga mosligi'),
(1518, 'uz', 'Moslik'),
(1519, 'uz', 'Sertifikatlar'),
(1520, 'uz', 'Sertifikatlar'),
(1521, 'uz', 'Tashkilot sertifikatlari ro`yhati'),
(1522, 'uz', 'Yangi sertifikat qo`shish'),
(1523, 'uz', 'Sertifikatlar ro\'yhati'),
(1524, 'uz', 'Sertifikat'),
(1525, 'uz', 'Hayvon kasalliklari tashhisi bo`yicha kelgan namuna raqami'),
(1526, 'uz', 'Hayvon kasalliklari tashhisi bo`yicha kelgan namuna raqami'),
(1527, 'uz', 'Raqamli namunaga topshiriq berish'),
(1528, 'uz', 'Raqamli namunaga berilgan topshiriq ma`lumotlarini o`zgartirish'),
(1529, 'uz', 'Raqamli namunaga berilgan topshiriq ma`lumotlarini o`zgartirish'),
(1530, 'uz', 'Namunaga shablonlar muvoffaqiyatli yuborildi'),
(1531, 'uz', 'Raqamli namunalar bo`yicha topshiriqlar ro`yhati'),
(1532, 'uz', 'Raqamli namunalarni topshiriq ma`lumotlarini o`zgartirish');

-- --------------------------------------------------------

--
-- Table structure for table `migration`
--

CREATE TABLE `migration` (
  `version` varchar(180) NOT NULL,
  `apply_time` int(11) DEFAULT NULL
) ENGINE=InnoDB DEFAULT CHARSET=utf8mb4;

-- --------------------------------------------------------

--
-- Table structure for table `organizations`
--

CREATE TABLE `organizations` (
  `id` int(11) NOT NULL,
  `id_from_api` int(11) DEFAULT NULL,
  `TIN` int(11) NOT NULL,
  `NA1_CODE` int(11) DEFAULT NULL,
  `NS10_CODE` int(11) DEFAULT NULL,
  `NS11_CODE` int(11) DEFAULT NULL,
  `NAME_FULL` varchar(255) COLLATE utf8mb4_unicode_ci NOT NULL,
  `ADDRESS` varchar(255) COLLATE utf8mb4_unicode_ci DEFAULT NULL,
  `REG_DATE` datetime DEFAULT NULL,
  `DATE_TIN` datetime DEFAULT NULL,
  `REG_NUM` varchar(30) COLLATE utf8mb4_unicode_ci DEFAULT NULL,
  `NS13_CODE` varchar(30) COLLATE utf8mb4_unicode_ci DEFAULT NULL,
  `TELEFON` int(11) DEFAULT NULL,
  `TELEX` varchar(30) COLLATE utf8mb4_unicode_ci DEFAULT NULL,
  `FAX` varchar(30) COLLATE utf8mb4_unicode_ci DEFAULT NULL,
  `GD_FULL_NAME` varchar(255) COLLATE utf8mb4_unicode_ci NOT NULL,
  `GD_TIN` int(11) DEFAULT NULL,
  `GD_TEL_WORK` int(11) DEFAULT NULL,
  `GD_TEL_HOME` bit(1) DEFAULT NULL,
  `GD_EMAIL` varchar(100) COLLATE utf8mb4_unicode_ci DEFAULT NULL,
  `GB_FULL_NAME` varchar(255) COLLATE utf8mb4_unicode_ci DEFAULT NULL,
  `GB_TIN` varchar(30) COLLATE utf8mb4_unicode_ci DEFAULT NULL,
  `GB_TEL_WORK` varchar(30) COLLATE utf8mb4_unicode_ci DEFAULT NULL,
  `GB_TEL_HOME` varchar(30) COLLATE utf8mb4_unicode_ci DEFAULT NULL,
  `OKED` int(11) DEFAULT NULL,
  `OKPO` int(11) DEFAULT NULL,
  `OKONX` int(11) DEFAULT NULL,
  `soato` int(11) NOT NULL,
  `EMAIL` varchar(100) COLLATE utf8mb4_unicode_ci DEFAULT NULL,
  `DATE_END` datetime DEFAULT NULL,
  `CREATED` datetime DEFAULT NULL,
  `CHANGED` datetime DEFAULT NULL,
  `GD_MOBILE` varchar(30) COLLATE utf8mb4_unicode_ci DEFAULT NULL,
  `BUDJET` bit(1) NOT NULL,
  `type_id` int(11) DEFAULT 1
) ENGINE=InnoDB DEFAULT CHARSET=utf8mb4 COLLATE=utf8mb4_unicode_ci;

--
-- Dumping data for table `organizations`
--

INSERT INTO `organizations` (`id`, `id_from_api`, `TIN`, `NA1_CODE`, `NS10_CODE`, `NS11_CODE`, `NAME_FULL`, `ADDRESS`, `REG_DATE`, `DATE_TIN`, `REG_NUM`, `NS13_CODE`, `TELEFON`, `TELEX`, `FAX`, `GD_FULL_NAME`, `GD_TIN`, `GD_TEL_WORK`, `GD_TEL_HOME`, `GD_EMAIL`, `GB_FULL_NAME`, `GB_TIN`, `GB_TEL_WORK`, `GB_TEL_HOME`, `OKED`, `OKPO`, `OKONX`, `soato`, `EMAIL`, `DATE_END`, `CREATED`, `CHANGED`, `GD_MOBILE`, `BUDJET`, `type_id`) VALUES
(1, 1296673, 305056883, 19, 26, 9, 'УЧРЕЖДЕНИЕ \"\"RESPUBLIKA HAYVONLAR KASALLIKLARI TASHXISI VA OZ', 'A.YUNUSOVA KO`CHASI, 1-A-UY', '2013-09-20 17:00:00', '0000-00-00 00:00:00', '', '0', 712293212, '', '', 'TANGYARIQOV BAHRIDIN SAYIDOVIC', 516565982, NULL, NULL, '', '', '', '', '', 75000, 27318701, 0, 1726280, 'vetcentre@vetgov.uz', '0000-00-00 00:00:00', '2018-11-15 10:51:08', '2019-01-11 06:18:42', '', b'1', 1),
(2, 113644, 200935112, 19, 26, 6, 'УЧРЕЖДЕНИЕ \"\"DAVLAT VETERINARIYA BOSH BOSHQARMASI\"\"', 'FARXOD KO`CHASI, 21A-UY', '2017-08-20 17:00:00', '0000-00-00 00:00:00', '', '0', 2769085, '', '', 'НОРКОБИЛОВ БАХРОМЖОН', 509165541, 2763324, b'0', '', '', '0', '', '', 84112, 5596960, 97400, 1726294, '', '0000-00-00 00:00:00', '2018-11-15 10:49:12', '2019-01-11 06:18:42', '', b'1', 4),
(3, 78979, 201352893, 39, 26, 2, 'KOMPYUTER-OSIYO ILMIY-TEXNIKA PARKI', 'Х.ОЛИМЖОН КУЧАСИ,3Б-УЙ,2А-ХОНАДОН.', '2026-09-20 13:00:00', '0000-00-00 00:00:00', '01111', '0', 2685983, '', '', 'ХУНДИБАЕВ АБДУРАХМАН МАЛИК', 459823214, 2685983, b'1', '', '', '0', '', '', 58210, 15779093, 14333, 1708235, '', '0000-00-00 00:00:00', '2018-11-15 10:49:09', '0000-00-00 00:00:00', '', b'0', 2),
(4, 1162567, 303757280, 12, 26, 2, 'EFFECT CONSULTING -худудий бошкарма', 'RAVNAQ KO`CHASI, 1-UY', '2006-09-20 16:00:00', '0000-00-00 00:00:00', '01111', '0', 9180107, '', '', 'BOBOQULOV DILSHOD ERGASH UGLI', 540309101, 951999955, b'1', '', '', '0', '', '', 70220, 25997922, 84500, 1733, '', '0000-00-00 00:00:00', '2018-11-15 10:50:54', '0000-00-00 00:00:00', '', b'1', 3),
(5, 845378, 300993695, 56, 26, 10, 'Forish tumani hayvonlar kasalliklari tashxisi va oziq-ovqat mahsulotlari xavfsizligi davlat markazi', 'M.UYGUR KO`CHASI 486 UY', '2028-11-20 08:00:00', '0000-00-00 00:00:00', '', '0', 1882200, '', '', 'САИДОВ ДОНИЕР РУСТАМОВИЧ', 600260927, 3930030, b'1', '', '', '0', '', '', 63110, 22552059, 82100, 1708235, '', '0000-00-00 00:00:00', '2018-11-15 10:50:21', '0000-00-00 00:00:00', '', b'1', 1),
(6, 369160, 200145050, 19, 30, 5, 'Ф.В. ХАЙВ. КАСАЛ. ТАШХ. ВА ОЗИК-ОВКАТ МАХС. ХАВФ. ДАВЛАТ МАР', 'МУСТАКИЛЛИК 197', '0000-00-00 00:00:00', '0000-00-00 00:00:00', '', '0', 2263869, '0', '', 'ГАЗИЕВ АСКАРАЛИ ТУРСУНОВИЧ', 422831716, 2263869, b'1', '', '', '0', '', '', 75000, 5596641, 22200, 1730401, '', '0000-00-00 00:00:00', '2018-11-15 10:49:34', '0000-00-00 00:00:00', '', b'1', 1),
(7, 233395, 203062328, 19, 6, 1, 'БУХ ВИЛ ХАЙВОНЛАР К/Т ВА ОЗИ? ОВ?АТ МАХСУЛОТЛАРИ Х/Д МАРКАЗ', 'КИЗИЛКУМСКАЯ,20 УЙ', '0000-00-00 00:00:00', '0000-00-00 00:00:00', '', '0', 2240015, '', '', 'ФОЗИЛОВ АБДУРАШИД ТУРОБОВИЧ', 518023136, 2284015, b'1', '', '', '0', '', '', 75000, 5594889, 22200, 1706401, '', '0000-00-00 00:00:00', '2018-11-15 10:49:22', '0000-00-00 00:00:00', '', b'1', 1);

-- --------------------------------------------------------

--
-- Table structure for table `organization_type`
--

CREATE TABLE `organization_type` (
  `id` int(11) NOT NULL,
  `name` varchar(50) NOT NULL
) ENGINE=InnoDB DEFAULT CHARSET=utf8mb4;

--
-- Dumping data for table `organization_type`
--

INSERT INTO `organization_type` (`id`, `name`) VALUES
(1, 'лаборатория'),
(2, 'туман булими'),
(3, 'худидий бошкарма'),
(4, 'комитет');

-- --------------------------------------------------------

--
-- Table structure for table `post_list`
--

CREATE TABLE `post_list` (
  `id` int(11) NOT NULL,
  `name` varchar(50) COLLATE utf8mb4_unicode_ci DEFAULT NULL,
  `def_role` int(11) DEFAULT NULL COMMENT 'Лавозимнинг ҳуқуқи (Default role)'
) ENGINE=InnoDB DEFAULT CHARSET=utf8mb4 COLLATE=utf8mb4_unicode_ci COMMENT='Лавозимлар руйхати.';

--
-- Dumping data for table `post_list`
--

INSERT INTO `post_list` (`id`, `name`, `def_role`) VALUES
(1, 'Registrator', 1),
(2, 'Labaratoriya vrachi', 2),
(3, 'Labratoriya mudiri', 3),
(4, 'Rahbar', 4),
(5, 'Administrator', 5),
(8, 'Labaratoriya vrach', 2);

-- --------------------------------------------------------

--
-- Stand-in structure for view `qfi_view`
-- (See below for the actual view)
--
CREATE TABLE `qfi_view` (
`MHOBT_cod` int(11)
,`district_id` int(11)
,`region_id` int(11)
,`qfi_id` int(11)
,`name_lot` varchar(100)
,`center_lot` varchar(50)
,`name_cyr` varchar(100)
,`center_cyr` varchar(50)
,`name_ru` varchar(100)
,`center_ru` varchar(50)
);

-- --------------------------------------------------------

--
-- Stand-in structure for view `regions_view`
-- (See below for the actual view)
--
CREATE TABLE `regions_view` (
`region_id` int(11)
,`name_lot` varchar(100)
,`center_lot` varchar(50)
,`name_cyr` varchar(100)
,`center_cyr` varchar(50)
,`name_ru` varchar(100)
,`center_ru` varchar(50)
);

-- --------------------------------------------------------

--
-- Table structure for table `regulations`
--

CREATE TABLE `regulations` (
  `id` int(11) NOT NULL,
  `name_uz` varchar(255) DEFAULT NULL,
  `name_ru` varchar(255) DEFAULT NULL,
  `file` varchar(255) DEFAULT NULL,
  `creator_id` int(11) DEFAULT NULL,
  `status` int(11) DEFAULT 1,
  `created` datetime NOT NULL DEFAULT current_timestamp(),
  `updated` datetime DEFAULT current_timestamp() ON UPDATE current_timestamp(),
  `type_id` int(11) DEFAULT NULL
) ENGINE=InnoDB DEFAULT CHARSET=utf8mb4 COMMENT='Normativ hujjatlar';

--
-- Dumping data for table `regulations`
--

INSERT INTO `regulations` (`id`, `name_uz`, `name_ru`, `file`, `creator_id`, `status`, `created`, `updated`, `type_id`) VALUES
(1, 'Namunaviy hujjat 1', 'Namunaviy hujjat 1', '', 2, 1, '2022-03-25 20:40:05', '2022-03-30 01:02:43', 1),
(2, 'Namunaviy hujjat 2', 'Namunaviy hujjat 2', '', 2, 1, '2022-03-25 20:40:10', '2022-03-30 01:02:45', 1),
(3, 'Namunaviy hujjat 3', 'Namunaviy hujjat 3', '', 2, 1, '2022-03-25 20:40:15', '2022-03-30 01:02:46', 1),
(4, 'RFFFFFFGGGGG', 'HGKHKJHJJK', '', 2, 1, '2022-04-18 17:58:38', '2022-04-18 17:58:38', 1),
(5, 'hujjat-999', 'документ-999 ', '1653911814.5083.pdf', 2, 1, '2022-05-30 16:56:54', '2022-05-30 16:56:54', 1),
(6, 'ГОСТ 34105-2017, МЭБ 3.1.4.', 'ГОСТ 34105-2017, МЭБ 3.1.4.', '1655375455.6309.jpg', 2, 1, '2022-06-16 15:30:55', '2022-06-21 20:42:47', 1),
(7, 'ГОСТ 34105-2017, МЭБ 3.1.4.', 'ГОСТ 34105-2017, МЭБ 3.1.4.', '1655375459.8636.jpg', 2, 1, '2022-06-16 15:30:59', '2022-06-21 20:42:50', 1),
(8, 'ГОСТ 34105-2017, МЭБ 3.1.4.', 'ГОСТ 34105-2017, МЭБ 3.1.4.', '1655375464.7504.jpg', 2, 1, '2022-06-16 15:31:04', '2022-06-21 20:42:51', 1),
(9, 'ГОСТ 34105-2017, МЭБ 3.1.4. ----', 'ГОСТ 34105-2017, МЭБ 3.1.4. ----', '1655375469.1631.jpg', 2, 1, '2022-06-16 15:31:09', '2022-06-21 20:42:54', 1),
(10, 'ГОСТ 34105-2017, МЭБ 3.1.4. ----', 'ГОСТ 34105-2017, МЭБ 3.1.4. ----', '1655375473.5471.jpg', 2, 1, '2022-06-16 15:31:13', '2022-06-21 20:42:56', 1),
(11, 'ГОСТ 34105-2017, МЭБ 3.1.4. ----', 'ГОСТ 34105-2017, МЭБ 3.1.4. ----', '1655375480.7658.jpg', 2, 1, '2022-06-16 15:31:20', '2022-06-21 20:42:57', 1),
(14, 'додлодлодлодлодлж', 'ороролл', '1655904241.0987.gitconfig', 2, 1, '2022-06-22 18:24:01', '2022-06-22 18:24:01', 1),
(15, 'ооллдодлолд', 'оололдо', '', 2, 1, '2022-06-22 18:28:06', '2022-06-22 18:28:06', 1),
(16, 'Mikotoksin Zearalenon', 'Микотоксин Зеараленона', '1656500206.1743.pdf', 2, 1, '2022-06-29 15:55:07', '2022-06-29 15:56:46', 2),
(17, 'Quturishni laboratoriya diagnostikasi usullari ГОСТ 26075-2013', 'Методы лабораторной диагностики бешенства ГОСТ 26075-2013', '', 2, 1, '2022-07-07 15:59:59', '2022-09-10 13:47:41', 1),
(18, 'Методические рекомендации по лабораторной диагностике листериоза животных и людей (утв. Министерством здравоохранения СССР и Госагропромом СССР 4.09.1986 г. и 13.02.1987 г.', 'Методические рекомендации по лабораторной диагностике листериоза животных и людей (утв. Министерством здравоохранения СССР и Госагропромом СССР 4.09.1986 г. и 13.02.1987 г.', '', 2, 1, '2022-07-07 16:34:05', '2022-07-07 16:34:05', 1),
(19, 'Мikotoksin Aflatoksin B1', 'Микотоксин Афлaтоксин B1', '1657704707.0195.pdf', 2, 1, '2022-07-13 14:25:22', '2022-07-13 14:31:47', 2),
(20, 'Mikotoksin aflatoksin M1', 'Микотоксин Афлaтоксин M1', '1657704665.1076.pdf', 2, 1, '2022-07-13 14:29:20', '2022-07-13 14:31:05', 2),
(21, 'Mikotoksin DON', 'Микотоксин ДОН', '1657704780.0105.pdf', 2, 1, '2022-07-13 14:33:00', '2022-07-13 14:33:00', 2),
(22, 'Мikotoksin Ochratoxin A', 'Микотоксин Охратоксина А', '1657704909.1158.pdf', 2, 1, '2022-07-13 14:35:09', '2022-07-13 14:35:09', 2),
(23, 'Mikotoksin Fumonisin', 'Микотоксин Фумонизина', '1657705042.8735.pdf', 2, 1, '2022-07-13 14:37:22', '2022-07-13 14:37:22', 2),
(24, 'Мikotoksin T2-Toxin', 'Микотоксин Т-2 токсин', '1657705127.3238.pdf', 2, 1, '2022-07-13 14:38:47', '2022-07-13 14:38:47', 2),
(26, 'Quturishni laboratoriya diagnostikasi usullari GOST 26075-2013', 'Методы лабораторной диагностики бешенства  ГОСТ 26075— 2013', '1662799578.5353.pdf', 2, 1, '2022-09-10 13:46:18', '2022-09-10 13:46:18', 1),
(27, 'AUESKI KASALLIGI ГОСТ 23050-2012', 'AUESKI KASALLIGI ГОСТ 23050-2012', '1663045119.7404.pdf', 2, 1, '2022-09-13 09:58:39', '2022-09-13 09:58:39', 1),
(28, 'AUESKI KASALLIGI ГОСТ 25753-83', 'AUESKI KASALLIGI ГОСТ 25753-83', '1663045165.3894.pdf', 2, 1, '2022-09-13 09:59:25', '2022-09-13 09:59:25', 1),
(29, 'ДИАГНОСТИКА БРУЦЕЛЛЕЗА ГОСТ 34105-2017', 'ДИАГНОСТИКА БРУЦЕЛЛЕЗА ГОСТ 34105-2017', '1663152893.3938.pdf', 2, 1, '2022-09-14 15:54:53', '2022-09-14 15:54:53', 1),
(30, 'лептоспироз gost_25386-91', 'лептоспироз gost_25386-91', '1663161093.1348.pdf', 2, 1, '2022-09-14 18:11:33', '2022-09-14 18:11:33', 1),
(31, 'лептоспироз gost_33280-2015', 'лептоспироз gost_33280-2015', '1663161121.2483.pdf', 2, 1, '2022-09-14 18:12:01', '2022-09-14 18:12:01', 1),
(32, 'листериоз gost_33822-2016', 'листериоз gost_33822-2016', '1663223853.4821.pdf', 2, 1, '2022-09-15 11:37:33', '2022-09-15 11:37:33', 1),
(33, 'паратуберкулоз', 'паратуберкулоз', '1663227958.3979.pdf', 2, 1, '2022-09-15 12:45:58', '2022-09-15 12:45:58', 1),
(34, 'СИБИРСКОЙ ЯЗВЫgost_15991-86', 'СИБИРСКОЙ ЯЗВЫgost_15991-86', '1663228717.8702.pdf', 2, 1, '2022-09-15 12:58:37', '2022-09-15 12:58:37', 1),
(35, 'СИБИРСКОЙ ЯЗВЫgost_r_52616-2006', 'СИБИРСКОЙ ЯЗВЫgost_r_52616-2006', '1663228752.4269.pdf', 2, 1, '2022-09-15 12:59:12', '2022-09-15 12:59:12', 1),
(36, 'ящур_25384-82', 'ящур_25384-82', '1663242517.3203.pdf', 2, 1, '2022-09-15 16:48:37', '2022-09-15 16:48:37', 1),
(38, 'ИНФЕКЦИОННОГО РИНОТРАХЕИТА 25755-91', 'ИНФЕКЦИОННОГО РИНОТРАХЕИТА 25755-91', '1663399196.2057.pdf', 2, 1, '2022-09-17 12:19:56', '2022-09-17 12:19:56', 1),
(39, 'лейкоз лабораторной диагностики gost_25382-82', 'лейкоз лабораторной диагностики gost_25382-82', '1663401381.518.pdf', 2, 1, '2022-09-17 12:56:21', '2022-09-17 12:56:21', 1),
(40, 'КОНТАГИОЗНОГО ПУСТУЛЕЗНОГО ДЕРМАТИТА 25723-83', 'КОНТАГИОЗНОГО ПУСТУЛЕЗНОГО ДЕРМАТИТА 25723-83', '1663587256.6102.pdf', 2, 1, '2022-09-19 16:34:16', '2022-09-19 16:34:16', 1),
(41, 'туберкулоз_26072-89', 'туберкулоз_26072-89', '1663668050.0094.pdf', 2, 1, '2022-09-20 15:00:50', '2022-09-20 15:00:50', 1),
(42, 'ЭМФИЗЕМАТОЗНОГО КАРБУНКУЛ_32732-2014', 'ЭМФИЗЕМАТОЗНОГО КАРБУНКУЛ_32732-2014', '1663668882.1612.pdf', 2, 1, '2022-09-20 15:14:42', '2022-09-20 15:14:42', 1),
(43, 'ЭНТЕРОТОКСЕМИИ ОВЕЦ_28417-89', 'ЭНТЕРОТОКСЕМИИ ОВЕЦ_28417-89', '1663849661.979.pdf', 2, 1, '2022-09-22 17:27:41', '2022-09-22 17:27:41', 1),
(44, 'КОНТАГИОЗНОГО ПУСТУЛЕЗНОГО ДЕРМАТИТА_25723-83', 'КОНТАГИОЗНОГО ПУСТУЛЕЗНОГО ДЕРМАТИТА_25723-83', '1663853231.3295.pdf', 2, 1, '2022-09-22 18:27:11', '2022-09-22 18:27:11', 1);

-- --------------------------------------------------------

--
-- Table structure for table `regulation_types`
--

CREATE TABLE `regulation_types` (
  `id` int(11) NOT NULL,
  `name_uz` varchar(255) DEFAULT NULL,
  `name_ru` varchar(255) DEFAULT NULL
) ENGINE=InnoDB DEFAULT CHARSET=utf8mb4 COMMENT='regulation typelari';

--
-- Dumping data for table `regulation_types`
--

INSERT INTO `regulation_types` (`id`, `name_uz`, `name_ru`) VALUES
(1, 'Hayvon kasalliklari diagnostikasi', 'Hayvon kasalliklari diagnostikasi'),
(2, 'Oziq-ovqat mahsulotlari ekspertizasi', 'Oziq-ovqat mahsulotlari ekspertizasi');

-- --------------------------------------------------------

--
-- Table structure for table `report_animal`
--

CREATE TABLE `report_animal` (
  `id` int(11) NOT NULL,
  `type_id` int(11) DEFAULT NULL,
  `cat_id` int(11) DEFAULT NULL COMMENT 'Kirik olik',
  `soato_id` int(11) DEFAULT NULL,
  `lat` varchar(255) DEFAULT NULL,
  `long` varchar(255) DEFAULT NULL,
  `detail` text DEFAULT NULL,
  `operator_id` int(11) DEFAULT NULL,
  `is_true` int(11) DEFAULT -1,
  `report_status_id` int(11) DEFAULT NULL,
  `phone` varchar(255) DEFAULT NULL,
  `created` datetime DEFAULT current_timestamp(),
  `updated` datetime DEFAULT current_timestamp() ON UPDATE current_timestamp(),
  `code` varchar(255) DEFAULT NULL,
  `rep_id` int(11) DEFAULT NULL,
  `lang` varchar(255) DEFAULT NULL,
  `organization_id` int(11) DEFAULT NULL
) ENGINE=InnoDB DEFAULT CHARSET=utf8mb4 COMMENT='Hayvon kasalliklari buyicha arizalar';

-- --------------------------------------------------------

--
-- Table structure for table `report_animal_images`
--

CREATE TABLE `report_animal_images` (
  `id` int(11) NOT NULL,
  `image` varchar(255) DEFAULT NULL,
  `report_id` int(11) DEFAULT NULL
) ENGINE=InnoDB DEFAULT CHARSET=utf8mb4;

-- --------------------------------------------------------

--
-- Table structure for table `report_drugs`
--

CREATE TABLE `report_drugs` (
  `id` int(11) NOT NULL,
  `rep_id` int(11) DEFAULT NULL,
  `code` varchar(255) DEFAULT NULL,
  `cat_id` int(11) DEFAULT NULL,
  `type_id` int(11) DEFAULT NULL,
  `soato_id` int(11) DEFAULT NULL,
  `lat` varchar(255) DEFAULT NULL,
  `long` varchar(255) DEFAULT NULL,
  `detail` text DEFAULT NULL,
  `phone` varchar(255) DEFAULT NULL,
  `created` datetime DEFAULT current_timestamp(),
  `updated` datetime DEFAULT current_timestamp() ON UPDATE current_timestamp(),
  `operator_id` int(11) DEFAULT NULL,
  `is_true` tinyint(1) DEFAULT -1,
  `status_id` int(11) DEFAULT NULL
) ENGINE=InnoDB DEFAULT CHARSET=utf8mb4 COMMENT='dirlarniki';

-- --------------------------------------------------------

--
-- Table structure for table `report_drug_images`
--

CREATE TABLE `report_drug_images` (
  `id` int(11) NOT NULL,
  `report_id` int(11) DEFAULT NULL,
  `image` varchar(255) DEFAULT NULL
) ENGINE=InnoDB DEFAULT CHARSET=utf8mb4;

-- --------------------------------------------------------

--
-- Table structure for table `report_drug_type`
--

CREATE TABLE `report_drug_type` (
  `id` int(11) NOT NULL,
  `name_uz` varchar(255) DEFAULT NULL,
  `name_ru` varchar(255) DEFAULT NULL
) ENGINE=InnoDB DEFAULT CHARSET=utf8mb4;

-- --------------------------------------------------------

--
-- Table structure for table `report_food`
--

CREATE TABLE `report_food` (
  `id` int(11) NOT NULL,
  `code` varchar(255) DEFAULT NULL,
  `rep_id` int(11) DEFAULT NULL,
  `food_id` int(11) DEFAULT NULL,
  `cat_id` int(11) DEFAULT NULL,
  `lat` varchar(255) DEFAULT NULL,
  `long` varchar(255) DEFAULT NULL,
  `soato_id` int(11) DEFAULT NULL,
  `phone` varchar(255) DEFAULT NULL,
  `detail` text DEFAULT NULL,
  `created` datetime DEFAULT current_timestamp(),
  `updated` datetime DEFAULT current_timestamp() ON UPDATE current_timestamp(),
  `is_true` tinyint(1) DEFAULT -1,
  `status_id` int(11) DEFAULT NULL,
  `operator_id` int(11) DEFAULT NULL
) ENGINE=InnoDB DEFAULT CHARSET=utf8mb4 COMMENT='Oziq ovqat holati haqida';

-- --------------------------------------------------------

--
-- Table structure for table `report_food_category`
--

CREATE TABLE `report_food_category` (
  `id` int(11) NOT NULL,
  `name_uz` varchar(255) NOT NULL DEFAULT '',
  `name_ru` varchar(255) NOT NULL DEFAULT ''
) ENGINE=InnoDB DEFAULT CHARSET=utf8mb4;

--
-- Dumping data for table `report_food_category`
--

INSERT INTO `report_food_category` (`id`, `name_uz`, `name_ru`) VALUES
(1, 'Tashqi ko\'rinishi', 'внешний вид'),
(2, 'Hidi', 'запах'),
(3, 'Ta\'mi', 'вкус ');

-- --------------------------------------------------------

--
-- Table structure for table `report_food_images`
--

CREATE TABLE `report_food_images` (
  `id` int(11) NOT NULL,
  `image` varchar(255) DEFAULT NULL,
  `report_id` int(11) DEFAULT NULL
) ENGINE=InnoDB DEFAULT CHARSET=utf8mb4 COMMENT='rasmlar';

-- --------------------------------------------------------

--
-- Table structure for table `report_status`
--

CREATE TABLE `report_status` (
  `id` int(11) NOT NULL,
  `name_uz` varchar(255) DEFAULT NULL,
  `name_ru` varchar(255) DEFAULT NULL
) ENGINE=InnoDB DEFAULT CHARSET=utf8mb4;

--
-- Dumping data for table `report_status`
--

INSERT INTO `report_status` (`id`, `name_uz`, `name_ru`) VALUES
(1, 'Yangi', 'Yangi'),
(2, 'Qayta ishlangan', 'Qayta ishlangan'),
(3, 'Rad etilgan', 'Rad etilgan');

-- --------------------------------------------------------

--
-- Table structure for table `requirements`
--

CREATE TABLE `requirements` (
  `id` int(11) NOT NULL,
  `name_uz` varchar(255) DEFAULT NULL,
  `name_ru` varchar(255) DEFAULT NULL
) ENGINE=InnoDB DEFAULT CHARSET=utf8mb4 COMMENT='talablarga mosligi';

--
-- Dumping data for table `requirements`
--

INSERT INTO `requirements` (`id`, `name_uz`, `name_ru`) VALUES
(1, 'Talablarga mos', 'Talablarga mos'),
(2, 'Talabga mos kelmaydi', 'Talabga mos kelmaydi');

-- --------------------------------------------------------

--
-- Table structure for table `research_category`
--

CREATE TABLE `research_category` (
  `id` int(11) NOT NULL,
  `name_uz` varchar(50) COLLATE utf8mb4_unicode_ci DEFAULT NULL,
  `name_ru` varchar(255) COLLATE utf8mb4_unicode_ci DEFAULT NULL
) ENGINE=InnoDB DEFAULT CHARSET=utf8mb4 COLLATE=utf8mb4_unicode_ci;

--
-- Dumping data for table `research_category`
--

INSERT INTO `research_category` (`id`, `name_uz`, `name_ru`) VALUES
(1, 'Bepul', 'Бесплатно'),
(2, 'Pullik', 'Платный');

-- --------------------------------------------------------

--
-- Table structure for table `results_conformity`
--

CREATE TABLE `results_conformity` (
  `id` int(11) NOT NULL,
  `name` varchar(255) NOT NULL,
  `code` varchar(255) NOT NULL,
  `organization_id` int(11) NOT NULL
) ENGINE=InnoDB DEFAULT CHARSET=utf8mb4;

--
-- Dumping data for table `results_conformity`
--

INSERT INTO `results_conformity` (`id`, `name`, `code`, `organization_id`) VALUES
(1, 'Test', '123:001', 1),
(2, 'Test123', '2215:1010', 1);

-- --------------------------------------------------------

--
-- Table structure for table `result_animal`
--

CREATE TABLE `result_animal` (
  `id` int(11) NOT NULL,
  `code` varchar(255) DEFAULT NULL,
  `code_id` int(11) DEFAULT NULL,
  `consent_id` int(11) DEFAULT NULL,
  `created` datetime DEFAULT current_timestamp(),
  `updated` datetime DEFAULT current_timestamp() ON UPDATE current_timestamp(),
  `state_id` int(11) DEFAULT NULL,
  `sample_id` int(11) DEFAULT NULL,
  `org_id` int(11) DEFAULT NULL,
  `is_change` int(11) NOT NULL DEFAULT 0
) ENGINE=InnoDB DEFAULT CHARSET=utf8mb4 COMMENT='Natijalar';

--
-- Dumping data for table `result_animal`
--

INSERT INTO `result_animal` (`id`, `code`, `code_id`, `consent_id`, `created`, `updated`, `state_id`, `sample_id`, `org_id`, `is_change`) VALUES
(91, '001-13', 13, NULL, '2023-01-16 23:20:04', '2023-01-17 00:26:48', 1, 152, 1, 0),
(92, NULL, NULL, NULL, '2023-01-17 00:53:43', '2023-01-17 00:53:43', 1, 150, 1, 0),
(93, NULL, NULL, NULL, '2023-01-17 00:53:43', '2023-01-17 00:53:43', 1, 151, 1, 0);

-- --------------------------------------------------------

--
-- Table structure for table `result_animal_conditions`
--

CREATE TABLE `result_animal_conditions` (
  `sample_id` int(11) NOT NULL,
  `creator_id` int(11) NOT NULL,
  `result_id` int(11) NOT NULL,
  `end_date` date DEFAULT NULL,
  `temprature` int(11) DEFAULT NULL,
  `humidity` int(11) DEFAULT NULL,
  `reagent_name` varchar(255) DEFAULT NULL,
  `reagent_series` varchar(255) DEFAULT NULL,
  `conditions` text DEFAULT NULL,
  `ads` varchar(255) DEFAULT NULL,
  `created` datetime DEFAULT current_timestamp(),
  `updated` datetime DEFAULT current_timestamp() ON UPDATE current_timestamp(),
  `state_id` int(11) DEFAULT NULL,
  `patonomiya` int(11) NOT NULL DEFAULT 0,
  `organoleptika` int(11) NOT NULL DEFAULT 0,
  `mikroskopiya_nurli` int(11) NOT NULL DEFAULT 0,
  `mikroskopiya_lyuminesent` int(11) NOT NULL DEFAULT 0,
  `bakterilogik` int(11) NOT NULL DEFAULT 0,
  `virusologik_TE_KE` int(11) NOT NULL DEFAULT 0,
  `virusologik_XM_KK` int(11) NOT NULL DEFAULT 0,
  `biologik` int(11) NOT NULL DEFAULT 0,
  `RA_KR` int(11) NOT NULL DEFAULT 0,
  `RSK` int(11) NOT NULL DEFAULT 0,
  `RDSK` int(11) NOT NULL DEFAULT 0,
  `RBP` int(11) NOT NULL DEFAULT 0,
  `RMA` int(11) NOT NULL DEFAULT 0,
  `RP_RDP` int(11) NOT NULL DEFAULT 0,
  `RH` int(11) NOT NULL DEFAULT 0,
  `RNGA` int(11) NOT NULL DEFAULT 0,
  `RGKA` int(11) NOT NULL DEFAULT 0,
  `RGA` int(11) NOT NULL DEFAULT 0,
  `IFA` int(11) NOT NULL DEFAULT 0,
  `IXLA` int(11) NOT NULL DEFAULT 0,
  `boshqa_serologiya` int(11) NOT NULL DEFAULT 0,
  `PSR` int(11) NOT NULL DEFAULT 0,
  `gistologiya` int(11) NOT NULL DEFAULT 0,
  `gemotologiya` int(11) NOT NULL DEFAULT 0,
  `koprologiya` int(11) NOT NULL DEFAULT 0,
  `kimyoviy` int(11) NOT NULL DEFAULT 0,
  `biokimyoviy` int(11) NOT NULL DEFAULT 0,
  `is_change` int(11) NOT NULL DEFAULT 0,
  `why_change` text DEFAULT NULL,
  `is_another` int(11) NOT NULL DEFAULT 0,
  `another_disease_id` int(11) DEFAULT NULL
) ENGINE=InnoDB DEFAULT CHARSET=utf8mb4;

-- --------------------------------------------------------

--
-- Table structure for table `result_animal_tests`
--

CREATE TABLE `result_animal_tests` (
  `result` varchar(255) NOT NULL,
  `result_2` varchar(255) DEFAULT NULL,
  `type_id` int(11) DEFAULT NULL,
  `template_id` int(11) NOT NULL,
  `result_id` int(11) NOT NULL,
  `checked` int(11) DEFAULT 0,
  `ch_min1` varchar(255) DEFAULT NULL,
  `ch_max1` varchar(255) DEFAULT NULL,
  `ch_min2` varchar(255) DEFAULT NULL,
  `ch_max2` varchar(255) DEFAULT NULL,
  `is_change` int(11) NOT NULL DEFAULT 0,
  `change_unit_id` int(11) DEFAULT NULL,
  `result_type_id` int(11) DEFAULT NULL,
  `route_id` int(11) NOT NULL,
  `id` int(11) NOT NULL
) ENGINE=InnoDB DEFAULT CHARSET=utf8mb4;

--
-- Dumping data for table `result_animal_tests`
--

INSERT INTO `result_animal_tests` (`result`, `result_2`, `type_id`, `template_id`, `result_id`, `checked`, `ch_min1`, `ch_max1`, `ch_min2`, `ch_max2`, `is_change`, `change_unit_id`, `result_type_id`, `route_id`, `id`) VALUES
('', '', 1, 48, 91, 1, 'Manfiy', 'Musbat', '', '', 0, 15, NULL, 82, 0),
('', '', 1, 47, 91, 1, 'Manfiy', 'Musbat', '', '', 0, 15, NULL, 84, 0),
('', '', 1, 49, 91, 1, 'Manfiy', 'Musbat', '', '', 0, 15, NULL, 86, 0),
('', '', 1, 50, 91, 1, 'Manfiy', 'Musbat', '', '', 0, 15, NULL, 86, 0),
('', '', 5, 28, 92, 1, '1', '0', '', '', 0, 1, NULL, 87, 0),
('', '', 5, 29, 92, 1, NULL, NULL, '', '', 0, 1, NULL, 87, 0),
('', '', 5, 30, 92, 1, NULL, NULL, '', '', 0, 1, NULL, 87, 0),
('', '', 5, 31, 92, 1, '0', '0', '', '', 0, 1, NULL, 87, 0),
('', '', 5, 33, 92, 1, '0', '0', '', '', 0, 1, NULL, 87, 0),
('', '', 5, 36, 92, 1, '0', '0', '', '', 0, 1, NULL, 89, 0),
('', '', 5, 37, 92, 1, '0', '0', '', '', 0, 1, NULL, 89, 0),
('', '', 5, 40, 92, 1, '0', '0', '', '', 0, 1, NULL, 89, 0);

-- --------------------------------------------------------

--
-- Table structure for table `result_food`
--

CREATE TABLE `result_food` (
  `id` int(11) NOT NULL,
  `code` varchar(255) DEFAULT NULL,
  `code_id` int(11) DEFAULT NULL,
  `ads` varchar(255) DEFAULT NULL,
  `sample_id` int(11) DEFAULT NULL,
  `creator_id` int(11) DEFAULT NULL,
  `consept_id` int(11) DEFAULT NULL,
  `created` datetime DEFAULT current_timestamp(),
  `updated` datetime DEFAULT current_timestamp() ON UPDATE current_timestamp(),
  `state_id` int(11) DEFAULT 1,
  `org_id` int(11) DEFAULT NULL,
  `organoleptik` int(11) DEFAULT 0,
  `mikroskopik` int(11) DEFAULT 0,
  `mikrobiologik` int(11) DEFAULT 0,
  `kimyoviy` int(11) DEFAULT 0,
  `radiologik` int(11) DEFAULT 0,
  `temprature` varchar(255) DEFAULT NULL,
  `humidity` varchar(255) DEFAULT NULL,
  `reagent_name` varchar(255) DEFAULT NULL,
  `reagent_series` varchar(255) DEFAULT NULL,
  `conditions` varchar(255) DEFAULT NULL,
  `end_date` varchar(255) DEFAULT NULL,
  `is_change` int(11) NOT NULL DEFAULT 0,
  `why_change` varchar(255) DEFAULT NULL
) ENGINE=InnoDB DEFAULT CHARSET=utf8mb4 COMMENT='test natijalarini ';

-- --------------------------------------------------------

--
-- Table structure for table `result_food_tests`
--

CREATE TABLE `result_food_tests` (
  `id` int(11) NOT NULL,
  `result` varchar(255) DEFAULT NULL,
  `result_2` varchar(255) DEFAULT NULL,
  `type_id` int(11) DEFAULT NULL,
  `template_id` int(11) DEFAULT NULL,
  `result_id` int(11) DEFAULT NULL,
  `checked` int(11) DEFAULT NULL,
  `change_unit_id` int(11) DEFAULT NULL,
  `is_change` int(11) NOT NULL DEFAULT 0,
  `ch_min1` varchar(255) DEFAULT NULL,
  `ch_min2` varchar(255) DEFAULT NULL,
  `ch_max1` varchar(255) DEFAULT NULL,
  `ch_max2` varchar(255) DEFAULT NULL,
  `result_type_id` int(11) DEFAULT NULL
) ENGINE=InnoDB DEFAULT CHARSET=utf8mb4;

-- --------------------------------------------------------

--
-- Table structure for table `result_type`
--

CREATE TABLE `result_type` (
  `id` int(11) NOT NULL,
  `name_uz` varchar(255) NOT NULL DEFAULT '',
  `name_ru` varchar(255) NOT NULL DEFAULT ''
) ENGINE=InnoDB DEFAULT CHARSET=utf8mb4;

--
-- Dumping data for table `result_type`
--

INSERT INTO `result_type` (`id`, `name_uz`, `name_ru`) VALUES
(1, 'Normativga mos', 'Соответствует регламенту'),
(2, 'Normativga mos emas', 'Не соответствует регламенту');

-- --------------------------------------------------------

--
-- Table structure for table `roles`
--

CREATE TABLE `roles` (
  `id` int(11) NOT NULL,
  `name` varchar(50) COLLATE utf8mb4_unicode_ci DEFAULT NULL
) ENGINE=InnoDB DEFAULT CHARSET=utf8mb4 COLLATE=utf8mb4_unicode_ci COMMENT='Роллар сақланадиган таблица. Роллар ташкилот ходимларига берилади. Масалан: Суперадмин, бўлим админи... Тахминан шундай.';

--
-- Dumping data for table `roles`
--

INSERT INTO `roles` (`id`, `name`) VALUES
(1, 'Registrator'),
(2, 'Labarant'),
(3, 'Bo\'lim boshlig\'i'),
(4, 'Rahbar'),
(5, 'Administrator'),
(6, 'nazorat'),
(7, 'yoq qiluvchi'),
(8, 'куриш');

-- --------------------------------------------------------

--
-- Table structure for table `route_sert`
--

CREATE TABLE `route_sert` (
  `id` int(11) NOT NULL,
  `director_id` int(11) DEFAULT NULL,
  `leader_id` int(11) DEFAULT NULL,
  `executor_id` int(11) DEFAULT NULL,
  `deadline` date DEFAULT NULL,
  `ads` varchar(500) DEFAULT NULL,
  `state_id` int(11) DEFAULT 1,
  `created` datetime DEFAULT current_timestamp(),
  `updated` datetime DEFAULT current_timestamp() ON UPDATE current_timestamp(),
  `sample_id` int(11) DEFAULT NULL,
  `registration_id` int(11) DEFAULT NULL,
  `status_id` int(11) DEFAULT 1,
  `sample_type_id` int(11) DEFAULT NULL,
  `vet4` varchar(8) DEFAULT NULL,
  `is_group` int(11) NOT NULL DEFAULT 0
) ENGINE=InnoDB DEFAULT CHARSET=utf8mb4 COMMENT='Sertifikatlarni oborod qilish uchun';

--
-- Dumping data for table `route_sert`
--

INSERT INTO `route_sert` (`id`, `director_id`, `leader_id`, `executor_id`, `deadline`, `ads`, `state_id`, `created`, `updated`, `sample_id`, `registration_id`, `status_id`, `sample_type_id`, `vet4`, `is_group`) VALUES
(82, 3, 9, NULL, NULL, NULL, 1, '2023-01-16 23:04:31', '2023-01-16 23:04:31', 152, 82, 1, 1, '30802001', 0),
(84, 3, 4, NULL, NULL, NULL, 1, '2023-01-16 23:20:04', '2023-01-16 23:20:04', 152, 82, 1, 1, '30802001', 0),
(86, 3, 7, NULL, NULL, NULL, 1, '2023-01-17 00:26:48', '2023-01-17 00:26:48', 152, 82, 1, 1, '30802001', 0),
(87, 3, 4, NULL, NULL, NULL, 1, '2023-01-17 00:53:43', '2023-01-17 01:08:00', 151, 82, 1, 1, NULL, 1),
(89, 3, 8, NULL, NULL, NULL, 1, '2023-01-17 01:12:24', '2023-01-17 01:12:24', 150, 82, 1, 1, NULL, 1);

-- --------------------------------------------------------

--
-- Table structure for table `route_status`
--

CREATE TABLE `route_status` (
  `id` int(11) NOT NULL,
  `name_uz` varchar(255) DEFAULT NULL,
  `name_ru` varchar(255) DEFAULT NULL,
  `icon` varchar(255) DEFAULT NULL,
  `class` varchar(255) NOT NULL
) ENGINE=InnoDB DEFAULT CHARSET=utf8mb4;

--
-- Dumping data for table `route_status`
--

INSERT INTO `route_status` (`id`, `name_uz`, `name_ru`, `icon`, `class`) VALUES
(1, 'Yangi', 'Yangi', 'badge bg-primary', '<i class=\"fa fa-plus-square text-primary\"></i>'),
(2, 'Jarayonda', 'Jarayonda', 'badge bg-secondary', '<i class=\"fa fa-clock text-warning\"></i>'),
(3, 'Bajarilgan', 'Bajarilgan', 'badge bg-success', '<i class=\"fa fa-check text-success\"></i>'),
(4, 'Labaratoriya mudiri imzosi kutilmoqda', 'Labaratoriya mudiri imzosi kutilmoqda', 'badge bg-warning text-dark', '<i class=\"fa fa-circle text-warning\"></i>'),
(5, 'Rahbar imzosi kutilmoqda', 'Rahbar imzosi kutilmoqda', 'badge bg-warning text-dark', '<i class=\"fa fa-check-square-o text-warning\"></i>'),
(6, 'Rad etilgan', 'Rad etilgan', 'badge bg-danger', '<i class=\"fa fa-times-circle text-danger\"></i>');

-- --------------------------------------------------------

--
-- Table structure for table `samples`
--

CREATE TABLE `samples` (
  `id` int(11) NOT NULL,
  `kod` varchar(255) COLLATE utf8mb4_unicode_ci DEFAULT NULL,
  `samp_id` int(11) DEFAULT NULL,
  `label` varchar(255) COLLATE utf8mb4_unicode_ci DEFAULT NULL,
  `sample_type_is` int(11) DEFAULT NULL,
  `sample_box_id` int(11) DEFAULT NULL,
  `animal_id` int(11) DEFAULT NULL,
  `sert_id` int(11) DEFAULT NULL,
  `suspected_disease_id` int(11) DEFAULT NULL,
  `test_mehod_id` int(11) DEFAULT NULL,
  `state_id` int(11) DEFAULT 1,
  `status_id` int(11) DEFAULT 1,
  `emp_id` int(11) DEFAULT -1,
  `repeat_code` varchar(255) COLLATE utf8mb4_unicode_ci DEFAULT NULL,
  `is_group` int(11) DEFAULT 0,
  `cnt` int(11) DEFAULT 1,
  `registon_id` int(11) NOT NULL DEFAULT 0
) ENGINE=InnoDB DEFAULT CHARSET=utf8mb4 COLLATE=utf8mb4_unicode_ci;

--
-- Dumping data for table `samples`
--

INSERT INTO `samples` (`id`, `kod`, `samp_id`, `label`, `sample_type_is`, `sample_box_id`, `animal_id`, `sert_id`, `suspected_disease_id`, `test_mehod_id`, `state_id`, `status_id`, `emp_id`, `repeat_code`, `is_group`, `cnt`, `registon_id`) VALUES
(150, '33223-23-1/1', 1, 'asdas', 1, 1, 164, 156, 1, 1, 1, 3, -1, '', 1, 1, 0),
(151, '33223-23-1/2', 2, '234', 1, 1, 165, 156, 1, 1, 1, 3, -1, '', 1, 1, 0),
(152, '33223-23-1/3', 3, 'sdfsdfsdf', 1, 1, 166, 156, 2, 1, 1, 3, 1, '', 0, 1, 0);

-- --------------------------------------------------------

--
-- Table structure for table `sample_boxes`
--

CREATE TABLE `sample_boxes` (
  `id` int(11) NOT NULL,
  `name_uz` varchar(255) COLLATE utf8mb4_unicode_ci NOT NULL DEFAULT '',
  `name_ru` varchar(255) COLLATE utf8mb4_unicode_ci NOT NULL DEFAULT ''
) ENGINE=InnoDB DEFAULT CHARSET=utf8mb4 COLLATE=utf8mb4_unicode_ci;

--
-- Dumping data for table `sample_boxes`
--

INSERT INTO `sample_boxes` (`id`, `name_uz`, `name_ru`) VALUES
(1, 'quti', 'яшик'),
(6, 'xalta', 'мешок');

-- --------------------------------------------------------

--
-- Table structure for table `sample_conditions`
--

CREATE TABLE `sample_conditions` (
  `id` int(11) NOT NULL,
  `name_uz` varchar(100) NOT NULL,
  `name_ru` varchar(255) NOT NULL,
  `code` int(11) NOT NULL
) ENGINE=InnoDB DEFAULT CHARSET=utf8mb4;

--
-- Dumping data for table `sample_conditions`
--

INSERT INTO `sample_conditions` (`id`, `name_uz`, `name_ru`, `code`) VALUES
(1, 'коникарли', 'удовлет', 1),
(2, 'қоникарсиз', 'не удовлет', 2),
(3, 'яроқли', 'действительный', 3);

-- --------------------------------------------------------

--
-- Table structure for table `sample_recomendation`
--

CREATE TABLE `sample_recomendation` (
  `id` int(11) NOT NULL,
  `name` varchar(255) NOT NULL DEFAULT '',
  `sample_id` int(11) NOT NULL
) ENGINE=InnoDB DEFAULT CHARSET=utf8mb4;

-- --------------------------------------------------------

--
-- Table structure for table `sample_registration`
--

CREATE TABLE `sample_registration` (
  `id` int(11) NOT NULL,
  `pnfl` varchar(255) COLLATE utf8mb4_unicode_ci DEFAULT NULL,
  `inn` varchar(255) COLLATE utf8mb4_unicode_ci DEFAULT NULL,
  `is_research` tinyint(1) DEFAULT NULL COMMENT 'Текшириладими, йўқми?',
  `code_id` int(11) DEFAULT NULL,
  `code` varchar(255) COLLATE utf8mb4_unicode_ci DEFAULT NULL COMMENT 'xx-1,2-xxx-xxxx xx-yil, xxx-tashkilot idsi, xxxx-tartib raqam',
  `research_category_id` int(11) DEFAULT NULL COMMENT 'Пуллк, текин',
  `results_conformity_id` int(11) DEFAULT NULL COMMENT 'НД соответствия результатов требованиям',
  `organization_id` int(11) DEFAULT NULL,
  `emp_id` int(11) DEFAULT NULL,
  `reg_date` date DEFAULT NULL,
  `reg_id` int(11) DEFAULT NULL,
  `sender_name` varchar(255) COLLATE utf8mb4_unicode_ci DEFAULT NULL,
  `sender_phone` varchar(255) COLLATE utf8mb4_unicode_ci DEFAULT NULL,
  `created` datetime DEFAULT current_timestamp(),
  `updated` datetime DEFAULT current_timestamp() ON UPDATE current_timestamp(),
  `ads` varchar(255) COLLATE utf8mb4_unicode_ci DEFAULT NULL,
  `status_id` int(11) DEFAULT NULL,
  `res` varchar(50) COLLATE utf8mb4_unicode_ci DEFAULT NULL,
  `res_id` int(11) NOT NULL DEFAULT 0,
  `registon_id` int(11) DEFAULT 0,
  `is_registon` int(11) DEFAULT 0
) ENGINE=InnoDB DEFAULT CHARSET=utf8mb4 COLLATE=utf8mb4_unicode_ci COMMENT='Регистрация пробы';

--
-- Dumping data for table `sample_registration`
--

INSERT INTO `sample_registration` (`id`, `pnfl`, `inn`, `is_research`, `code_id`, `code`, `research_category_id`, `results_conformity_id`, `organization_id`, `emp_id`, `reg_date`, `reg_id`, `sender_name`, `sender_phone`, `created`, `updated`, `ads`, `status_id`, `res`, `res_id`, `registon_id`, `is_registon`) VALUES
(82, '30507903120132', NULL, 0, 1, '23-1-001-1', 1, NULL, 1, 1, NULL, NULL, 'Allabergenov Dilmurod', '(99)-967-0395', '2023-01-16 23:03:41', '2023-01-17 01:12:24', NULL, 3, 'M/001-2', 2, 0, 0);

-- --------------------------------------------------------

--
-- Table structure for table `sample_status`
--

CREATE TABLE `sample_status` (
  `id` int(11) NOT NULL,
  `name_uz` varchar(255) DEFAULT NULL,
  `name_ru` varchar(255) DEFAULT NULL,
  `type` int(11) DEFAULT 1
) ENGINE=InnoDB DEFAULT CHARSET=utf8mb4 COMMENT='Namunalarning holati';

--
-- Dumping data for table `sample_status`
--

INSERT INTO `sample_status` (`id`, `name_uz`, `name_ru`, `type`) VALUES
(1, 'Yaroqli', 'Yaroqli', 1),
(2, 'Yaroqsiz', 'Yaroqsiz', 1);

-- --------------------------------------------------------

--
-- Table structure for table `sample_types`
--

CREATE TABLE `sample_types` (
  `id` int(11) NOT NULL,
  `name_uz` varchar(255) COLLATE utf8mb4_unicode_ci NOT NULL DEFAULT '',
  `name_ru` varchar(255) COLLATE utf8mb4_unicode_ci NOT NULL DEFAULT '',
  `vet4` varchar(3) COLLATE utf8mb4_unicode_ci NOT NULL
) ENGINE=InnoDB DEFAULT CHARSET=utf8mb4 COLLATE=utf8mb4_unicode_ci;

--
-- Dumping data for table `sample_types`
--

INSERT INTO `sample_types` (`id`, `name_uz`, `name_ru`, `vet4`) VALUES
(1, 'patologik material', 'патматериал', '001'),
(2, 'abort. homila', 'аборт. плод', '002'),
(3, 'bo\'g\'ilib qolgan embrionlar\r\n', 'эмбрионы-задохлики', '003'),
(4, 'ikra', 'икра', '004'),
(5, 'sperma mahalliy', 'сперма нативная', '010'),
(6, 'import sperma', 'сперма импортная', '013'),
(7, 'слизь препуциальная', 'слизь препуциальная', '014'),
(8, 'слизь влагалищная', 'слизь влагалищная', '015'),
(9, 'burun yoki trakeal shilliq', 'слизь носовая или трахеальная', '016'),
(10, 'shilimshiq (traxeyani qirib tashlash)', 'слизь (соскоб с трахеи)', '017'),
(11, 'najas', 'фекалии', '020'),
(12, 'подсчет лейкоцитов', 'подсчет лейкоцитов', '023'),
(13, 'leyko formulasi chiqishi', 'выведение лейкоформулы', '024'),
(14, 'подсчет эритроцитов', 'подсчет эритроцитов', '025'),
(15, 'определение СОЭ', 'определение СОЭ', '026'),
(16, 'gemoglobinni aniqlash', 'определение гемоглобина', '027'),
(17, 'бактериальные культуры', 'бактериальные культуры', '028'),
(18, 'учирилсинOOOOOOOOOOOOOOOOOOOOO', 'учирилсинOOOOOOOOOOOOOOOOOO00', '029'),
(19, 'emlanmagan. qon zardobi', 'невакционирван. cворотка крови', '029'),
(20, 'emlangan qon zardobi', 'вакцинирован. сыворотка крови', '030'),
(21, 'teri xomashyosi mahalliy', 'кожсырье отеч.', '032'),
(22, 'teri xomashyosi import', 'кожсырье имп.', '033'),
(23, 'jun', 'шерсть', '035'),
(24, 'sut (mastitda)', 'молоко (при мастите)', '042'),
(25, 'siydik', 'моча', '043'),
(26, 'mum', 'воск', '045'),
(27, 'tuxum', 'яйцо', '048'),
(28, 'asal', 'мёд', '050'),
(29, 'gulchanglar', 'пылца', '084'),
(30, 'tuproq', 'почва', '090'),
(31, 'suv', 'вода', '091'),
(32, 'atrof-muhit ob\'ektlari', 'объекты внешней среды', '093'),
(33, 'boshqa material', 'проч. материал', '099'),
(34, 'virusli gepatitga qarshi qon zardobi (emlash sifati)', 'сывортка крови против вирусного гепатита (качество вакцинации)', '100'),
(35, '\r\ngrippga qarshi qon zardobi (emlash sifati)', 'сывортка крови против гриппа (качество вакцинации)', '101'),
(36, 'yuqumli laringotraxeitga qarshi qon zardobi (emlash sifati)', 'сывортка крови против инфекционного ларинготрахеита (качество вакцинации)', '102'),
(37, 'Nyukasl kasalligiga qarshi qon zardobi (emlash sifati)', 'сывортка крови против болезни Ньюкасла (качество вакцинации)', '103'),
(38, 'tovuqlarning yuqumli broxitiga qarshi qon zardobi (emlash sifati)', 'сывортка крови против  инфекционного брохита кур (качество вакцинации)', '104'),
(39, 'yuqumli bursal kasalligiga qarshi qon zardobi (emlash sifati)', 'сывортка крови против  против инфекционной бурсальной болезни  (качество вакцинации)', '105'),
(40, 'reovirus infektsiyasiga qarshi qon zardobi (emlash sifati)', 'сывортка крови против  реовирусной инфекции (качество вакцинации)', '106'),
(41, 'reovirus infektsiyasiga qarshi qon zardobi (emlash sifati)', 'сывортка крови против  инфекционной анемии (качество вакцинации)', '107'),
(42, 'yuqumli ensefalomiyelitga qarshi qon zardobi (emlash sifati)', 'сывортка крови против инфекционного энцефаломиелита (качество вакцинации)', '108'),
(43, 'tuxum tushish sindromiga qarshi qon zardobi (emlash sifati)', 'сывортка крови против  синдрома снижения яйценоскости (качество вакцинации)', '109'),
(44, 'mikoplazmozga qarshi qon zardobi (emlash sifati)', 'сывортка крови против  микоплазмоза (качество вакцинации)', '110'),
(45, 'yuqumli parranda rinotraxeitiga qarshi qon zardobi (emlash sifati)', 'сывортка крови против  инфекционного ринотрахеита птиц (качество вакцинации)', '111'),
(46, 'ornitobakteriozga qarshi qon zardobi (emlash sifati)', 'сывортка крови против орнитобактериоза (качество вакцинации)', '112'),
(47, 'salmonellyozga qarshi qon zardobi (emlash sifati)', 'сывортка крови против сальмонеллеза (качество вакцинации)', '113'),
(48, 'qon zardobi boshqa turdagi vaktsinalar (emlash sifati)', 'сывортка крови  прочие виды вакцин (качество вакцинации)', '114'),
(49, 'Marek kasalligiga qarshi emlash (biologik faollikni aniqlash)', 'вакцина против болезни Марека (определение биологической активности) ', '100'),
(50, 'yuqumli laringotraxeitga qarshi emlash (biologik faollikni aniqlash)', 'вакцина против Инфекционного ларинготрахеита (определение биологической активности) ', '101'),
(51, 'Nyukasl kasalligiga qarshi emlash (biologik faollikni aniqlash)', 'вакцина против Болезнь Ньюкасла (определение биологической активности) ', '102'),
(52, '000 (Гельминтозлар учун танланади, балиқдан ташқари)', '000 (выбирается при Гельминтозы, кроме рыбь)', '000'),
(53, '000 (Кана турини аниқлашда танланади)', '000 (выбирается при опред. типа клещи)', '000'),
(54, 'limfa ', 'лимфа', '005'),
(55, 'Qirindi', 'Саскоп', '006');

-- --------------------------------------------------------

--
-- Table structure for table `sertificates`
--

CREATE TABLE `sertificates` (
  `id` int(11) NOT NULL,
  `sert_id` int(11) NOT NULL COMMENT 'Тизимдаги далолатнома рақами (автоматик генерация қилинади: ХХ-1-ХХХ-ХХХХХ (йил-далолатнома тури-лаборатория коди-тартиб рақами, масалан: 22-1-001-00001 – 2022 йил-касаллик диагностикаси-республика лабораторияси-2022 йилдаги далолатнома тартиб раками)',
  `sert_full` varchar(255) COLLATE utf8mb4_unicode_ci DEFAULT NULL,
  `sert_num` varchar(100) COLLATE utf8mb4_unicode_ci DEFAULT NULL COMMENT 'Далолатнома рақами (коғоздаги ёки РЕГИСТОНдаги)',
  `sert_date` date DEFAULT NULL,
  `inn` varchar(255) COLLATE utf8mb4_unicode_ci DEFAULT NULL,
  `pnfl` varchar(255) COLLATE utf8mb4_unicode_ci DEFAULT '',
  `vet_site_id` int(11) DEFAULT NULL,
  `status_id` int(11) DEFAULT NULL,
  `state_id` int(11) DEFAULT NULL,
  `created` datetime DEFAULT current_timestamp(),
  `owner_inn` varchar(255) COLLATE utf8mb4_unicode_ci DEFAULT NULL,
  `owner_pnfl` varchar(255) COLLATE utf8mb4_unicode_ci DEFAULT NULL,
  `sampler_name` varchar(255) COLLATE utf8mb4_unicode_ci DEFAULT NULL,
  `sampler_position` varchar(255) COLLATE utf8mb4_unicode_ci DEFAULT NULL,
  `registon_id` int(11) NOT NULL DEFAULT 0,
  `is_registon` int(11) NOT NULL DEFAULT 0
) ENGINE=InnoDB DEFAULT CHARSET=utf8mb4 COLLATE=utf8mb4_unicode_ci COMMENT='далолатномалар';

--
-- Dumping data for table `sertificates`
--

INSERT INTO `sertificates` (`id`, `sert_id`, `sert_full`, `sert_num`, `sert_date`, `inn`, `pnfl`, `vet_site_id`, `status_id`, `state_id`, `created`, `owner_inn`, `owner_pnfl`, `sampler_name`, `sampler_position`, `registon_id`, `is_registon`) VALUES
(156, 1, '33223-23-1', 'asd', '2023-01-16', NULL, '30507903120132', 76, 3, NULL, '2023-01-16 22:20:20', '306922184', NULL, 'Allabergenov Dilmurod', 'dasturchi', 0, 0);

-- --------------------------------------------------------

--
-- Table structure for table `sert_normatives`
--

CREATE TABLE `sert_normatives` (
  `id` int(11) NOT NULL,
  `name_uz` varchar(255) DEFAULT NULL,
  `name_ru` varchar(255) DEFAULT NULL
) ENGINE=InnoDB DEFAULT CHARSET=utf8mb4 COMMENT='Normativ hujjatlar';

--
-- Dumping data for table `sert_normatives`
--

INSERT INTO `sert_normatives` (`id`, `name_uz`, `name_ru`) VALUES
(1, 'Test normativ', 'Test normativ');

-- --------------------------------------------------------

--
-- Table structure for table `sert_status`
--

CREATE TABLE `sert_status` (
  `id` int(11) NOT NULL,
  `name_uz` varchar(255) NOT NULL DEFAULT '',
  `name_ru` varchar(255) NOT NULL DEFAULT '',
  `icon` varchar(100) NOT NULL,
  `class` varchar(100) NOT NULL
) ENGINE=InnoDB DEFAULT CHARSET=utf8;

--
-- Dumping data for table `sert_status`
--

INSERT INTO `sert_status` (`id`, `name_uz`, `name_ru`, `icon`, `class`) VALUES
(0, 'Ariza yuborilmagan', 'Ariza yuborilmagan', '<i class=\"fa-solid fa-bookmark\"></i>', 'badge bg-info'),
(1, 'Yangi', 'Новое', '<i class=\"fa-solid fa-share-from-square\"></i>', 'badge bg-primary'),
(2, 'Namunani olib kelish kutilmoqda', 'Ожидание образца', '<i class=\"fa-solid fa-business-time\"></i>', 'badge bg-secondary'),
(3, 'Jarayonda', 'Распределение', '<i class=\"fa-solid fa-clock \"></i>', 'badge bg-secondary'),
(4, 'Labaratoriya tadqiqoti', 'Лабораторное исследование', '<i class=\"fa-solid fa-clock \"></i>', 'badge bg-danger'),
(5, 'Bajarilgan', 'Обработано', '<i class=\"fa-solid fa-check-double\"></i>', 'badge bg-success'),
(6, 'Rad etilgan', 'Откленено', '<i class=\"fa-solid fa-circle-xmark\"></i>', 'badge bg-danger');

-- --------------------------------------------------------

--
-- Table structure for table `soato`
--

CREATE TABLE `soato` (
  `MHOBT_cod` int(11) NOT NULL,
  `res_id` int(11) DEFAULT NULL,
  `region_id` int(11) DEFAULT NULL,
  `district_id` int(11) DEFAULT NULL,
  `qfi_id` int(11) DEFAULT NULL,
  `name_lot` varchar(100) COLLATE utf8mb4_unicode_ci DEFAULT NULL,
  `center_lot` varchar(50) COLLATE utf8mb4_unicode_ci DEFAULT NULL,
  `name_cyr` varchar(100) COLLATE utf8mb4_unicode_ci DEFAULT NULL,
  `center_cyr` varchar(50) COLLATE utf8mb4_unicode_ci DEFAULT NULL,
  `name_ru` varchar(100) COLLATE utf8mb4_unicode_ci DEFAULT NULL,
  `center_ru` varchar(50) COLLATE utf8mb4_unicode_ci DEFAULT NULL
) ENGINE=InnoDB DEFAULT CHARSET=utf8mb4 COLLATE=utf8mb4_unicode_ci;

--
-- Dumping data for table `soato`
--

INSERT INTO `soato` (`MHOBT_cod`, `res_id`, `region_id`, `district_id`, `qfi_id`, `name_lot`, `center_lot`, `name_cyr`, `center_cyr`, `name_ru`, `center_ru`) VALUES
(17, 17, NULL, NULL, NULL, 'O\'zbekiston Respublikasi', NULL, 'Ўзбекистон Республикаси', NULL, 'Республика Узбекистан', NULL),
(1703, 17, 3, NULL, NULL, 'Andijon viloyati', 'Andijon sh.', 'Андижон вилояти', 'Андижон ш.', 'Андижанская область', 'г. Андижан'),
(1706, 17, 6, NULL, NULL, 'Buxoro viloyati', 'Buxoro sh.', 'Бухоро вилояти', 'Бухоро ш.', 'Бухарская область', 'г. Бухара'),
(1708, 17, 8, NULL, NULL, 'Jizzax viloyati', 'Jizzax sh.', 'Жиззах вилояти', 'Жиззах ш.', 'Джизакская область', 'г. Джизак'),
(1710, 17, 10, NULL, NULL, 'Qashqadaryo viloyati', 'Qarshi sh.', 'Қашқадарё вилояти', 'Қарши ш.', 'Кашкадарьинская область', 'г. Карши'),
(1712, 17, 12, NULL, NULL, 'Navoiy viloyati', 'Navoiy sh.', 'Навоий вилояти', 'Навоий ш.', 'Навоийская область', 'г. Навои'),
(1714, 17, 14, NULL, NULL, 'Namangan viloyati', 'Namangan sh.', 'Наманган вилояти', 'Наманган ш.', 'Наманганская область', 'г. Наманган'),
(1718, 17, 18, NULL, NULL, 'Samarqand viloyati', 'Samarqand sh.', 'Самарқанд вилояти', 'Самарқанд ш.', 'Самаркандская область', 'г. Самарканд'),
(1722, 17, 22, NULL, NULL, 'Surxondaryo viloyati', 'Termiz sh.', 'Сурхондарё вилояти', 'Термиз ш.', 'Сурхандарьинская область', 'г. Термез'),
(1724, 17, 24, NULL, NULL, 'Sirdaryo viloyati', 'Guliston sh.', 'Сирдарё вилояти', 'Гулистон ш.', 'Сырдарьинская область', 'г. Гулистан'),
(1726, 17, 26, NULL, NULL, 'Toshkent shahri', NULL, 'Тошкент шаҳри', NULL, 'город Ташкент', NULL),
(1727, 17, 27, NULL, NULL, 'Toshkent viloyati', 'Nurafshon sh.', 'Тошкент вилояти', 'Нурафшон ш.', 'Ташкентская область', 'г. Нурафшон'),
(1730, 17, 30, NULL, NULL, 'Farg\'ona viloyati', 'Farg\'ona sh.', 'Фарғона вилояти', 'Фарғона ш.', 'Ферганская область', 'г. Фергана'),
(1733, 17, 33, NULL, NULL, 'Xorazm viloyati', 'Urganch sh.', 'Хоразм вилояти', 'Урганч ш.', 'Хорезмская область', 'г. Ургенч'),
(1735, 17, 35, NULL, NULL, 'Qoraqalpog\'iston Respublikasi', 'Nukus sh.', 'Қорақалпоғистон Республикаси', 'Нукус ш.', 'Республика Каракалпакстан', 'г. Hукус'),
(1703200, 17, 3, 200, NULL, 'Andijon viloyatining tumanlari', NULL, 'Андижон вилоятининг туманлари', NULL, 'Районы Андижанской области', NULL),
(1703202, 17, 3, 202, NULL, 'Oltinko\'l tumani', 'Oltinko\'l a.p.', 'Олтинкўл тумани', 'Олтинкўл а.п.', 'Алтынкульский район', 'нп Алтынкуль'),
(1703203, 17, 3, 203, NULL, 'Andijon tumani', 'Kuyganyor shaharchasi', 'Андижон тумани', 'Куйганёр шаҳарчаси', 'Андижанский район', 'гп Куйганяр'),
(1703206, 17, 3, 206, NULL, 'Baliqchi tumani', 'Baliqchi shaharchasi', 'Балиқчи тумани', 'Балиқчи шаҳарчаси', 'Балыкчинский район', 'гп Баликчи'),
(1703209, 17, 3, 209, NULL, 'Bo\'ston tumani', 'Bo\'z shaharchasi', 'Бўстон тумани', 'Бўз шаҳарчаси', 'Бустонский район', 'гп Боз'),
(1703210, 17, 3, 210, NULL, 'Buloqboshi tumani', 'Buloqboshi shaharchasi', 'Булоқбоши тумани', 'Булоқбоши шаҳарчаси', 'Булакбашинский район', 'гп Булокбоши'),
(1703211, 17, 3, 211, NULL, 'Jalaquduq tumani', 'Jalaquduq sh.', 'Жалақудуқ тумани', 'Жалақудуқ ш.', 'Жалакудукский район', 'г.Жалакудук'),
(1703214, 17, 3, 214, NULL, 'Izboskan tumani', 'Paytug sh.', 'Избоскан тумани', 'Пайтуг ш.', 'Избасканский район', 'г.Пайтуг'),
(1703217, 17, 3, 217, NULL, 'Ulug\'nor tumani', 'Oq oltin shaharchasi', 'Улуғнор тумани', 'Оқ олтин шаҳарчаси', 'Улугноpский район', 'гп Ок-олтин'),
(1703220, 17, 3, 220, NULL, 'Qo\'rg\'ontepa tumani', 'Qo\'rg\'ontepa sh.', 'Қўрғонтепа тумани', 'Қўрғонтепа ш.', 'Кургантепинский район', 'г.Кургантепа'),
(1703224, 17, 3, 224, NULL, 'Asaka tumani', 'Asaka sh.', 'Асака тумани', 'Асака ш.', 'Асакинский район', 'г.Асака'),
(1703227, 17, 3, 227, NULL, 'Marxamat tumani', 'Marxamat sh.', 'Мархамат тумани', 'Мархамат ш.', 'Мархаматский район', 'г.Мархамат'),
(1703230, 17, 3, 230, NULL, 'Shaxrixon tumani', 'Shaxrixon sh.', 'Шахрихон тумани', 'Шахрихон ш.', 'Шахриханский район', 'г.Шахрихан'),
(1703232, 17, 3, 232, NULL, 'Paxtaobod tumani', 'Paxtaobod sh.', 'Пахтаобод тумани', 'Пахтаобод ш.', 'Пахтаабадский район', 'г.Пахтаабад'),
(1703236, 17, 3, 236, NULL, 'Xo\'jaobod tumani', 'Xo\'jaobod sh.', 'Хўжаобод тумани', 'Хўжаобод ш.', 'Ходжаабадский район', 'г.Ходжаабад'),
(1703400, 17, 3, 400, NULL, 'Andijon v-tining vil-t ahamiyatiga ega shaharlari', NULL, 'Андижон в-тининг вил-т аҳамиятига эга шаҳарлари', NULL, 'Города областного подчинения Андижанской области', NULL),
(1703401, 17, 3, 401, NULL, 'Andijon', NULL, 'Андижон', NULL, 'Андижан', NULL),
(1703408, 17, 3, 408, NULL, 'Xonobod', NULL, 'Хонобод', NULL, 'Ханабад', NULL),
(1706200, 17, 6, 200, NULL, 'Buxoro viloyatining tumanlari', NULL, 'Бухоро вилоятининг туманлари', NULL, 'Районы Бухарской области', NULL),
(1706204, 17, 6, 204, NULL, 'Olot tumani', 'Olot sh.', 'Олот тумани', 'Олот ш.', 'Алатский район', 'г.Алат'),
(1706207, 17, 6, 207, NULL, 'Buxoro tumani', 'Gala Osiyo shaharchasi', 'Бухоро тумани', 'Гала Осиё шаҳарчаси', 'Бухарский район', 'г. Галлаасия'),
(1706212, 17, 6, 212, NULL, 'Vobkent tumani', 'Vobkent sh.', 'Вобкент тумани', 'Вобкент ш.', 'Вабкентский район', 'г. Вабкент'),
(1706215, 17, 6, 215, NULL, 'G\'ijduvon tumani', 'G\'ijduvon sh.', 'Ғиждувон тумани', 'Ғиждувон ш.', 'Гиждуванский район', 'г. Гиждуван'),
(1706219, 17, 6, 219, NULL, 'Kogon tumani', 'Kogon sh.', 'Когон тумани', 'Когон ш.', 'Каганский район', 'г. Каган'),
(1706230, 17, 6, 230, NULL, 'Qorako\'l tumani', 'Qorako\'l sh.', 'Қоракўл тумани', 'Қоракўл ш.', 'Каракульский район', 'г. Каракуль'),
(1706232, 17, 6, 232, NULL, 'Qorovulbozor tumani', 'Qorovulbozor sh.', 'Қоровулбозор тумани', 'Қоровулбозор ш.', 'Караулбазарский район', 'г. Каpаулбазаp'),
(1706240, 17, 6, 240, NULL, 'Peshku tumani', 'Yangibozor shaharchasi', 'Пешку тумани', 'Янгибозор шаҳарчаси', 'Пешкунский район', 'гп Янгибозор'),
(1706242, 17, 6, 242, NULL, 'Romitan tumani', 'Romitan sh.', 'Ромитан тумани', 'Ромитан ш.', 'Ромитанский район', 'г. Ромитан'),
(1706246, 17, 6, 246, NULL, 'Jondor tumani', 'Jondor shaharchasi', 'Жондор тумани', 'Жондор шаҳарчаси', 'Жондоpский район', 'гп Жондор'),
(1706258, 17, 6, 258, NULL, 'Shofirkon tumani', 'Shofirkon sh.', 'Шофиркон тумани', 'Шофиркон ш.', 'Шафирканский район', 'г. Шафиркан'),
(1706400, 17, 6, 400, NULL, 'Buxoro viloyatining viloyat ahamiyatiga ega shaharlari', NULL, 'Бухоро вилоятининг вилоят аҳамиятига эга шаҳарлари', NULL, 'Города областного подчинения Бухарской области', NULL),
(1706401, 17, 6, 401, NULL, 'Buxoro', NULL, 'Бухоро', NULL, 'Бухара', NULL),
(1706403, 17, 6, 403, NULL, 'Kogon', NULL, 'Когон', NULL, 'Каган', NULL),
(1708200, 17, 8, 200, NULL, 'Jizzax viloyatining tumanlari', NULL, 'Жиззах вилоятининг туманлари', NULL, 'Районы Джизакской области', NULL),
(1708201, 17, 8, 201, NULL, 'Arnasoy tumani', 'G\'oliblar shaharchasi', 'Арнасой тумани', 'Ғолиблар шаҳарчаси', 'Арнасайский район', 'гп Голиблаp'),
(1708204, 17, 8, 204, NULL, 'Baxmal tumani', 'O\'smat shaharchasi', 'Бахмал тумани', 'Ўсмат шаҳарчаси', 'Бахмальский район', 'гп Усмат'),
(1708209, 17, 8, 209, NULL, 'G\'allaorol tumani', 'G\'allaorol sh.', 'Ғаллаорол тумани', 'Ғаллаорол ш.', 'Галляаральский район', 'г. Галляарал'),
(1708212, 17, 8, 212, NULL, 'Sharof Rashidov tumani', 'Uchtepa shaharchasi', 'Шароф Рашидов тумани', 'Учтепа шаҳарчаси', 'Шароф Рашидовский район', 'гп Уч-тепа'),
(1708215, 17, 8, 215, NULL, 'Do\'stlik tumani', 'Do\'stlik sh.', 'Дўстлик тумани', 'Дўстлик ш.', 'Дустликский район', 'г. Дустлик'),
(1708218, 17, 8, 218, NULL, 'Zomin tumani', 'Zomin shaharchasi', 'Зомин тумани', 'Зомин шаҳарчаси', 'Зааминский район', 'гп Заамин'),
(1708220, 17, 8, 220, NULL, 'Zarbdor tumani', 'Zarbdor shaharchasi', 'Зарбдор тумани', 'Зарбдор шаҳарчаси', 'Зарбдарский район', 'гп Зарбдар'),
(1708223, 17, 8, 223, NULL, 'Mirzacho\'l tumani', 'Gagarin sh.', 'Мирзачўл тумани', 'Гагарин ш.', 'Мирзачульский район', 'г. Гагарин'),
(1708225, 17, 8, 225, NULL, 'Zafarobod tumani', 'Zafarobod shaharchasi', 'Зафаробод тумани', 'Зафаробод шаҳарчаси', 'Зафарабадский район', 'гп Зафарабад'),
(1708228, 17, 8, 228, NULL, 'Paxtakor tumani', 'Paxtakor sh.', 'Пахтакор тумани', 'Пахтакор ш.', 'Пахтакорский район', 'г. Пахтакор'),
(1708235, 17, 8, 235, NULL, 'Forish tumani', 'Bog\'don shaharchasi', 'Фориш тумани', 'Боғдон шаҳарчаси', 'Фаришский район', 'гп Богдон'),
(1708237, 17, 8, 237, NULL, 'Yangiobod tumani', 'Balandchaqir a.p.', 'Янгиобод тумани', 'Баландчақир а.п.', 'Янгиободский район', 'нп Баландчакир'),
(1708400, 17, 8, 400, NULL, 'Jizzax viloyatining viloyat ahamiyatiga ega shaharlari', NULL, 'Жиззах вилоятининг вилоят аҳамиятига эга шаҳарлари', NULL, 'Города областного подчинения Джизакской области', NULL),
(1708401, 17, 8, 401, NULL, 'Jizzax', NULL, 'Жиззах', NULL, 'Джизак', NULL),
(1710200, 17, 10, 200, NULL, 'Qashqadaryo viloyatining tumanlari', NULL, 'Қашқадарё вилоятининг туманлари', NULL, 'Районы Кашкадарьинской области', NULL),
(1710207, 17, 10, 207, NULL, 'G\'uzor tumani', 'G\'uzor sh.', 'Ғузор тумани', 'Ғузор ш.', 'Гузарский район', 'г. Гузар'),
(1710212, 17, 10, 212, NULL, 'Dehqonobod tumani', 'Karashina shaharchasi', 'Деҳқонобод тумани', 'Карашина шаҳарчаси', 'Дехканабадский район', 'гп Корашина'),
(1710220, 17, 10, 220, NULL, 'Qamashi tumani', 'Qamashi sh.', 'Қамаши тумани', 'Қамаши ш.', 'Камашинский район', 'г. Камаши'),
(1710224, 17, 10, 224, NULL, 'Qarshi tumani', 'Beshkent sh.', 'Қарши тумани', 'Бешкент ш.', 'Каршинский район', 'г. Бешкент'),
(1710229, 17, 10, 229, NULL, 'Koson tumani', 'Koson sh.', 'Косон тумани', 'Косон ш.', 'Касанский район', 'г. Касан'),
(1710232, 17, 10, 232, NULL, 'Kitob tumani', 'Kitob sh.', 'Китоб тумани', 'Китоб ш.', 'Китабский район', 'г. Китаб'),
(1710233, 17, 10, 233, NULL, 'Mirishkor tumani', 'Yangi Mirishkor shaharchasi', 'Миришкор тумани', 'Янги Миришкор шаҳарчаси', 'Миришкорский район', 'гп Янги Миришкор'),
(1710234, 17, 10, 234, NULL, 'Muborak tumani', 'Muborak sh.', 'Муборак тумани', 'Муборак ш.', 'Мубарекский район', 'г. Мубарек'),
(1710235, 17, 10, 235, NULL, 'Nishon tumani', 'Yangi Nishon sh.', 'Нишон тумани', 'Янги Нишон ш.', 'Нишанский район', 'г. Янги-Нишан'),
(1710237, 17, 10, 237, NULL, 'Kasbi tumani', 'Mug\'lon shaharchasi', 'Касби тумани', 'Муғлон шаҳарчаси', 'Касбинский район', 'гп Муглон'),
(1710242, 17, 10, 242, NULL, 'Chiroqchi tumani', 'Chiroqchi sh.', 'Чироқчи тумани', 'Чироқчи ш.', 'Чиракчинский район', 'г. Чиракчи'),
(1710245, 17, 10, 245, NULL, 'Shahrisabz tumani', 'Shahrisabz sh.', 'Шаҳрисабз тумани', 'Шаҳрисабз ш.', 'Шахрисабзский район', 'г. Шахрисабз'),
(1710250, 17, 10, 250, NULL, 'Yakkabog\' tumani', 'Yakkabog\' sh.', 'Яккабоғ тумани', 'Яккабоғ ш.', 'Яккабагский район', 'г. Яккабаг'),
(1710400, 17, 10, 400, NULL, 'Qashqadaryo viloyatining viloyat ahamiyatiga ega shaharlari', NULL, 'Қашқадарё вилоятининг вилоят аҳамиятига эга шаҳарлари', NULL, 'Города областного подч. Кашкадарьинской области', NULL),
(1710401, 17, 10, 401, NULL, 'Qarshi', NULL, 'Қарши', NULL, 'Карши', NULL),
(1710405, 17, 10, 405, NULL, 'Shahrisabz', NULL, 'Шаҳрисабз', NULL, 'Шахрисабз', NULL),
(1712200, 17, 12, 200, NULL, 'Navoiy viloyatining tumanlari', NULL, 'Навоий вилоятининг туманлари', NULL, 'Районы Навоийской области', NULL),
(1712211, 17, 12, 211, NULL, 'Konimex tumani', 'Konimex shaharchasi', 'Конимех тумани', 'Конимех шаҳарчаси', 'Канимехский район', 'гп Канимех'),
(1712216, 17, 12, 216, NULL, 'Qiziltepa tumani', 'Qiziltepa sh.', 'Қизилтепа тумани', 'Қизилтепа ш.', 'Кызылтепинский район', 'г. Кызылтепа'),
(1712230, 17, 12, 230, NULL, 'Navbahor tumani', 'Beshrabot a.p.', 'Навбаҳор тумани', 'Бешработ а.п.', 'Навбахорский район', 'нп Бешрабад'),
(1712234, 17, 12, 234, NULL, 'Karmana tumani', 'Karmana shaharchasi', 'Кармана тумани', 'Кармана шаҳарчаси', 'Карманинский район', 'гп Кармана'),
(1712238, 17, 12, 238, NULL, 'Nurota tumani', 'Nurota sh.', 'Нурота тумани', 'Нурота ш.', 'Нуратинский район', 'г. Нурата'),
(1712244, 17, 12, 244, NULL, 'Tomdi tumani', 'Tomdibuloq shaharchasi', 'Томди тумани', 'Томдибулоқ шаҳарчаси', 'Тамдынский район', 'гп Томдибулок'),
(1712248, 17, 12, 248, NULL, 'Uchquduq tumani', 'Uchquduq sh.', 'Учқудуқ тумани', 'Учқудуқ ш.', 'Учкудукский район', 'г. Учкудук'),
(1712251, 17, 12, 251, NULL, 'Xatirchi tumani', 'Yangirabod sh.', 'Хатирчи тумани', 'Янгирабод ш.', 'Хатырчинский район', 'г. Янгирабод'),
(1712400, 17, 12, 400, NULL, 'Navoiy viloyatining viloyat ahamiyatiga ega shaharlarii', NULL, 'Навоий вилоятининг вилоят аҳамиятига эга шаҳарларии', NULL, 'Города областного подчинения Навоийской области', NULL),
(1712401, 17, 12, 401, NULL, 'Navoiy', NULL, 'Навоий', NULL, 'Навои', NULL),
(1712408, 17, 12, 408, NULL, 'Zarafshon', NULL, 'Зарафшон', NULL, 'Заpафшан', NULL),
(1712412, 17, 12, 412, NULL, 'G\'ozg\'on', NULL, 'Ғозғон', NULL, 'Газган', NULL),
(1714200, 17, 14, 200, NULL, 'Namangan viloyatining tumanlari', NULL, 'Наманган вилоятининг туманлари', NULL, 'Районы Наманганской области', NULL),
(1714204, 17, 14, 204, NULL, 'Mingbuloq tumani', 'Jo\'masho\'y shaharchasi', 'Мингбулоқ тумани', 'Жўмашўй шаҳарчаси', 'Мингбулакский pайон', 'гп Джумашуй'),
(1714207, 17, 14, 207, NULL, 'Kosonsoy tumani', 'Kosonsoy sh.', 'Косонсой тумани', 'Косонсой ш.', 'Касансайский район', 'г. Касансай'),
(1714212, 17, 14, 212, NULL, 'Namangan tumani', 'Toshbuloq shaharchasi', 'Наманган тумани', 'Тошбулоқ шаҳарчаси', 'Наманганский район', 'гп Ташбулак'),
(1714216, 17, 14, 216, NULL, 'Norin tumani', 'Xaqqulobod sh.', 'Норин тумани', 'Хаққулобод ш.', 'Нарынский район', 'г. Хаккулабад'),
(1714219, 17, 14, 219, NULL, 'Pop tumani', 'Pop sh.', 'Поп тумани', 'Поп ш.', 'Папский район', 'г. Пап'),
(1714224, 17, 14, 224, NULL, 'To\'raqo\'rg\'on tumani', 'To\'raqo\'rg\'on sh.', 'Тўрақўрғон тумани', 'Тўрақўрғон ш.', 'Туракурганский район', 'г. Туракурган'),
(1714229, 17, 14, 229, NULL, 'Uychi tumani', 'Uychi shaharchasi', 'Уйчи тумани', 'Уйчи шаҳарчаси', 'Уйчинский район', 'гп Уйчи'),
(1714234, 17, 14, 234, NULL, 'Uchqo\'rg\'on tumani', 'Uchqo\'rg\'on sh.', 'Учқўрғон тумани', 'Учқўрғон ш.', 'Учкурганский район', 'г. Учкурган'),
(1714236, 17, 14, 236, NULL, 'Chortoq tumani', 'Chortoq sh.', 'Чортоқ тумани', 'Чортоқ ш.', 'Чартакский район', 'г. Чартак'),
(1714237, 17, 14, 237, NULL, 'Chust tumani', 'Chust sh.', 'Чуст тумани', 'Чуст ш.', 'Чустский район', 'г. Чуст'),
(1714242, 17, 14, 242, NULL, 'Yangiqo\'rg\'on tumani', 'Yangiqo\'rg\'on shaharchasi', 'Янгиқўрғон тумани', 'Янгиқўрғон шаҳарчаси', 'Янгикурганский район', 'гп Янгикурган'),
(1714400, 17, 14, 400, NULL, 'Namangan viloyatining viloyat ahamiyatiga ega shaharlari', NULL, 'Наманган вилоятининг вилоят аҳамиятига эга шаҳарлари', NULL, 'Города областного подчинения Наманганской области', NULL),
(1714401, 17, 14, 401, NULL, 'Namangan', NULL, 'Наманган', NULL, 'Наманган', NULL),
(1718200, 17, 18, 200, NULL, 'Samarqand viloyatinung tumanlari', NULL, 'Самарқанд вилоятинунг туманлари', NULL, 'Районы Самаркандской области', NULL),
(1718203, 17, 18, 203, NULL, 'Oqdaryo tumani', 'Loyish shaharchasi', 'Оқдарё тумани', 'Лойиш шаҳарчаси', 'Акдарьинский район', 'гп Лаиш'),
(1718206, 17, 18, 206, NULL, 'Bulung\'ur tumani', 'Bulung\'ur sh.', 'Булунғур тумани', 'Булунғур ш.', 'Булунгурский район', 'г. Булунгур'),
(1718209, 17, 18, 209, NULL, 'Jomboy tumani', 'Jomboy sh.', 'Жомбой тумани', 'Жомбой ш.', 'Джамбайский район', 'г. Джамбай'),
(1718212, 17, 18, 212, NULL, 'Ishtixon tumani', 'Ishtixon sh.', 'Иштихон тумани', 'Иштихон ш.', 'Иштыханский район', 'г. Иштыхан'),
(1718215, 17, 18, 215, NULL, 'Kattaqo\'rg\'on tumani', 'Payshanba shaharchasi', 'Каттақўрғон тумани', 'Пайшанба шаҳарчаси', 'Каттакурганский район', 'гп Пайшанба'),
(1718216, 17, 18, 216, NULL, 'Qo\'shrabot tumani', 'Qo\'shrabot shaharchasi', 'Қўшработ тумани', 'Қўшработ шаҳарчаси', 'Кошрабадский район', 'гп Кушрабад'),
(1718218, 17, 18, 218, NULL, 'Narpay tumani', 'Oqtosh sh.', 'Нарпай тумани', 'Оқтош ш.', 'Нарпайский район', 'г. Акташ'),
(1718224, 17, 18, 224, NULL, 'Payariq tumani', 'Payariq sh.', 'Паяриқ тумани', 'Паяриқ ш.', 'Пайарыкский район', 'г.Пайаpык'),
(1718227, 17, 18, 227, NULL, 'Pastdarg\'om tumani', 'Juma sh.', 'Пастдарғом тумани', 'Жума ш.', 'Пастдаргомский район', 'г. Джума'),
(1718230, 17, 18, 230, NULL, 'Paxtachi tumani', 'Ziyovuddin shaharchasi', 'Пахтачи тумани', 'Зиёвуддин шаҳарчаси', 'Пахтачийский район', 'гп Зиатдин'),
(1718233, 17, 18, 233, NULL, 'Samarqand tumani', 'Gulobod shaharchasi', 'Самарқанд тумани', 'Гулобод шаҳарчаси', 'Самаркандский район', 'гп Гулабад'),
(1718235, 17, 18, 235, NULL, 'Nurobod tumani', 'Nurobod sh.', 'Нуробод тумани', 'Нуробод ш.', 'Нурабадский район', 'г. Нурабад'),
(1718236, 17, 18, 236, NULL, 'Urgut tumani', 'Urgut sh.', 'Ургут тумани', 'Ургут ш.', 'Ургутский район', 'г. Ургут'),
(1718238, 17, 18, 238, NULL, 'Tayloq tumani', 'Toyloq shaharchasi', 'Тайлоқ тумани', 'Тойлоқ шаҳарчаси', 'Тайлякский район', 'гп Тайлок'),
(1718400, 17, 18, 400, NULL, 'Samarqand viloyatining viloyat ahamiyatiga ega shaharlari', NULL, 'Самарқанд вилоятининг вилоят аҳамиятига эга шаҳарлари', NULL, 'Города областного подчинения Самаркандской области', NULL),
(1718401, 17, 18, 401, NULL, 'Samarqand', NULL, 'Самарқанд', NULL, 'Самарканд', NULL),
(1718406, 17, 18, 406, NULL, 'Kattaqo\'rg\'on', NULL, 'Каттақўрғон', NULL, 'Каттакурган', NULL),
(1722200, 17, 22, 200, NULL, 'Surxondaryo viloyatining tumanlari', NULL, 'Сурхондарё вилоятининг туманлари', NULL, 'Районы Сурхандарьинской области', NULL),
(1722201, 17, 22, 201, NULL, 'Oltinsoy tumani', 'Qorliq shaharchasi', 'Олтинсой тумани', 'Қорлиқ шаҳарчаси', 'Алтынсайский район', 'гп Корлик'),
(1722202, 17, 22, 202, NULL, 'Angor tumani', 'Angor shaharchasi', 'Ангор тумани', 'Ангор шаҳарчаси', 'Ангорский район', 'гп Ангор'),
(1722203, 17, 22, 203, NULL, 'Bandixon tumani', 'Bandixon shaharchasi', 'Бандихон тумани', 'Бандихон шаҳарчаси', 'Бандихонский район', 'гп Бандихон'),
(1722204, 17, 22, 204, NULL, 'Boysun tumani', 'Boysun sh.', 'Бойсун тумани', 'Бойсун ш.', 'Байсунский район', 'г. Байсун'),
(1722207, 17, 22, 207, NULL, 'Muzrabot tumani', 'Xalqobod shaharchasi', 'Музработ тумани', 'Халқобод шаҳарчаси', 'Музрабадский район', 'гп Халкабад'),
(1722210, 17, 22, 210, NULL, 'Denov tumani', 'Denov sh.', 'Денов тумани', 'Денов ш.', 'Денауский район', 'г. Денау'),
(1722212, 17, 22, 212, NULL, 'Jarqo\'rg\'on tumani', 'Jarqo\'rg\'on sh.', 'Жарқўрғон тумани', 'Жарқўрғон ш.', 'Джаркурганский район', 'г. Джаркурган'),
(1722214, 17, 22, 214, NULL, 'Qumqo\'rg\'on tumani', 'Qumqo\'rg\'on sh.', 'Қумқўрғон тумани', 'Қумқўрғон ш.', 'Кумкурганский район', 'г. Кумкурган'),
(1722215, 17, 22, 215, NULL, 'Qiziriq tumani', 'Sariq shaharchasi', 'Қизириқ тумани', 'Сариқ шаҳарчаси', 'Кизирикский район', 'гп Сарик'),
(1722217, 17, 22, 217, NULL, 'Sariosiyo tumani', 'Sariosiyo shaharchasi', 'Сариосиё тумани', 'Сариосиё шаҳарчаси', 'Сариасийский район', 'гп Сариасия'),
(1722220, 17, 22, 220, NULL, 'Termiz tumani', 'Uchqizil shaharchasi', 'Термиз тумани', 'Учқизил шаҳарчаси', 'Термезский район', 'гп Учкизил'),
(1722221, 17, 22, 221, NULL, 'Uzun tumani', 'Uzun shaharchasi', 'Узун тумани', 'Узун шаҳарчаси', 'Узунский район', 'гп Узун'),
(1722223, 17, 22, 223, NULL, 'Sherobod tumani', 'Sherobod sh.', 'Шеробод тумани', 'Шеробод ш.', 'Шерабадский район', 'г. Шерабад'),
(1722226, 17, 22, 226, NULL, 'Sho\'rchi tumani', 'Sho\'rchi sh.', 'Шўрчи тумани', 'Шўрчи ш.', 'Шурчинский район', 'г. Шурчи'),
(1722400, 17, 22, 400, NULL, 'Surxondaryo viloyatining viloyat ahamiyatiga ega shaharlari', NULL, 'Сурхондарё вилоятининг вилоят аҳамиятига эга шаҳарлари', NULL, 'Города областного подч. Сурхандарьинской области', NULL),
(1722401, 17, 22, 401, NULL, 'Termiz', NULL, 'Термиз', NULL, 'Термез', NULL),
(1724200, 17, 24, 200, NULL, 'Sirdaryo viloyatining tumanlari', NULL, 'Сирдарё вилоятининг туманлари', NULL, 'Районы Сырдарьинской области', NULL),
(1724206, 17, 24, 206, NULL, 'Oqoltin tumani', 'Sardoba shaharchasi', 'Оқолтин тумани', 'Сардоба шаҳарчаси', 'Акалтынский район', 'гп Сардоба'),
(1724212, 17, 24, 212, NULL, 'Boyovut tumani', 'Boyovut shaharchasi', 'Боёвут тумани', 'Боёвут шаҳарчаси', 'Баяутский район', 'гп Баяут'),
(1724216, 17, 24, 216, NULL, 'Sayxunobod tumani', 'Sayxun shaharcha', 'Сайхунобод тумани', 'Сайхун шаҳарча', 'Сайхунабадский район', 'гп Сайхун'),
(1724220, 17, 24, 220, NULL, 'Guliston tumani', 'Dehqonobod shaharchasi', 'Гулистон тумани', 'Деҳқонобод шаҳарчаси', 'Гулистанский район', 'гп Дехканабад'),
(1724226, 17, 24, 226, NULL, 'Sardoba tumani', 'Paxtaobod shaharchasi', 'Сардоба тумани', 'Пахтаобод шаҳарчаси', 'Сардобский район', 'гп Пахтаабад'),
(1724228, 17, 24, 228, NULL, 'Mirzaobod tumani', 'Navro\'z shaharchasi', 'Мирзаобод тумани', 'Наврўз шаҳарчаси', 'Мирзаабадский район', 'гп Навруз'),
(1724231, 17, 24, 231, NULL, 'Sirdaryo tumani', 'Sirdaryo sh.', 'Сирдарё тумани', 'Сирдарё ш.', 'Сырдарьинский район', 'г. Сырдарья'),
(1724235, 17, 24, 235, NULL, 'Xovos tumani', 'Xovos shaharchasi', 'Ховос тумани', 'Ховос шаҳарчаси', 'Хавасский район', 'гп Хавас'),
(1724400, 17, 24, 400, NULL, 'Sirdaryo viloyatining viloyat ahamiyatiga ega shaharlari', NULL, 'Сирдарё вилоятининг вилоят аҳамиятига эга шаҳарлари', NULL, 'Города областного подчинения Сырдарьинской области', NULL),
(1724401, 17, 24, 401, NULL, 'Guliston', NULL, 'Гулистон', NULL, 'Гулистан', NULL),
(1724410, 17, 24, 410, NULL, 'Shirin', NULL, 'Ширин', NULL, 'Шиpин', NULL),
(1724413, 17, 24, 413, NULL, 'Yangiyer', NULL, 'Янгиер', NULL, 'Янгиеp', NULL),
(1726260, 17, 26, 260, NULL, 'Toshkent shahrining tumanlari', NULL, 'Тошкент шаҳрининг туманлари', NULL, 'Районы города Ташкента', NULL),
(1726262, 17, 26, 262, NULL, 'Uchtepa tumani', NULL, 'Учтепа тумани', NULL, 'Учтепинский район', NULL),
(1726264, 17, 26, 264, NULL, 'Bektemir tumani', NULL, 'Бектемир тумани', NULL, 'Бектемирский район', NULL),
(1726266, 17, 26, 266, NULL, 'Yunusobod tumani', NULL, 'Юнусобод тумани', NULL, 'Юнусабадский район', NULL),
(1726269, 17, 26, 269, NULL, 'Mirzo Ulug\'bek tumani', NULL, 'Мирзо Улуғбек тумани', NULL, 'Мирзо-Улугбекский район', NULL),
(1726273, 17, 26, 273, NULL, 'Mirobod tumani', NULL, 'Миробод тумани', NULL, 'Мирабадский район', NULL),
(1726277, 17, 26, 277, NULL, 'Shayxontoxur tumani', NULL, 'Шайхонтохур тумани', NULL, 'Шайхантахурский район', NULL),
(1726280, 17, 26, 280, NULL, 'Olmazor tumani', NULL, 'Олмазор тумани', NULL, 'Алмазарский район', NULL),
(1726283, 17, 26, 283, NULL, 'Sirg\'ali tumani', NULL, 'Сирғали тумани', NULL, 'Сергелийский район', NULL),
(1726287, 17, 26, 287, NULL, 'Yakkasaroy tumani', NULL, 'Яккасарой тумани', NULL, 'Яккасарайский район', NULL),
(1726290, 17, 26, 290, NULL, 'Yashnobod tumani', NULL, 'Яшнобод тумани', NULL, 'Яшнободский район', NULL),
(1726292, 17, 26, 292, NULL, 'Yangihayot tumani', NULL, 'Янгиҳаёт тумани', NULL, 'Янгихаётский район', NULL),
(1726294, 17, 26, 294, NULL, 'Chilonzor tumani', NULL, 'Чилонзор тумани', NULL, 'Чиланзарский район', NULL),
(1727200, 17, 27, 200, NULL, 'Toshkent viloyatining tumanlari', NULL, 'Тошкент вилоятининг туманлари', NULL, 'Районы Ташкентской области', NULL),
(1727206, 17, 27, 206, NULL, 'Oqqo\'rg\'on tumani', 'Oqqo\'rg\'on sh.', 'Оққўрғон тумани', 'Оққўрғон ш.', 'Аккурганский район', 'г. Аккурган'),
(1727212, 17, 27, 212, NULL, 'Ohangaron tumani', 'Ohangaron sh.', 'Оҳангарон тумани', 'Оҳангарон ш.', 'Ахангаранский район', 'г. Ахангаран'),
(1727220, 17, 27, 220, NULL, 'Bekobod tumani', 'Zafar shaharchasi', 'Бекобод тумани', 'Зафар шаҳарчаси', 'Бекабадский район', 'гп Зафар'),
(1727224, 17, 27, 224, NULL, 'Bo\'stonliq tumani', 'G\'azalkent sh.', 'Бўстонлиқ тумани', 'Ғазалкент ш.', 'Бостанлыкский район', 'г. Газалкент'),
(1727228, 17, 27, 228, NULL, 'Bo\'ka tumani', 'Bo\'ka sh.', 'Бўка тумани', 'Бўка ш.', 'Букинский район', 'г. Бука'),
(1727233, 17, 27, 233, NULL, 'Quyichirchiq tumani', 'Do\'stobod sh.', 'Қуйичирчиқ тумани', 'Дўстобод ш.', 'Куйичирчикский район', 'г. Дустобод'),
(1727237, 17, 27, 237, NULL, 'Zangiota tumani', 'Eshonguzar shaharchasi', 'Зангиота тумани', 'Эшонгузар шаҳарчаси ', 'Зангиатинский район', 'гп Эшангузар'),
(1727239, 17, 27, 239, NULL, 'Yuqorichirchiq tumani', 'Yangibozor shaharchasi', 'Юқоричирчиқ тумани', 'Янгибозор шаҳарчаси', 'Юкоричирчикский район', 'гп Янгибазар'),
(1727248, 17, 27, 248, NULL, 'Qibray tumani', 'Qibray shaharchasi', 'Қибрай тумани', 'Қибрай шаҳарчаси', 'Кибрайский район', 'гп Кибрай'),
(1727249, 17, 27, 249, NULL, 'Parkent tumani', 'Parkent sh.', 'Паркент тумани', 'Паркент ш.', 'Паркентский район', 'г. Паркент'),
(1727250, 17, 27, 250, NULL, 'Pskent tumani', 'Pskent sh.', 'Пскент тумани', 'Пскент ш.', 'Пскентский район', 'г. Пскент'),
(1727253, 17, 27, 253, NULL, 'O\'rtachirchiq tumani', 'Nurafshon sh.', 'Ўртачирчиқ тумани', 'Нурафшон ш.', 'Уртачирчикский район', 'г. Нурафшон'),
(1727256, 17, 27, 256, NULL, 'Chinoz tumani', 'Chinoz sh.', 'Чиноз тумани', 'Чиноз ш.', 'Чиназский район', 'г. Чиназ'),
(1727259, 17, 27, 259, NULL, 'Yangiyo\'l tumani', 'Yangiyo\'l sh.', 'Янгийўл тумани', 'Янгийўл ш.', 'Янгиюльский район', 'г.Янгиюль'),
(1727265, 17, 27, 265, NULL, 'Toshkent tumani', 'Keles sh.', 'Тошкент тумани', 'Келес ш.', 'Ташкентский район', 'г.Келес'),
(1727400, 17, 27, 400, NULL, 'Toshkent viloyatining viloyat ahamiyatiga ega shaharlari', NULL, 'Тошкент вилоятининг вилоят аҳамиятига эга шаҳарлари', NULL, 'Города областного подчинения Ташкентской области', NULL),
(1727401, 17, 27, 401, NULL, 'Nurafshon', NULL, 'Нурафшон', NULL, 'Нурафшон', NULL),
(1727404, 17, 27, 404, NULL, 'Olmaliq', NULL, 'Олмалиқ', NULL, 'Алмалык', NULL),
(1727407, 17, 27, 407, NULL, 'Angren', NULL, 'Ангрен', NULL, 'Ангрен', NULL),
(1727413, 17, 27, 413, NULL, 'Bekobod', NULL, 'Бекобод', NULL, 'Бекабад', NULL),
(1727415, 17, 27, 415, NULL, 'Ohangaron', NULL, 'Оҳангарон', NULL, 'Ахангаран', NULL),
(1727419, 17, 27, 419, NULL, 'Chirchiq', NULL, 'Чирчиқ', NULL, 'Чиpчик', NULL),
(1727424, 17, 27, 424, NULL, 'Yangiyo\'l', NULL, 'Янгийўл', NULL, 'Янгиюль', NULL),
(1730200, 17, 30, 200, NULL, 'Farg\'ona viloyatining tumanlari', NULL, 'Фарғона вилоятининг туманлари', NULL, 'Районы Ферганской области', NULL),
(1730203, 17, 30, 203, NULL, 'Oltiariq tumani', 'Oltiariq shaharchasi', 'Олтиариқ тумани', 'Олтиариқ шаҳарчаси', 'Алтыарыкский район', 'гп Алтыарык'),
(1730206, 17, 30, 206, NULL, 'Qo\'shtepa tumani', 'Langar a.p.', 'Қўштепа тумани', 'Лангар а.п.', 'Куштепинский район', 'нп Лангар'),
(1730209, 17, 30, 209, NULL, 'Bog\'dod tumani', 'Bog\'dod shaharchasi', 'Боғдод тумани', 'Боғдод шаҳарчаси', 'Багдадский район', 'гп Багдад'),
(1730212, 17, 30, 212, NULL, 'Buvayda tumani', 'Ibrat shaharchasi', 'Бувайда тумани', 'Ибрат шаҳарчаси', 'Бувайдинский район', 'гп Ибрат'),
(1730215, 17, 30, 215, NULL, 'Beshariq tumani', 'Beshariq sh.', 'Бешариқ тумани', 'Бешариқ ш.', 'Бешарыкский район', 'г. Бешарык'),
(1730218, 17, 30, 218, NULL, 'Quva tumani', 'Quva sh.', 'Қува тумани', 'Қува ш.', 'Кувинский район', 'г. Кува'),
(1730221, 17, 30, 221, NULL, 'Uchko\'prik tumani', 'Uchko\'prik shaharchasi', 'Учкўприк тумани', 'Учкўприк шаҳарчаси', 'Учкуприкский район', 'гп Учкуприк'),
(1730224, 17, 30, 224, NULL, 'Rishton tumani', 'Rishton sh.', 'Риштон тумани', 'Риштон ш.', 'Риштанский район', 'г. Риштан'),
(1730226, 17, 30, 226, NULL, 'So\'x tumani', 'Ravon shaharchasi', 'Сўх тумани', 'Равон шаҳарчаси', 'Сохский район', 'гп Равон'),
(1730227, 17, 30, 227, NULL, 'Toshloq tumani', 'Toshloq shaharchasi', 'Тошлоқ тумани', 'Тошлоқ шаҳарчаси', 'Ташлакский район', 'гп Ташлак'),
(1730230, 17, 30, 230, NULL, 'O\'zbekiston tumani', 'Yaypan sh.', 'Ўзбекистон тумани', 'Яйпан ш.', 'Узбекистанский район', 'г. Яйпан'),
(1730233, 17, 30, 233, NULL, 'Farg\'ona tumani', 'Chimyon shaharchasi', 'Фарғона тумани', 'Чимён шаҳарчаси', 'Ферганский район', 'гп Чимен'),
(1730236, 17, 30, 236, NULL, 'Dang\'ara tumani', 'Dang\'ara shaharchasi', 'Данғара тумани', 'Данғара шаҳарчаси', 'Дангаринский район', 'гп Дангара'),
(1730238, 17, 30, 238, NULL, 'Furqat tumani', 'Navbahor shaharchasi', 'Фурқат тумани', 'Навбаҳор шаҳарчаси', 'Фуркатский район', 'гп Навбахор'),
(1730242, 17, 30, 242, NULL, 'Yozyovon tumani', 'Yozyovon shaharchasi', 'Ёзёвон тумани', 'Ёзёвон шаҳарчаси', 'Язъяванский район', 'гп Язъяван'),
(1730400, 17, 30, 400, NULL, 'Farg\'ona viloyatining viloyat ahamiyatiga ega shaharlari', NULL, 'Фарғона вилоятининг вилоят аҳамиятига эга шаҳарлари', NULL, 'Города областного подчинения Ферганской области', NULL),
(1730401, 17, 30, 401, NULL, 'Farg\'ona', NULL, 'Фарғона', NULL, 'Фергана', NULL),
(1730405, 17, 30, 405, NULL, 'Qo\'qon', NULL, 'Қўқон', NULL, 'Коканд', NULL),
(1730408, 17, 30, 408, NULL, 'Quvasoy', NULL, 'Қувасой', NULL, 'Кувасай', NULL),
(1730412, 17, 30, 412, NULL, 'Marg\'ilon', NULL, 'Марғилон', NULL, 'Маpгилан', NULL),
(1733200, 17, 33, 200, NULL, 'Xorazm viloyatining tumanlari', NULL, 'Хоразм вилоятининг туманлари', NULL, 'Районы Хорезмской области', NULL),
(1733204, 17, 33, 204, NULL, 'Bog\'ot tumani', 'Bog\'ot shaharchasi', 'Боғот тумани', 'Боғот шаҳарчаси', 'Багатский район', 'гп Багат'),
(1733208, 17, 33, 208, NULL, 'Gurlan tumani', 'Gurlan shaharchasi', 'Гурлан тумани', 'Гурлан шаҳарчаси', 'Гурленский район', 'гп Гурлен'),
(1733212, 17, 33, 212, NULL, 'Qo\'shko\'pir tumani', 'Qo\'shko\'pir shaharchasi', 'Қўшкўпир тумани', 'Қўшкўпир шаҳарчаси', 'Кошкупырский район', 'гп Кошкупыр'),
(1733217, 17, 33, 217, NULL, 'Urganch tumani', 'Qoroul a.p.', 'Урганч тумани', 'Қороул а.п.', 'Ургенчский район', 'нп Караул'),
(1733220, 17, 33, 220, NULL, 'Xazorasp tumani', 'Xazorasp shaharchasi', 'Хазорасп тумани', 'Хазорасп шаҳарчаси', 'Хазараспский район', 'гп Хазарасп'),
(1733221, 17, 33, 221, NULL, 'Tuproqqal\'a tumani', 'Pitnak shahri', 'Тупроққалъа тумани', 'Питнак шаҳри', 'Тупроккалинский район', 'г. Питнак'),
(1733223, 17, 33, 223, NULL, 'Xonqa tumani', 'Xonqa shaharchasi', 'Хонқа тумани', 'Хонқа шаҳарчаси', 'Ханкинский район', 'гп Ханка'),
(1733226, 17, 33, 226, NULL, 'Xiva tumani', 'Xiva sh.', 'Хива тумани', 'Хива ш.', 'Хивинский район', 'г. Хива'),
(1733230, 17, 33, 230, NULL, 'Shovot tumani', 'Shovot shaharchasi', 'Шовот тумани', 'Шовот шаҳарчаси', 'Шаватский район', 'гп Шават'),
(1733233, 17, 33, 233, NULL, 'Yangiariq tumani', 'Yangiariq shaharchasi', 'Янгиариқ тумани', 'Янгиариқ шаҳарчаси', 'Янгиарыкский район', 'гп Янгиарык'),
(1733236, 17, 33, 236, NULL, 'Yangibozor tumani', 'Yangibozor shaharchasi', 'Янгибозор тумани', 'Янгибозор шаҳарчаси', 'Янгибазарский район', 'гп Янгибазар'),
(1733400, 17, 33, 400, NULL, 'Xorazm viloyatining viloyat ahamiyatiga ega shaharlari', NULL, 'Хоразм вилоятининг вилоят аҳамиятига эга шаҳарлари', NULL, 'Города областного подчинения Хорезмской области', NULL),
(1733401, 17, 33, 401, NULL, 'Urganch', NULL, 'Урганч', NULL, 'Ургенч', NULL),
(1733406, 17, 33, 406, NULL, 'Xiva', NULL, 'Хива', NULL, 'Хива', NULL),
(1735200, 17, 35, 200, NULL, 'Qoraqalpog\'iston Respublikasining tumanlari', NULL, 'Қорақалпоғистон Республикасининг туманлари', NULL, 'Районы Республики Каракалпакстан', NULL),
(1735204, 17, 35, 204, NULL, 'Amudaryo tumani', 'Mang\'it sh.', 'Амударё тумани', 'Манғит ш.', 'Амударьинский район', 'г. Мангит'),
(1735207, 17, 35, 207, NULL, 'Beruniy tumani', 'Beruniy sh.', 'Беруний тумани', 'Беруний ш.', 'Берунийский район', 'г. Беруни'),
(1735209, 17, 35, 209, NULL, 'Bo\'zatov tumani', 'Bo\'zatov shaharchasi', 'Бўзатов тумани', 'Бўзатов шаҳарчаси', 'Бозатауский район', 'гп Бозатау'),
(1735211, 17, 35, 211, NULL, 'Qorao\'zak tumani', 'Qorao\'zak shaharchasi', 'Қораўзак тумани', 'Қораўзак шаҳарчаси', 'Караузякский район', 'гп Караузяк'),
(1735212, 17, 35, 212, NULL, 'Kegeyli tumani', 'Kegeyli shaharchasi', 'Кегейли тумани', 'Кегейли шаҳарчаси', 'Кегейлийский район', 'гп Кегейли'),
(1735215, 17, 35, 215, NULL, 'Qo\'ng\'irot tumani', 'Qo\'ng\'irot sh.', 'Қўнғирот тумани', 'Қўнғирот ш.', 'Кунградский район', 'г. Кунград'),
(1735218, 17, 35, 218, NULL, 'Qanliko\'l tumani', 'Qanliko\'l shaharchasi', 'Қанликўл тумани', 'Қанликўл шаҳарчаси', 'Канлыкульский район', 'гп Канлыкуль'),
(1735222, 17, 35, 222, NULL, 'Mo\'ynoq tumani', 'Mo\'ynoq sh.', 'Мўйноқ тумани', 'Мўйноқ ш.', 'Муйнакский район', 'г. Муйнак'),
(1735225, 17, 35, 225, NULL, 'Nukus tumani', 'Oqmang\'it shaharchasi', 'Нукус тумани', 'Оқманғит шаҳарчаси', 'Нукусский район', 'гп Акмангит'),
(1735228, 17, 35, 228, NULL, 'Taxiatosh tumani', 'Taxiatosh sh.', 'Тахиатош тумани', 'Тахиатош ш.', 'Тахиаташский район', 'г.Тахиаташ'),
(1735230, 17, 35, 230, NULL, 'Taxtako\'pir tumani', 'Taxtako\'pir shaharchasi', 'Тахтакўпир тумани', 'Тахтакўпир шаҳарчаси', 'Тахтакупырский район', 'гп Тахтакупыр'),
(1735233, 17, 35, 233, NULL, 'To\'rtko\'l tumani', 'To\'rtko\'l sh.', 'Тўрткўл тумани', 'Тўрткўл ш.', 'Турткульский район', 'г. Турткуль'),
(1735236, 17, 35, 236, NULL, 'Xo\'jayli tumani', 'Xo\'jayli sh.', 'Хўжайли тумани', 'Хўжайли ш.', 'Ходжейлийский район', 'г. Ходжейли'),
(1735240, 17, 35, 240, NULL, 'Chimboy tumani', 'Chimboy sh.', 'Чимбой тумани', 'Чимбой ш.', 'Чимбайский район', 'г. Чимбай'),
(1735243, 17, 35, 243, NULL, 'Shumanay tumani', 'Shumanay sh.', 'Шуманай тумани', 'Шуманай ш.', 'Шуманайский район', 'г. Шуманай'),
(1735250, 17, 35, 250, NULL, 'Ellikkala tumani', 'Bo\'ston sh.', 'Элликкала тумани', 'Бўстон ш.', 'Элликкалинский район', 'г. Бустан'),
(1735400, 17, 35, 400, NULL, 'Qoraqalpog\'iston Respublikasi ahamiyatiga ega shaharlar', NULL, 'Қорақалпоғистон Республикаси аҳамиятига эга шаҳарлар', NULL, 'Гоpода pеспуб-го подч. Республики Каpакалпакстан', NULL),
(1735401, 17, 35, 401, NULL, 'Nukus', NULL, 'Нукус', NULL, 'Нукус', NULL),
(1703202550, 17, 3, 202, 550, 'Oltinko\'l tumanining shaharchalari', NULL, 'Олтинкўл туманининг шаҳарчалари', NULL, 'Городские поселки Алтынкульского района', NULL),
(1703202552, 17, 3, 202, 552, 'Bo\'ston', NULL, 'Бўстон', NULL, 'Бустон', NULL),
(1703202554, 17, 3, 202, 554, 'Dalvarzin', NULL, 'Далварзин', NULL, 'Далварзин', NULL),
(1703202556, 17, 3, 202, 556, 'Jalabek', NULL, 'Жалабек', NULL, 'Жалабек', NULL),
(1703202558, 17, 3, 202, 558, 'Ijtimoiyat', NULL, 'Ижтимоият', NULL, 'Ижтимоият', NULL),
(1703202562, 17, 3, 202, 562, 'Kumakay', NULL, 'Кумакай', NULL, 'Кумакай', NULL),
(1703202564, 17, 3, 202, 564, 'Qo\'shtepa', NULL, 'Қўштепа', NULL, 'Куштепа', NULL),
(1703202566, 17, 3, 202, 566, 'Madaniy mehnat', NULL, 'Маданий меҳнат', NULL, 'Маданий мехнат', NULL),
(1703202568, 17, 3, 202, 568, 'Markaz', NULL, 'Марказ', NULL, 'Марказ', NULL),
(1703202572, 17, 3, 202, 572, 'Maslahat', NULL, 'Маслаҳат', NULL, 'Маслахат', NULL),
(1703202574, 17, 3, 202, 574, 'Namuna', NULL, 'Намуна', NULL, 'Намуна', NULL),
(1703202576, 17, 3, 202, 576, 'Xondibog\'i', NULL, 'Хондибоғи', NULL, 'Хондибоги', NULL),
(1703202800, 17, 3, 202, 800, 'Oltinko\'l tumanining qishloq fuqarolar yig\'inlari', NULL, 'Олтинкўл туманининг қишлоқ фуқаролар йиғинлари', NULL, 'Сельские сходы граждан Алтынкульского района', NULL),
(1703202804, 17, 3, 202, 804, 'Oltinko\'l', NULL, 'Олтинкўл', NULL, 'Алтынкуль', NULL),
(1703202807, 17, 3, 202, 807, 'Oxunboboyev nomli', NULL, 'Охунбобоев номли', NULL, 'им. Ахунбабаева', NULL),
(1703202813, 17, 3, 202, 813, 'Jalabek', NULL, 'Жалабек', NULL, 'Джалабек', NULL),
(1703202820, 17, 3, 202, 820, 'Qo\'shtepasaroy', NULL, 'Қўштепасарой', NULL, 'Коштепасарай', NULL),
(1703202825, 17, 3, 202, 825, 'Kumakay', NULL, 'Кумакай', NULL, 'Кумакай', NULL),
(1703202830, 17, 3, 202, 830, 'Maslahat', NULL, 'Маслаҳат', NULL, 'Маслахат', NULL),
(1703202834, 17, 3, 202, 834, 'Oraziy', NULL, 'Оразий', NULL, 'им. Орази', NULL),
(1703202840, 17, 3, 202, 840, 'Suvyulduz', NULL, 'Сувюлдуз', NULL, 'Сувюлдуз', NULL),
(1703203550, 17, 3, 203, 550, 'Andijon tumanining shaharchalari', NULL, 'Андижон туманининг шаҳарчалари', NULL, 'Городские поселки Андижанского района', NULL),
(1703203551, 17, 3, 203, 551, 'Kuyganyor', NULL, 'Куйганёр', NULL, 'Куйган - яр', NULL),
(1703203553, 17, 3, 203, 553, 'Ayrilish', NULL, 'Айрилиш', NULL, 'Айрилиш', NULL),
(1703203555, 17, 3, 203, 555, 'Butaqora', NULL, 'Бутақора', NULL, 'Бутакора', NULL),
(1703203557, 17, 3, 203, 557, 'Guliston', NULL, 'Гулистон', NULL, 'Гулистон', NULL),
(1703203559, 17, 3, 203, 559, 'Gumbaz', NULL, 'Гумбаз', NULL, 'Гумбаз', NULL),
(1703203561, 17, 3, 203, 561, 'Zavroq', NULL, 'Завроқ', NULL, 'Заврок', NULL),
(1703203563, 17, 3, 203, 563, 'Qoraqalpoq', NULL, 'Қорақалпоқ', NULL, 'Каракалпак', NULL),
(1703203567, 17, 3, 203, 567, 'Kunji', NULL, 'Кунжи', NULL, 'Кунжи', NULL),
(1703203569, 17, 3, 203, 569, 'Qo\'shariq', NULL, 'Қўшариқ', NULL, 'Кушарик', NULL),
(1703203571, 17, 3, 203, 571, 'Namuna', NULL, 'Намуна', NULL, 'Намуна', NULL),
(1703203573, 17, 3, 203, 573, 'Og\'ullik', NULL, 'Оғуллик', NULL, 'Огуллик', NULL),
(1703203575, 17, 3, 203, 575, 'Oq-yor', NULL, 'Оқ-ёр', NULL, 'Ок-ер', NULL),
(1703203577, 17, 3, 203, 577, 'Rovvot', NULL, 'Роввот', NULL, 'Роввот', NULL),
(1703203579, 17, 3, 203, 579, 'Xartum', NULL, 'Хартум', NULL, 'Хартум', NULL),
(1703203581, 17, 3, 203, 581, 'Chilon', NULL, 'Чилон', NULL, 'Чилон', NULL),
(1703203583, 17, 3, 203, 583, 'Chumbog\'ich', NULL, 'Чумбоғич', NULL, 'Чумбогич', NULL),
(1703203585, 17, 3, 203, 585, 'Ekin tikin', NULL, 'Экин тикин', NULL, 'Экин-тикин', NULL),
(1703203587, 17, 3, 203, 587, 'Yangiobod', NULL, 'Янгиобод', NULL, 'Янгиабад', NULL),
(1703203589, 17, 3, 203, 589, 'Gulobod', NULL, 'Гулобод', NULL, 'Гулобод', NULL),
(1703203800, 17, 3, 203, 800, 'Andijon tumanining qishloq fuqarolar yig\'inlari', NULL, 'Андижон туманининг қишлоқ фуқаролар йиғинлари', NULL, 'Сельские сходы граждан Андижанского района', NULL),
(1703203803, 17, 3, 203, 803, 'Oq-Yor', NULL, 'Оқ-Ёр', NULL, 'Ак-яр', NULL),
(1703203813, 17, 3, 203, 813, 'Bo\'taqora', NULL, 'Бўтақора', NULL, 'Бутакара', NULL),
(1703203829, 17, 3, 203, 829, 'Qo\'nji', NULL, 'Қўнжи', NULL, 'Кунджи', NULL),
(1703203838, 17, 3, 203, 838, 'Nayman', NULL, 'Найман', NULL, 'Найман', NULL),
(1703203849, 17, 3, 203, 849, 'Xakan', NULL, 'Хакан', NULL, 'Хакан', NULL),
(1703203863, 17, 3, 203, 863, 'Xrabek', NULL, 'Храбек', NULL, 'Хирабек', NULL),
(1703203866, 17, 3, 203, 866, 'Xartum', NULL, 'Хартум', NULL, 'Хартум', NULL),
(1703203874, 17, 3, 203, 874, 'Orol', NULL, 'Орол', NULL, 'Аpал', NULL),
(1703203885, 17, 3, 203, 885, 'Yorboshi', NULL, 'Ёрбоши', NULL, 'Ярбаши', NULL),
(1703206550, 17, 3, 206, 550, 'Baliqchi tumanining shaharchalari', NULL, 'Балиқчи туманининг шаҳарчалари', NULL, 'Городские поселки Балыкчинского района', NULL),
(1703206551, 17, 3, 206, 551, 'Baliqchi', NULL, 'Балиқчи', NULL, 'Баликчи', NULL),
(1703206554, 17, 3, 206, 554, 'Xo\'jaobod', NULL, 'Хўжаобод', NULL, 'Хужаабад', NULL),
(1703206558, 17, 3, 206, 558, 'Chinobod markaz', NULL, 'Чинобод марказ', NULL, 'Чинобод марказ', NULL),
(1703206800, 17, 3, 206, 800, 'Baliqchi tumanining qishloq fuqarolar yig\'inlari', NULL, 'Балиқчи туманининг қишлоқ фуқаролар йиғинлари', NULL, 'Сельские сходы граждан Балыкчинского района', NULL),
(1703206803, 17, 3, 206, 803, 'Olimbek', NULL, 'Олимбек', NULL, 'Алимбек', NULL),
(1703206807, 17, 3, 206, 807, 'Oxunboboyev nomli', NULL, 'Охунбобоев номли', NULL, 'им. Ахунбабаева', NULL),
(1703206813, 17, 3, 206, 813, 'Baliqchi', NULL, 'Балиқчи', NULL, 'Балыкчи', NULL),
(1703206824, 17, 3, 206, 824, 'Guliston', NULL, 'Гулистон', NULL, 'Гулистан', NULL),
(1703206831, 17, 3, 206, 831, 'Bo\'ston', NULL, 'Бўстон', NULL, 'Бустан', NULL),
(1703206846, 17, 3, 206, 846, 'Siza', NULL, 'Сиза', NULL, 'Сиза', NULL),
(1703206857, 17, 3, 206, 857, 'O\'rmonbek', NULL, 'Ўрмонбек', NULL, 'Урманбек', NULL),
(1703206868, 17, 3, 206, 868, 'Xo\'jaobod', NULL, 'Хўжаобод', NULL, 'Ходжаабад', NULL),
(1703206879, 17, 3, 206, 879, 'Eskixaqqulobod', NULL, 'Эскихаққулобод', NULL, 'Эски Хаккулабад', NULL),
(1703209550, 17, 3, 209, 550, 'Bo\'ston tumanining shaharchalari', NULL, 'Бўстон туманининг шаҳарчалари', NULL, 'Городские поселки Бустонского района', NULL),
(1703209551, 17, 3, 209, 551, 'Bo\'z', NULL, 'Бўз', NULL, 'Боз', NULL),
(1703209555, 17, 3, 209, 555, 'M.Jalolov nomli', NULL, 'М.Жалолов номли', NULL, 'М.Жалолов', NULL),
(1703209559, 17, 3, 209, 559, 'Xoldevonbek', NULL, 'Холдевонбек', NULL, 'Холдевонбек', NULL),
(1703209800, 17, 3, 209, 800, 'Bo\'ston tumanining qishloq fuqarolar yig\'inlari', NULL, 'Бўстон туманининг қишлоқ фуқаролар йиғинлари', NULL, 'Сельские сходы граждан Бустонского района', NULL),
(1703209811, 17, 3, 209, 811, 'Xoldevonbek', NULL, 'Холдевонбек', NULL, 'Халдеванбек', NULL),
(1703209846, 17, 3, 209, 846, 'M.Jalolov nomli', NULL, 'М.Жалолов номли', NULL, 'им. М. Джалалова', NULL),
(1703209857, 17, 3, 209, 857, 'Xovos', NULL, 'Ховос', NULL, 'Хавас', NULL),
(1703210550, 17, 3, 210, 550, 'Buloqboshi tumanining shaharchalari', NULL, 'Булоқбоши  туманининг шаҳарчалари', NULL, 'Городские поселки Булакбашинского района', NULL),
(1703210551, 17, 3, 210, 551, 'Buloqboshi', NULL, 'Булоқбоши', NULL, 'Булокбоши', NULL),
(1703210554, 17, 3, 210, 554, 'Andijon', NULL, 'Андижон', NULL, 'Андижан', NULL),
(1703210561, 17, 3, 210, 561, 'Uchtepa', NULL, 'Учтепа', NULL, 'Учтепа', NULL),
(1703210564, 17, 3, 210, 564, 'Shirmonbuloq', NULL, 'Ширмонбулоқ', NULL, 'Ширмонбулок', NULL),
(1703210800, 17, 3, 210, 800, 'Buloqboshi tumanining qishloq fuqarolar yig\'inlari', NULL, 'Булоқбоши туманининг қишлоқ фуқаролар йиғинлари', NULL, 'Сельские сходы граждан Булакбашинского района', NULL),
(1703210812, 17, 3, 210, 812, 'Buloqboshi', NULL, 'Булоқбоши', NULL, 'Булакбаши', NULL),
(1703210832, 17, 3, 210, 832, 'Kulla', NULL, 'Кулла', NULL, 'Кулла', NULL),
(1703210838, 17, 3, 210, 838, 'Mayariq', NULL, 'Маяриқ', NULL, 'Майарык', NULL),
(1703210850, 17, 3, 210, 850, 'Nayman', NULL, 'Найман', NULL, 'Найман', NULL),
(1703210894, 17, 3, 210, 894, 'Shirmonbuloq', NULL, 'Ширмонбулоқ', NULL, 'Ширманбулак', NULL),
(1703211500, 17, 3, 211, 500, 'Jalaquduq tumanining tuman ahamiyatiga ega shaharlari', NULL, 'Жалақудуқ туманининг туман аҳамиятига эга шаҳарлари', NULL, 'Города районного подч. Жалакудукского района', NULL),
(1703211501, 17, 3, 211, 501, 'Jalaquduq', NULL, 'Жалақудуқ', NULL, 'Жалакудук', NULL),
(1703211550, 17, 3, 211, 550, 'Jalaquduq tumanining shaharchalari', NULL, 'Жалақудуқ туманининг шаҳарчалари', NULL, 'Городские поселки Жалакудукского района', NULL),
(1703211554, 17, 3, 211, 554, 'Janubiy olamushuk', NULL, 'Жанубий оламушук', NULL, 'Южный Аламышик', NULL),
(1703211556, 17, 3, 211, 556, 'Beshtol', NULL, 'Бештол', NULL, 'Бештол', NULL),
(1703211558, 17, 3, 211, 558, 'Yorqishloq', NULL, 'Ёрқишлоқ', NULL, 'Еркишлок', NULL),
(1703211562, 17, 3, 211, 562, 'Jalaquduq', NULL, 'Жалақудуқ', NULL, 'Жалакудук', NULL),
(1703211564, 17, 3, 211, 564, 'Ko\'kalam', NULL, 'Кўкалам', NULL, 'Кукалам', NULL),
(1703211566, 17, 3, 211, 566, 'Qo\'shtepa', NULL, 'қўштепа', NULL, 'Куштепа', NULL),
(1703211568, 17, 3, 211, 568, 'Oyim', NULL, 'Ойим', NULL, 'Ойим', NULL),
(1703211800, 17, 3, 211, 800, 'Jalaquduq tumanining qishloq fuqarolar yig\'inlari', NULL, 'Жалақудуқ туманининг қишлоқ фуқаролар йиғинлари', NULL, 'Сельские сходы граждан Жалакудукского района', NULL),
(1703211804, 17, 3, 211, 804, 'Abdullabiy', NULL, 'Абдуллабий', NULL, 'Абдуллабий', NULL),
(1703211807, 17, 3, 211, 807, 'Oyim', NULL, 'Ойим', NULL, 'Аим', NULL),
(1703211814, 17, 3, 211, 814, 'Beshtal', NULL, 'Бештал', NULL, 'Бештал', NULL),
(1703211818, 17, 3, 211, 818, 'Jalolquduq', NULL, 'Жалолқудуқ', NULL, 'Джалалкудук', NULL),
(1703211824, 17, 3, 211, 824, 'Qatortol', NULL, 'Қатортол', NULL, 'Катартал', NULL),
(1703211830, 17, 3, 211, 830, 'Guliston', NULL, 'Гулистон', NULL, 'Гулистан', NULL),
(1703211834, 17, 3, 211, 834, 'Teshiktosh', NULL, 'Тешиктош', NULL, 'Тешикташ', NULL),
(1703211841, 17, 3, 211, 841, 'Yorqishloq', NULL, 'Ёрқишлоқ', NULL, 'Яркишлак', NULL),
(1703214500, 17, 3, 214, 500, 'Izboskan tumanining tuman ahamiyatiga ega shaharlari', NULL, 'Избоскан туманининг туман аҳамиятига эга шаҳарлари', NULL, 'Города районного подчинения Избасканского района', NULL),
(1703214501, 17, 3, 214, 501, 'Paytug', NULL, 'Пайтуг', NULL, 'Пайтуг', NULL),
(1703214550, 17, 3, 214, 550, 'Izboskan tumanining shaharchalari', NULL, 'Избоскан туманининг  шаҳарчалари', NULL, 'Городские поселки Избасканского района', NULL),
(1703214553, 17, 3, 214, 553, 'Gurkirov', NULL, 'Гуркиров', NULL, 'Гуркиров', NULL),
(1703214556, 17, 3, 214, 556, 'Maygir', NULL, 'Майгир', NULL, 'Майгир', NULL),
(1703214559, 17, 3, 214, 559, 'To\'rtko\'l', NULL, 'Тўрткўл', NULL, 'Турткул', NULL),
(1703214563, 17, 3, 214, 563, 'Uzun ko\'cha', NULL, 'Узун кўча', NULL, 'Узун куча', NULL),
(1703214800, 17, 3, 214, 800, 'Izboskan tumanining qishloq fuqarolar yig\'inlari', NULL, 'Избоскан  туманининг қишлоқ фуқаролар йиғинлари', NULL, 'Сельские сходы граждан Избасканского района', NULL),
(1703214811, 17, 3, 214, 811, 'Izboskan', NULL, 'Избоскан', NULL, 'Избаскан', NULL),
(1703214822, 17, 3, 214, 822, 'Maygir', NULL, 'Майгир', NULL, 'Майгир', NULL),
(1703214833, 17, 3, 214, 833, 'Namuna', NULL, 'Намуна', NULL, 'Намуна', NULL),
(1703214844, 17, 3, 214, 844, 'O\'rtoqlar', NULL, 'Ўртоқлар', NULL, 'Уртаклар', NULL),
(1703214855, 17, 3, 214, 855, 'Shermatobod', NULL, 'Шерматобод', NULL, 'Шерматабад', NULL),
(1703214860, 17, 3, 214, 860, 'Erkin', NULL, 'Эркин', NULL, 'Эркин', NULL),
(1703214866, 17, 3, 214, 866, 'Yangizamon', NULL, 'Янгизамон', NULL, 'Янгизамон', NULL),
(1703214877, 17, 3, 214, 877, 'Yangi qishloq', NULL, 'Янги қишлоқ', NULL, 'Янгикишлак', NULL),
(1703214885, 17, 3, 214, 885, 'Yakkatut', NULL, 'Яккатут', NULL, 'Яккатут', NULL),
(1703217550, 17, 3, 217, 550, 'Ulug\'nor tumanining shaharchalari', NULL, 'Улуғнор  туманининг  шаҳарчалари', NULL, 'Городские поселки Улугнарского района', NULL),
(1703217551, 17, 3, 217, 551, 'Oq oltin', NULL, 'Оқ олтин', NULL, 'Ок-олтин', NULL),
(1703217800, 17, 3, 217, 800, 'Ulug\'nor tumanining qishloq fuqarolar yig\'inlari', NULL, 'Улуғнор  туманининг қишлоқ фуқаролар йиғинлари', NULL, 'Сельские сходы граждан Улугноpского района', NULL),
(1703217810, 17, 3, 217, 810, 'Oq oltin', NULL, 'Оқ олтин', NULL, 'Акалтын', NULL),
(1703217815, 17, 3, 217, 815, 'Mingchinor', NULL, 'Мингчинор', NULL, 'Мингчинаp', NULL),
(1703217820, 17, 3, 217, 820, 'Mingbuloq', NULL, 'Мингбулоқ', NULL, 'Мингбулак', NULL),
(1703217830, 17, 3, 217, 830, 'Navoiy nomli', NULL, 'Навоий номли', NULL, 'им. Навои', NULL),
(1703220500, 17, 3, 220, 500, 'Qo\'rg\'ontepa tumanining tuman ahamiyatiga ega shaharlari', NULL, 'Қўрғонтепа туманининг туман аҳамиятига эга шаҳарлари', NULL, 'Города районного подч. Кургантепинского района', NULL),
(1703220501, 17, 3, 220, 501, 'Qo\'rg\'ontepa', NULL, 'Қўрғонтепа', NULL, 'Кургантепа', NULL),
(1703220505, 17, 3, 220, 505, 'Qorasuv', NULL, 'Қорасув', NULL, 'Карасу', NULL),
(1703220550, 17, 3, 220, 550, 'Qo\'rg\'ontepa tumanining shaharchalari', NULL, 'Қўрғонтепа туманининг  шаҳарчалари', NULL, 'Городские поселки Кургантепинского района', NULL),
(1703220553, 17, 3, 220, 553, 'Sultonobod', NULL, 'Султонобод', NULL, 'Султонабад', NULL),
(1703220800, 17, 3, 220, 800, 'Qo\'rg\'ontepa tumanining qishloq fuqarolar yig\'inlari', NULL, 'Қўрғонтепа  туманининг қишлоқ фуқаролар йиғинлари', NULL, 'Сельские сходы граждан Кургантепинского района', NULL),
(1703220813, 17, 3, 220, 813, 'Dardok', NULL, 'Дардок', NULL, 'Дардак', NULL),
(1703220836, 17, 3, 220, 836, 'Qo\'rg\'ontepa', NULL, 'Қўрғонтепа', NULL, 'Кургантепа', NULL),
(1703220847, 17, 3, 220, 847, 'Savay', NULL, 'Савай', NULL, 'Савай', NULL),
(1703220858, 17, 3, 220, 858, 'Sultonobod', NULL, 'Султонобод', NULL, 'Султанабад', NULL),
(1703220872, 17, 3, 220, 872, 'Chimyon', NULL, 'Чимён', NULL, 'Чимион', NULL),
(1703224500, 17, 3, 224, 500, 'Asaka tumanining tuman ahamiyatiga ega shaharlari', NULL, 'Асака туманининг туман аҳамиятига эга шаҳарлари', NULL, 'Города районного подч. Асакинского района', NULL),
(1703224501, 17, 3, 224, 501, 'Asaka', NULL, 'Асака', NULL, 'Асака', NULL),
(1703224550, 17, 3, 224, 550, 'Asaka tumanining shaharchalari', NULL, 'Асака туманининг  шаҳарчалари', NULL, 'Городские поселки Асакинского района', NULL),
(1703224552, 17, 3, 224, 552, 'Kujgan', NULL, 'Кужган', NULL, 'Кужган', NULL),
(1703224554, 17, 3, 224, 554, 'Navkan', NULL, 'Навкан', NULL, 'Навкан', NULL),
(1703224556, 17, 3, 224, 556, 'Oqbo\'yra', NULL, 'Оқбўйра', NULL, 'Окбуйра', NULL),
(1703224558, 17, 3, 224, 558, 'T.Aliyev', NULL, 'Т.Алиев', NULL, 'Т.Алиев', NULL),
(1703224800, 17, 3, 224, 800, 'Asaka tumanining qishloq fuqarolar yig\'inlari', NULL, 'Асака  туманининг қишлоқ фуқаролар йиғинлари', NULL, 'Сельские сходы граждан Асакинского района', NULL),
(1703224811, 17, 3, 224, 811, 'Zarbdor', NULL, 'Зарбдор', NULL, 'Зарбдар', NULL),
(1703224822, 17, 3, 224, 822, 'Ilg\'or', NULL, 'Илғор', NULL, 'Илгар', NULL),
(1703224833, 17, 3, 224, 833, 'Qoratepa', NULL, 'Қоратепа', NULL, 'Каpатепа', NULL),
(1703224844, 17, 3, 224, 844, 'Kujgan', NULL, 'Кужган', NULL, 'Кужган', NULL),
(1703224855, 17, 3, 224, 855, 'Qadim', NULL, 'Қадим', NULL, 'Кадим', NULL),
(1703224866, 17, 3, 224, 866, 'Mustahkam', NULL, 'Мустаҳкам', NULL, 'Мустахкам', NULL),
(1703224877, 17, 3, 224, 877, 'O\'zbekiston', NULL, 'Ўзбекистон', NULL, 'Узбекистан', NULL),
(1703224885, 17, 3, 224, 885, 'Niyozbotir', NULL, 'Ниёзботир', NULL, 'Ниязбатыр', NULL),
(1703227500, 17, 3, 227, 500, 'Marxamat tumanining tuman ahamiyatiga ega shaharlari', NULL, 'Мархамат туманининг туман аҳамиятига эга шаҳарлари', NULL, 'Города районного подчинения Мархаматского района', NULL),
(1703227501, 17, 3, 227, 501, 'Marxamat', NULL, 'Мархамат', NULL, 'Мархамат', NULL),
(1703227550, 17, 3, 227, 550, 'Marxamat tumanining shaharchalari', NULL, 'Мархамат  туманининг  шаҳарчалари', NULL, 'Городские поселки Мархаматского района', NULL),
(1703227554, 17, 3, 227, 554, 'Polvontosh', NULL, 'Полвонтош', NULL, 'Палванташ', NULL),
(1703227557, 17, 3, 227, 557, 'Boboxuroson', NULL, 'Бобохуросон', NULL, 'Бобохуросон', NULL),
(1703227561, 17, 3, 227, 561, 'Qorabog\'ish', NULL, 'Қорабоғиш', NULL, 'Корабогиш', NULL),
(1703227564, 17, 3, 227, 564, 'Qoraqo\'rg\'on', NULL, 'Қорақўрғон', NULL, 'Коракургон', NULL),
(1703227567, 17, 3, 227, 567, 'Ko\'tarma', NULL, 'Кўтарма', NULL, 'Кутарма', NULL),
(1703227571, 17, 3, 227, 571, 'Marxamat', NULL, 'Мархамат', NULL, 'Мархамат', NULL),
(1703227574, 17, 3, 227, 574, 'Rovot', NULL, 'Ровот', NULL, 'Ровот', NULL),
(1703227577, 17, 3, 227, 577, 'O\'qchi', NULL, 'Ўқчи', NULL, 'Укчи', NULL),
(1703227581, 17, 3, 227, 581, 'Xakka', NULL, 'Хакка', NULL, 'Хакка', NULL),
(1703227584, 17, 3, 227, 584, 'Xo\'jaariq', NULL, 'Хўжаариқ', NULL, 'Хужаарик', NULL),
(1703227800, 17, 3, 227, 800, 'Marxamat tumanining qishloq fuqarolar yig\'inlari', NULL, 'Мархамат туманининг қишлоқ фуқаролар йиғинлари', NULL, 'Сельские сходы граждан Мархаматского района', NULL),
(1703227811, 17, 3, 227, 811, 'Qoraqo\'rg\'on', NULL, 'Қорақўрғон', NULL, 'Каракурган', NULL),
(1703227816, 17, 3, 227, 816, 'Qorabog\'ish', NULL, 'Қорабоғиш', NULL, 'Карабагиш', NULL),
(1703227822, 17, 3, 227, 822, 'Ko\'tarma', NULL, 'Кўтарма', NULL, 'Кутарма', NULL);
INSERT INTO `soato` (`MHOBT_cod`, `res_id`, `region_id`, `district_id`, `qfi_id`, `name_lot`, `center_lot`, `name_cyr`, `center_cyr`, `name_ru`, `center_ru`) VALUES
(1703227833, 17, 3, 227, 833, 'Marxamat', NULL, 'Мархамат', NULL, 'Мархамат', NULL),
(1703227855, 17, 3, 227, 855, 'Shukurmergan', NULL, 'Шукурмерган', NULL, 'Шукурмерган', NULL),
(1703230500, 17, 3, 230, 500, 'Shaxrixon tumanining tuman ahamiyatiga ega shaharlari', NULL, 'Шахрихон туманининг туман аҳамиятига эга шаҳарлари', NULL, 'Города районного подчинения Шахриханского района', NULL),
(1703230501, 17, 3, 230, 501, 'Shaxrixon', NULL, 'Шахрихон', NULL, 'Шахрихан', NULL),
(1703230550, 17, 3, 230, 550, 'Shaxrixon tumanining shaharchalari', NULL, 'Шахрихон туманининг  шаҳарчалари', NULL, 'Городские поселки Шахриханского района', NULL),
(1703230552, 17, 3, 230, 552, 'Vaxim', NULL, 'Вахим', NULL, 'Вахим', NULL),
(1703230554, 17, 3, 230, 554, 'Cho\'ja', NULL, 'Чўжа', NULL, 'Чужа', NULL),
(1703230556, 17, 3, 230, 556, 'Segaza kum', NULL, 'Сегаза кум', NULL, 'Сегаза кум', NULL),
(1703230800, 17, 3, 230, 800, 'Shaxrixon tumanining qishloq fuqarolar yig\'inlari', NULL, 'Шахрихон туманининг қишлоқ фуқаролар йиғинлари', NULL, 'Сельские сходы граждан Шахриханского района', NULL),
(1703230811, 17, 3, 230, 811, 'Cho\'ja', NULL, 'Чўжа', NULL, 'Чужа', NULL),
(1703230822, 17, 3, 230, 822, 'Naynavo', NULL, 'Найнаво', NULL, 'Найнава', NULL),
(1703230826, 17, 3, 230, 826, 'Guliston', NULL, 'Гулистон', NULL, 'Гулистан', NULL),
(1703230835, 17, 3, 230, 835, 'Paxtaobod', NULL, 'Пахтаобод', NULL, 'Пахтаабад', NULL),
(1703230846, 17, 3, 230, 846, 'Toshtepa', NULL, 'Тоштепа', NULL, 'Таштепа', NULL),
(1703230857, 17, 3, 230, 857, 'O\'zbekiston', NULL, 'Ўзбекистон', NULL, 'Узбекистан', NULL),
(1703230862, 17, 3, 230, 862, 'O\'rta Shaxrixon', NULL, 'Ўрта Шахрихон', NULL, 'Урта Шахрихан', NULL),
(1703230869, 17, 3, 230, 869, 'Xaqiqat', NULL, 'Хақиқат', NULL, 'Хакикат', NULL),
(1703230872, 17, 3, 230, 872, 'Abdubiy', NULL, 'Абдубий', NULL, 'Абдубий', NULL),
(1703230882, 17, 3, 230, 882, 'Yangi yo\'l', NULL, 'Янги йўл', NULL, 'Янгиюль', NULL),
(1703230890, 17, 3, 230, 890, 'Nazarmaxram', NULL, 'Назармахрам', NULL, 'Назармахрам', NULL),
(1703230898, 17, 3, 230, 898, 'Yuqori Shaxrixon', NULL, 'Юқори Шахрихон', NULL, 'Юкори  Шахрихан', NULL),
(1703232500, 17, 3, 232, 500, 'Paxtaobod tumanining tuman ahamiyatiga ega shaharlari', NULL, 'Пахтаобод туманининг туман аҳамиятига эга шаҳарлари', NULL, 'Города районного подчинения Пахтаабадского района', NULL),
(1703232501, 17, 3, 232, 501, 'Paxtaobod', NULL, 'Пахтаобод', NULL, 'Пахтаабад', NULL),
(1703232550, 17, 3, 232, 550, 'Paxtaobod tumanining shaharchalari', NULL, 'Пахтаобод туманининг  шаҳарчалари', NULL, 'Городские поселки Пахтаабадского района', NULL),
(1703232556, 17, 3, 232, 556, 'Do\'stlik', NULL, 'Дўстлик', NULL, 'Дустлик', NULL),
(1703232559, 17, 3, 232, 559, 'Izboskan', NULL, 'Избоскан', NULL, 'Избоскан', NULL),
(1703232563, 17, 3, 232, 563, 'Pushmon', NULL, 'Пушмон', NULL, 'Пушмон', NULL),
(1703232800, 17, 3, 232, 800, 'Paxtaobod tumanining qishloq fuqarolar yig\'inlari', NULL, 'Пахтаобод туманининг қишлоқ фуқаролар йиғинлари', NULL, 'Сельские сходы граждан Пахтаабадского района', NULL),
(1703232803, 17, 3, 232, 803, 'Bo\'ston', NULL, 'Бўстон', NULL, 'Бустан', NULL),
(1703232810, 17, 3, 232, 810, 'Ittifoq', NULL, 'Иттифоқ', NULL, 'Иттифак', NULL),
(1703232820, 17, 3, 232, 820, 'Madaniyat', NULL, 'Маданият', NULL, 'Маданият', NULL),
(1703232834, 17, 3, 232, 834, 'Paxtakor', NULL, 'Пахтакор', NULL, 'Пахтакор', NULL),
(1703232845, 17, 3, 232, 845, 'Uyg\'ur', NULL, 'Уйғур', NULL, 'Уйгур', NULL),
(1703236500, 17, 3, 236, 500, 'Xo\'jaobod tumanining tuman ahamiyatiga ega shaharlari', NULL, 'Хўжаобод туманининг туман аҳамиятига эга шаҳарлари', NULL, 'Города районного подчинения Ходжаабадского района', NULL),
(1703236501, 17, 3, 236, 501, 'Xo\'jaobod', NULL, 'Хўжаобод', NULL, 'Ходжаабад', NULL),
(1703236550, 17, 3, 236, 550, 'Xo\'jaobod tumanining shaharchalari', NULL, 'Хўжаобод туманининг шаҳарчалари', NULL, 'Городские поселки Ходжаабадского района', NULL),
(1703236552, 17, 3, 236, 552, 'Guliston', NULL, 'Гулистон', NULL, 'Гулистон', NULL),
(1703236554, 17, 3, 236, 554, 'Dilkushod', NULL, 'Дилкушод', NULL, 'Дилкушод', NULL),
(1703236558, 17, 3, 236, 558, 'Ko\'tarma', NULL, 'Кўтарма', NULL, 'Кутарма', NULL),
(1703236562, 17, 3, 236, 562, 'Manak', NULL, 'Манак', NULL, 'Манак', NULL),
(1703236564, 17, 3, 236, 564, 'Xidirsha', NULL, 'Хидирша', NULL, 'Хидирша', NULL),
(1703236800, 17, 3, 236, 800, 'Xo\'jaobod tumanining qishloq fuqarolar yig\'inlari', NULL, 'Хўжаобод туманининг қишлоқ фуқаролар йиғинлари', NULL, 'Сельские сходы граждан Ходжаабадского района', NULL),
(1703236826, 17, 3, 236, 826, 'Manak', NULL, 'Манак', NULL, 'Манак', NULL),
(1703236861, 17, 3, 236, 861, 'Birlashgan', NULL, 'Бирлашган', NULL, 'Биpлашган', NULL),
(1703236872, 17, 3, 236, 872, 'Oltin vodiy', NULL, 'Олтин водий', NULL, 'Олтин водий', NULL),
(1703236883, 17, 3, 236, 883, 'Xo\'jaobod', NULL, 'Хўжаобод', NULL, 'Ходжаабад', NULL),
(1703408550, 17, 3, 408, 550, 'Xonobod shahar hokimiyatiga qarashli shaharchalari', NULL, 'Хонобод шаҳар ҳокимиятига қарашли шаҳарчалари', NULL, 'Городские поселки, подч. Ханабадскому горхок-ту', NULL),
(1703408553, 17, 3, 408, 553, 'Xonobod', NULL, 'Хонобод', NULL, 'Ханабад', NULL),
(1703408800, 17, 3, 408, 800, 'Xonobod sh. xok-tiga qarashli qishloq fuqarolar yig\'inlari', NULL, 'Хонобод ш. хок-тига қарашли қишлоқ фуқаролар йиғинлари', NULL, 'Сельские сходы гр-н, подч. Ханабадскому гоpхок-ту', NULL),
(1703408805, 17, 3, 408, 805, 'Xonobod', NULL, 'Хонобод', NULL, 'Ханабад', NULL),
(1706204500, 17, 6, 204, 500, 'Olot tumanining tuman ahamiyatiga ega shaharlari', NULL, 'Олот туманининг туман аҳамиятига эга шаҳарлари', NULL, 'Города районного подчинения Алатского района', NULL),
(1706204501, 17, 6, 204, 501, 'Olot', NULL, 'Олот', NULL, 'Алат', NULL),
(1706204550, 17, 6, 204, 550, 'Olot tumanining shaharchalari', NULL, 'Олот туманининг шаҳарчалари', NULL, 'Городские поселки Алатского района', NULL),
(1706204552, 17, 6, 204, 552, 'Ganchi Chandir', NULL, 'Ганчи Чандир', NULL, 'Ганчи Чандир', NULL),
(1706204553, 17, 6, 204, 553, 'Kesakli', NULL, 'Кесакли', NULL, 'Кесакли', NULL),
(1706204554, 17, 6, 204, 554, 'Qirtay', NULL, 'Қиртай', NULL, 'Киртай', NULL),
(1706204555, 17, 6, 204, 555, 'Sola qorovul', NULL, 'Сола қоровул', NULL, 'Сола коровул', NULL),
(1706204557, 17, 6, 204, 557, 'Jayxunobod', NULL, 'Жайхунобод', NULL, 'Жайхунобод', NULL),
(1706204558, 17, 6, 204, 558, 'O\'zbekiston', NULL, 'Ўзбекистон', NULL, 'Узбекистан', NULL),
(1706204559, 17, 6, 204, 559, 'Chovdur', NULL, 'Човдур', NULL, 'Човдур', NULL),
(1706204561, 17, 6, 204, 561, 'Bo\'ribek Chandir', NULL, 'Бўрибек Чандир', NULL, 'Бурибек Чандир', NULL),
(1706204800, 17, 6, 204, 800, 'Olot tumanining qishloq fuqarolar yig\'inlari', NULL, 'Олот туманининг қишлоқ фуқаролар йиғинлари', NULL, 'Сельские сходы граждан Алатского района', NULL),
(1706204804, 17, 6, 204, 804, 'Bahoriston', NULL, 'Баҳористон', NULL, 'Бахористон', NULL),
(1706204808, 17, 6, 204, 808, 'Guliston', NULL, 'Гулистон', NULL, 'Гулистон', NULL),
(1706204810, 17, 6, 204, 810, 'Denov', NULL, 'Денов', NULL, 'Денау', NULL),
(1706204820, 17, 6, 204, 820, 'Jumabozor', NULL, 'Жумабозор', NULL, 'Джумабазар', NULL),
(1706204830, 17, 6, 204, 830, 'Paxtakor', NULL, 'Пахтакор', NULL, 'Пахтакор', NULL),
(1706204840, 17, 6, 204, 840, 'Talqon-sayyot', NULL, 'Талқон-сайёт', NULL, 'Талкансаят', NULL),
(1706204850, 17, 6, 204, 850, 'Chandir', NULL, 'Чандир', NULL, 'Чандиp', NULL),
(1706204853, 17, 6, 204, 853, 'Chorbog\'', NULL, 'Чорбоғ', NULL, 'Чарбаг', NULL),
(1706204856, 17, 6, 204, 856, 'Qirlishon', NULL, 'Қирлишон', NULL, 'Киpлишон', NULL),
(1706204860, 17, 6, 204, 860, 'Soyin-qorovul', NULL, 'Сойин-қоровул', NULL, 'Соин - Коpавул', NULL),
(1706207500, 17, 6, 207, 500, 'Buxoro tumanining tuman ahamiyatiga ega shaharlari', NULL, 'Бухоро туманининг туман аҳамиятига эга шаҳарлари', NULL, 'Города районного подчинения Бухарского района', NULL),
(1706207501, 17, 6, 207, 501, 'Gala Osiyo', NULL, 'Гала Осиё', NULL, 'Галлаасия', NULL),
(1706207550, 17, 6, 207, 550, 'Buxoro tumanining shaharchalari', NULL, 'Бухоро туманининг шаҳарчалари', NULL, 'Городские поселки Бухарского района', NULL),
(1706207553, 17, 6, 207, 553, 'Dexcha', NULL, 'Дехча', NULL, 'Дехча', NULL),
(1706207554, 17, 6, 207, 554, 'Podshoyi', NULL, 'Подшойи', NULL, 'Подшойи', NULL),
(1706207555, 17, 6, 207, 555, 'Rabotak', NULL, 'Работак', NULL, 'Работак', NULL),
(1706207557, 17, 6, 207, 557, 'O\'rta Novmetan', NULL, 'Ўрта Новметан', NULL, 'Урта Новметан', NULL),
(1706207558, 17, 6, 207, 558, 'Xumini bolo', NULL, 'Хумини боло', NULL, 'Хумини боло', NULL),
(1706207561, 17, 6, 207, 561, 'Arabxona', NULL, 'Арабхона', NULL, 'Арабхона', NULL),
(1706207800, 17, 6, 207, 800, 'Buxoro tumanining qishloq fuqarolar yig\'inlari', NULL, 'Бухоро туманининг қишлоқ фуқаролар йиғинлари', NULL, 'Сельские сходы граждан Бухарского района', NULL),
(1706207810, 17, 6, 207, 810, 'Bog\'ikalon', NULL, 'Боғикалон', NULL, 'Багикалан', NULL),
(1706207824, 17, 6, 207, 824, 'Qavola Maxmud', NULL, 'Қавола Махмуд', NULL, 'Каваля Махмуд', NULL),
(1706207830, 17, 6, 207, 830, 'Kunjiqal\'a', NULL, 'Кунжиқалъа', NULL, 'Кунжикала', NULL),
(1706207835, 17, 6, 207, 835, 'Shexoncha', NULL, 'Шехонча', NULL, 'Шахонча', NULL),
(1706207846, 17, 6, 207, 846, 'Gulshanobod', NULL, 'Гулшанобод', NULL, 'Гулшанобод', NULL),
(1706207857, 17, 6, 207, 857, 'Rabotiqalmoq', NULL, 'Работиқалмоқ', NULL, 'Рабаткалмок', NULL),
(1706207860, 17, 6, 207, 860, 'Saxovat', NULL, 'Саховат', NULL, 'Саховат', NULL),
(1706207880, 17, 6, 207, 880, 'Shergiron', NULL, 'Шергирон', NULL, 'Шергирон', NULL),
(1706207882, 17, 6, 207, 882, 'Yangiobod', NULL, 'Янгиобод', NULL, 'Янгиобод', NULL),
(1706207883, 17, 6, 207, 883, 'Yangi Turmush', NULL, 'Янги Турмуш', NULL, 'Янги Турмуш', NULL),
(1706207886, 17, 6, 207, 886, 'Sohibkor', NULL, 'Соҳибкор', NULL, 'Сохибкоp', NULL),
(1706207890, 17, 6, 207, 890, 'So\'fikorgar', NULL, 'Сўфикоргар', NULL, 'Суфикоpгаp', NULL),
(1706207895, 17, 6, 207, 895, 'Istiqbol', NULL, 'Истиқбол', NULL, 'Истикбол', NULL),
(1706207898, 17, 6, 207, 898, 'Ko\'chko\'mar', NULL, 'Кўчкўмар', NULL, 'Кучкумаp', NULL),
(1706212500, 17, 6, 212, 500, 'Vobkent tumanining tuman ahamiyatiga ega shaharlari', NULL, 'Вобкент туманининг туман аҳамиятига эга шаҳарлари', NULL, 'Города районного подчинения Вабкентского района', NULL),
(1706212501, 17, 6, 212, 501, 'Vobkent', NULL, 'Вобкент', NULL, 'Вабкент', NULL),
(1706212550, 17, 6, 212, 550, 'Vobkent tumanining shaharchalari', NULL, 'Вобкент туманининг шаҳарчалари', NULL, 'Городские поселки Вобкентского района', NULL),
(1706212554, 17, 6, 212, 554, 'Navbahor', NULL, 'Навбаҳор', NULL, 'Навбахор', NULL),
(1706212556, 17, 6, 212, 556, 'Shirin', NULL, 'Ширин', NULL, 'Ширин', NULL),
(1706212558, 17, 6, 212, 558, 'Kosari', NULL, 'Косари', NULL, 'Косари', NULL),
(1706212800, 17, 6, 212, 800, 'Vobkent tumanining qishloq fuqarolar yig\'inlari', NULL, 'Вобкент туманининг қишлоқ фуқаролар йиғинлари', NULL, 'Сельские сходы граждан Вабкентского района', NULL),
(1706212808, 17, 6, 212, 808, 'Imomqazixon', NULL, 'Имомқазихон', NULL, 'Имамказыхан', NULL),
(1706212811, 17, 6, 212, 811, 'Pirmast', NULL, 'Пирмаст', NULL, 'Пиpмаст', NULL),
(1706212822, 17, 6, 212, 822, 'Qo\'ng\'irot', NULL, 'Қўнғирот', NULL, 'Кунград', NULL),
(1706212833, 17, 6, 212, 833, 'Kumushkent', NULL, 'Кумушкент', NULL, 'Кумушкент', NULL),
(1706212844, 17, 6, 212, 844, 'Roxkent', NULL, 'Рохкент', NULL, 'Рахкент', NULL),
(1706212854, 17, 6, 212, 854, 'Xayrobotcha', NULL, 'Хайроботча', NULL, 'Хайрабатча', NULL),
(1706212855, 17, 6, 212, 855, 'Xalach', NULL, 'Халач', NULL, 'Халач', NULL),
(1706212857, 17, 6, 212, 857, 'Xayrxush', NULL, 'Хайрхуш', NULL, 'Хайрхуш', NULL),
(1706212867, 17, 6, 212, 867, 'Qipchoq', NULL, 'Қипчоқ', NULL, 'Кипчак', NULL),
(1706212877, 17, 6, 212, 877, 'Exson', NULL, 'Эхсон', NULL, 'Эхсон', NULL),
(1706212887, 17, 6, 212, 887, 'Yangikent', NULL, 'Янгикент', NULL, 'Янгикент', NULL),
(1706215500, 17, 6, 215, 500, 'G\'ijduvon tumanining tuman ahamiyatiga ega shaharlari', NULL, 'Ғиждувон туманининг туман аҳамиятига эга шаҳарлари', NULL, 'Города районного подчинения Гиждуванского района', NULL),
(1706215501, 17, 6, 215, 501, 'G\'ijduvon', NULL, 'Ғиждувон', NULL, 'Гиждуван', NULL),
(1706215550, 17, 6, 215, 550, 'G\'ijduvon tumanining shaharchalari', NULL, 'Ғиждувон туманининг шаҳарчалари', NULL, 'Городские поселки Гиждуванского района', NULL),
(1706215556, 17, 6, 215, 556, 'Abadi', NULL, 'Абади', NULL, 'Абади', NULL),
(1706215559, 17, 6, 215, 559, 'Beshtuvo', NULL, 'Бештуво', NULL, 'Бештуво', NULL),
(1706215561, 17, 6, 215, 561, 'Gajdumak', NULL, 'Гаждумак', NULL, 'Гаждумак', NULL),
(1706215562, 17, 6, 215, 562, 'Jovgari', NULL, 'Жовгари', NULL, 'Джовгари', NULL),
(1706215563, 17, 6, 215, 563, 'Ko\'lijabbor', NULL, 'Кўлижаббор', NULL, 'Кулижаббор', NULL),
(1706215564, 17, 6, 215, 564, 'Mazragan', NULL, 'Мазраган', NULL, 'Мазраган', NULL),
(1706215565, 17, 6, 215, 565, 'Yuqori Rostgo\'y', NULL, 'Юқори Ростгўй', NULL, 'Юкори Ростгуй', NULL),
(1706215566, 17, 6, 215, 566, 'O\'zanon', NULL, 'Ўзанон', NULL, 'Узанон', NULL),
(1706215568, 17, 6, 215, 568, 'Xatcha', NULL, 'Хатча', NULL, 'Хатча', NULL),
(1706215569, 17, 6, 215, 569, 'Chag\'dari', NULL, 'Чағдари', NULL, 'Чагдари', NULL),
(1706215574, 17, 6, 215, 574, 'Dodarak', NULL, 'Додарак', NULL, 'Додарак', NULL),
(1706215576, 17, 6, 215, 576, 'Namatgaron', NULL, 'Наматгарон', NULL, 'Наматгарон', NULL),
(1706215578, 17, 6, 215, 578, 'Yuqori Qumoq', NULL, 'Юқори Қумоқ', NULL, 'Юкори Кумок', NULL),
(1706215800, 17, 6, 215, 800, 'G\'ijduvon tumanining qishloq fuqarolar yig\'inlari', NULL, 'Ғиждувон туманининг қишлоқ фуқаролар йиғинлари', NULL, 'Сельские сходы граждан Гиждуванского района', NULL),
(1706215803, 17, 6, 215, 803, 'Armechan', NULL, 'Армечан', NULL, 'Армечан', NULL),
(1706215805, 17, 6, 215, 805, 'Buktaroy', NULL, 'Буктарой', NULL, 'Буктарай', NULL),
(1706215810, 17, 6, 215, 810, 'G\'ovshun', NULL, 'Ғовшун', NULL, 'Гавшун', NULL),
(1706215820, 17, 6, 215, 820, 'Zarangari', NULL, 'Зарангари', NULL, 'Зарангаpи', NULL),
(1706215827, 17, 6, 215, 827, 'Qaraxoni', NULL, 'Қарахони', NULL, 'Карахани', NULL),
(1706215831, 17, 6, 215, 831, 'Ko\'kcha', NULL, 'Кўкча', NULL, 'Кукча', NULL),
(1706215836, 17, 6, 215, 836, 'Pozagari', NULL, 'Позагари', NULL, 'Позагари', NULL),
(1706215840, 17, 6, 215, 840, 'Paxtaobod', NULL, 'Пахтаобод', NULL, 'Пахтаобод', NULL),
(1706215848, 17, 6, 215, 848, 'Soktari', NULL, 'Соктари', NULL, 'Соктари', NULL),
(1706215849, 17, 6, 215, 849, 'Sarvari', NULL, 'Сарвари', NULL, 'Сарвари', NULL),
(1706215850, 17, 6, 215, 850, 'Sarmijon', NULL, 'Сармижон', NULL, 'Сармиджан', NULL),
(1706215860, 17, 6, 215, 860, 'Ulfatbibi', NULL, 'Улфатбиби', NULL, 'Ульфатбиби', NULL),
(1706215870, 17, 6, 215, 870, 'G.Yunusov nomli', NULL, 'Г.Юнусов номли', NULL, 'им.Ф. Юнусова', NULL),
(1706215880, 17, 6, 215, 880, 'Firishkent', NULL, 'Фиришкент', NULL, 'Фиришкент', NULL),
(1706219550, 17, 6, 219, 550, 'Kogon tumanining shaharchalari', NULL, 'Когон туманининг шаҳарчалари', NULL, 'Городские поселки Каганского района', NULL),
(1706219557, 17, 6, 219, 557, 'Sarayonobod', NULL, 'Сараёнобод', NULL, 'Сараенобод', NULL),
(1706219559, 17, 6, 219, 559, 'Tutikunda', NULL, 'Тутикунда', NULL, 'Тутикунда', NULL),
(1706219800, 17, 6, 219, 800, 'Kogon tumanining qishloq fuqarolar yig\'inlari', NULL, 'Когон туманининг қишлоқ фуқаролар йиғинлари', NULL, 'Сельские сходы граждан Каганского района', NULL),
(1706219811, 17, 6, 219, 811, 'Kogon', NULL, 'Когон', NULL, 'Каган', NULL),
(1706219814, 17, 6, 219, 814, 'Xo\'ja Yakshaba', NULL, 'Хўжа Якшаба', NULL, 'Хужа Якшаба', NULL),
(1706219816, 17, 6, 219, 816, 'Guliston', NULL, 'Гулистон', NULL, 'Гулистон', NULL),
(1706219818, 17, 6, 219, 818, 'Yangi xayot', NULL, 'Янги хаёт', NULL, 'Янги хает', NULL),
(1706219822, 17, 6, 219, 822, 'Nurafshon', NULL, 'Нурафшон', NULL, 'Нурафшон', NULL),
(1706219824, 17, 6, 219, 824, 'Beklar', NULL, 'Беклар', NULL, 'Беклаp', NULL),
(1706219833, 17, 6, 219, 833, 'Niyozhoji', NULL, 'Ниёзҳожи', NULL, 'Ниёзхожи', NULL),
(1706219836, 17, 6, 219, 836, 'Sarayon', NULL, 'Сараён', NULL, 'Саpаен', NULL),
(1706219844, 17, 6, 219, 844, 'B.Naqshband', NULL, 'Б.Нақшбанд', NULL, 'Накшбанди', NULL),
(1706230500, 17, 6, 230, 500, 'Qorako\'l tumanining tuman ahamiyatiga ega shaharlari', NULL, 'Қоракўл туманининг туман аҳамиятига эга шаҳарлари', NULL, 'Города районного подчинения Каракульского района', NULL),
(1706230501, 17, 6, 230, 501, 'Qorako\'l', NULL, 'Қоракўл', NULL, 'Каракуль', NULL),
(1706230550, 17, 6, 230, 550, 'Qorako\'l tumanining shaharchalari', NULL, 'Қоракўл туманининг шаҳарчалари', NULL, 'Городские поселки Каракульского района', NULL),
(1706230552, 17, 6, 230, 552, 'Bandboshi', NULL, 'Бандбоши', NULL, 'Бандбоши', NULL),
(1706230553, 17, 6, 230, 553, 'Darg\'abog\'i', NULL, 'Дарғабоғи', NULL, 'Даргабоги', NULL),
(1706230554, 17, 6, 230, 554, 'Jig\'achi', NULL, 'Жиғачи', NULL, 'Джигачи', NULL),
(1706230555, 17, 6, 230, 555, 'Qorahoji', NULL, 'Қораҳожи', NULL, 'Корахожи', NULL),
(1706230556, 17, 6, 230, 556, 'Quvvacha', NULL, 'Қуввача', NULL, 'Куввача', NULL),
(1706230557, 17, 6, 230, 557, 'Mirzaqal\'a', NULL, 'Мирзақалъа', NULL, 'Мирзакалъа', NULL),
(1706230558, 17, 6, 230, 558, 'Sayyod', NULL, 'Сайёд', NULL, 'Сайед', NULL),
(1706230559, 17, 6, 230, 559, 'Solur', NULL, 'Солур', NULL, 'Солур', NULL),
(1706230561, 17, 6, 230, 561, 'Chandirobod', NULL, 'Чандиробод', NULL, 'Чандирабад', NULL),
(1706230562, 17, 6, 230, 562, 'Sho\'rabot', NULL, 'Шўработ', NULL, 'Шуррабад', NULL),
(1706230563, 17, 6, 230, 563, 'Yakka A\'lam', NULL, 'Якка Аълам', NULL, 'Якка Аълам', NULL),
(1706230564, 17, 6, 230, 564, 'Yangiqal\'a', NULL, 'Янгиқалъа', NULL, 'Янгикалъа', NULL),
(1706230800, 17, 6, 230, 800, 'Qorako\'l tumanining qishloq fuqarolar yig\'inlari', NULL, 'Қоракўл туманининг қишлоқ фуқаролар йиғинлари', NULL, 'Сельские сходы граждан Каракульского района', NULL),
(1706230806, 17, 6, 230, 806, 'Darg\'ali', NULL, 'Дарғали', NULL, 'Даргали', NULL),
(1706230809, 17, 6, 230, 809, 'Bandboshi', NULL, 'Бандбоши', NULL, 'Бандбаши', NULL),
(1706230813, 17, 6, 230, 813, 'Jig\'achi', NULL, 'Жиғачи', NULL, 'Джигачи', NULL),
(1706230815, 17, 6, 230, 815, 'Sho\'rrabot', NULL, 'Шўрработ', NULL, 'Шуppабот', NULL),
(1706230825, 17, 6, 230, 825, 'Ziyorat', NULL, 'Зиёрат', NULL, 'Зиярат', NULL),
(1706230827, 17, 6, 230, 827, 'Kulonchi', NULL, 'Кулончи', NULL, 'Кулончи', NULL),
(1706230832, 17, 6, 230, 832, 'Qozon', NULL, 'Қозон', NULL, 'Казан', NULL),
(1706230834, 17, 6, 230, 834, 'Quvvacha', NULL, 'Қуввача', NULL, 'Куввача', NULL),
(1706230847, 17, 6, 230, 847, 'Qoraun', NULL, 'Қораун', NULL, 'Караун', NULL),
(1706230850, 17, 6, 230, 850, 'Qorako\'l', NULL, 'Қоракўл', NULL, 'Каракуль', NULL),
(1706230854, 17, 6, 230, 854, 'Chandir', NULL, 'Чандир', NULL, 'Чандиp', NULL),
(1706230859, 17, 6, 230, 859, 'Sayyot', NULL, 'Сайёт', NULL, 'Саят', NULL),
(1706230862, 17, 6, 230, 862, 'Mallaishayx', NULL, 'Маллаишайх', NULL, 'Маллаишайх', NULL),
(1706230875, 17, 6, 230, 875, 'Quyi Yangibozor', NULL, 'Қуйи Янгибозор', NULL, 'Куйи Янгибазар', NULL),
(1706230880, 17, 6, 230, 880, 'Qorahoji', NULL, 'Қораҳожи', NULL, 'Каpаходжи', NULL),
(1706230885, 17, 6, 230, 885, 'Chovli', NULL, 'Човли', NULL, 'Човли', NULL),
(1706232500, 17, 6, 232, 500, 'Qorovulbozor tumanining tuman ahamiyatiga ega shaharlari', NULL, 'Қоровулбозор туманининг туман аҳамиятига эга шаҳарлари', NULL, 'Города районного подч. Каpаулбазаpского pайона', NULL),
(1706232501, 17, 6, 232, 501, 'Qorovulbozor', NULL, 'Қоровулбозор', NULL, 'Караулбазар', NULL),
(1706232800, 17, 6, 232, 800, 'Qorovulbozor tumanining qishloq fuqarolar yig\'inlari', NULL, 'Қоровулбозор туманининг қишлоқ фуқаролар йиғинлари', NULL, 'Сельские сходы граждан Караулбазарского района', NULL),
(1706232803, 17, 6, 232, 803, 'Navbahor', NULL, 'Навбаҳор', NULL, 'Навбахор', NULL),
(1706232807, 17, 6, 232, 807, 'Bo\'ston', NULL, 'Бўстон', NULL, 'Бустон', NULL),
(1706232810, 17, 6, 232, 810, 'Buzachi', NULL, 'Бузачи', NULL, 'Бузачи', NULL),
(1706232815, 17, 6, 232, 815, 'Jarqoq', NULL, 'Жарқоқ', NULL, 'Жаркок', NULL),
(1706240550, 17, 6, 240, 550, 'Peshku tumanining shaharchalari', NULL, 'Пешку туманининг шаҳарчалари', NULL, 'Городские поселки Пешкунского района', NULL),
(1706240551, 17, 6, 240, 551, 'Yangibozor', NULL, 'Янгибозор', NULL, 'Янгибозор', NULL),
(1706240553, 17, 6, 240, 553, 'Peshku', NULL, 'Пешку', NULL, 'Пешку', NULL),
(1706240555, 17, 6, 240, 555, 'Shavgon', NULL, 'Шавгон', NULL, 'Шавгон', NULL),
(1706240557, 17, 6, 240, 557, 'Mahallai-Mirishkor', NULL, 'Маҳаллаи-Миришкор', NULL, 'Махаллаи-Миришкор', NULL),
(1706240800, 17, 6, 240, 800, 'Peshku tumanining qishloq fuqarolar yig\'inlari', NULL, 'Пешку туманининг қишлоқ фуқаролар йиғинлари', NULL, 'Сельские сходы граждан Пешкунского района', NULL),
(1706240802, 17, 6, 240, 802, 'Ibn Sino nomli', NULL, 'Ибн Сино номли', NULL, 'им. Абу-Али-Ибн-Сино', NULL),
(1706240805, 17, 6, 240, 805, 'Varaxsho', NULL, 'Варахшо', NULL, 'Варахша', NULL),
(1706240807, 17, 6, 240, 807, 'Jonkeldi', NULL, 'Жонкелди', NULL, 'Джангельды', NULL),
(1706240810, 17, 6, 240, 810, 'Zandani', NULL, 'Зандани', NULL, 'Зандани', NULL),
(1706240821, 17, 6, 240, 821, 'Qal\'ai Mirishkor', NULL, 'Қалъаи Миришкор', NULL, 'Калаймиришкар', NULL),
(1706240832, 17, 6, 240, 832, 'Peshku', NULL, 'Пешку', NULL, 'Пешку', NULL),
(1706240854, 17, 6, 240, 854, 'Yangibozor', NULL, 'Янгибозор', NULL, 'Янгибазар', NULL),
(1706240860, 17, 6, 240, 860, 'Bog\'imuso', NULL, 'Боғимусо', NULL, 'Богимуссо', NULL),
(1706240865, 17, 6, 240, 865, 'Qoraqalpoq', NULL, 'Қорақалпоқ', NULL, 'Каpакалпак', NULL),
(1706240870, 17, 6, 240, 870, 'Chibog\'oni', NULL, 'Чибоғони', NULL, 'Чибогони', NULL),
(1706242500, 17, 6, 242, 500, 'Romitan tumanining tuman ahamiyatiga ega shaharlari', NULL, 'Ромитан туманининг туман аҳамиятига эга шаҳарлари', NULL, 'Города районного подчинения Ромитанского района', NULL),
(1706242501, 17, 6, 242, 501, 'Romitan', NULL, 'Ромитан', NULL, 'Ромитан', NULL),
(1706242505, 17, 6, 242, 505, 'Gazli', NULL, 'Газли', NULL, 'Газли', NULL),
(1706242550, 17, 6, 242, 550, 'Romitan tumanining shaharchalari', NULL, 'Ромитан туманининг шаҳарчалари', NULL, 'Городские поселки Ромитанского района', NULL),
(1706242552, 17, 6, 242, 552, 'Qoqishtuvon', NULL, 'Қоқиштувон', NULL, 'Кокиштувон', NULL),
(1706242554, 17, 6, 242, 554, 'Xosa', NULL, 'Хоса', NULL, 'Хоса', NULL),
(1706242556, 17, 6, 242, 556, 'Yuqori G\'azberon', NULL, 'Юқори Ғазберон', NULL, 'Юкори Газберон', NULL),
(1706242800, 17, 6, 242, 800, 'Romitan tumanining qishloq fuqarolar yig\'inlari', NULL, 'Ромитан туманининг қишлоқ фуқаролар йиғинлари', NULL, 'Сельские сходы граждан Ромитанского района', NULL),
(1706242825, 17, 6, 242, 825, 'Qizil Ravot', NULL, 'Қизил Равот', NULL, 'Кызылрават', NULL),
(1706242834, 17, 6, 242, 834, 'Romitan', NULL, 'Ромитан', NULL, 'Ромитан', NULL),
(1706242864, 17, 6, 242, 864, 'Bog\'iturkon', NULL, 'Боғитуркон', NULL, 'Богитуркон', NULL),
(1706242867, 17, 6, 242, 867, 'Chelong\'u', NULL, 'Челонғу', NULL, 'Чилангу', NULL),
(1706242872, 17, 6, 242, 872, 'Sho\'rcha', NULL, 'Шўрча', NULL, 'Шурча', NULL),
(1706242875, 17, 6, 242, 875, 'Qo\'rg\'on', NULL, 'Қўрғон', NULL, 'Курган', NULL),
(1706246550, 17, 6, 246, 550, 'Jondor tumanining shaharchalari', NULL, 'Жондор туманининг шаҳарчалари', NULL, 'Городские поселки Жондоpского pайона', NULL),
(1706246551, 17, 6, 246, 551, 'Jondor', NULL, 'Жондор', NULL, 'Жондор', NULL),
(1706246552, 17, 6, 246, 552, 'Paxlavon', NULL, 'Пахлавон', NULL, 'Пахлавон', NULL),
(1706246553, 17, 6, 246, 553, 'Dalmun', NULL, 'Далмун', NULL, 'Далмун', NULL),
(1706246554, 17, 6, 246, 554, 'Ko\'liyon', NULL, 'Кўлиён', NULL, 'Кулиен', NULL),
(1706246555, 17, 6, 246, 555, 'Samonchuq', NULL, 'Самончуқ', NULL, 'Самончук', NULL),
(1706246556, 17, 6, 246, 556, 'Tobagar', NULL, 'Тобагар', NULL, 'Тобагар', NULL),
(1706246557, 17, 6, 246, 557, 'Ushot', NULL, 'Ушот', NULL, 'Ушот', NULL),
(1706246558, 17, 6, 246, 558, 'Xazorman', NULL, 'Хазорман', NULL, 'Хазорман', NULL),
(1706246559, 17, 6, 246, 559, 'Chorzona', NULL, 'Чорзона', NULL, 'Чорзона', NULL),
(1706246800, 17, 6, 246, 800, 'Jondor tumanining qishloq fuqarolar yig\'inlari', NULL, 'Жондор туманининг қишлоқ фуқаролар йиғинлари', NULL, 'Сельские сходы граждан Жондоpского района', NULL),
(1706246811, 17, 6, 246, 811, 'Dalmun', NULL, 'Далмун', NULL, 'Дальмун', NULL),
(1706246822, 17, 6, 246, 822, 'Qaroli', NULL, 'Қароли', NULL, 'Каpоли', NULL),
(1706246825, 17, 6, 246, 825, 'Lolo', NULL, 'Лоло', NULL, 'Лола', NULL),
(1706246831, 17, 6, 246, 831, 'Romish', NULL, 'Ромиш', NULL, 'Ромиш', NULL),
(1706246833, 17, 6, 246, 833, 'Zarafshon', NULL, 'Зарафшон', NULL, 'Зарафшон', NULL),
(1706246844, 17, 6, 246, 844, 'Oxshix', NULL, 'Охших', NULL, 'Охших', NULL),
(1706246855, 17, 6, 246, 855, 'Xumdonak', NULL, 'Хумдонак', NULL, 'Хумданак', NULL),
(1706246866, 17, 6, 246, 866, 'Xumini bolo', NULL, 'Хумини боло', NULL, 'Хумин', NULL),
(1706246870, 17, 6, 246, 870, 'Mustaqillik', NULL, 'Мустақиллик', NULL, 'Мустакиллик', NULL),
(1706246875, 17, 6, 246, 875, 'Po\'loti', NULL, 'Пўлоти', NULL, 'Пулоти', NULL),
(1706246880, 17, 6, 246, 880, 'Samonchuq', NULL, 'Самончуқ', NULL, 'Самончук', NULL),
(1706246885, 17, 6, 246, 885, 'Aleli', NULL, 'Алели', NULL, 'Алели', NULL),
(1706246890, 17, 6, 246, 890, 'Mirzayon', NULL, 'Мирзаён', NULL, 'Миpзоен', NULL),
(1706258500, 17, 6, 258, 500, 'Shofirkon tumanining tuman ahamiyatiga ega shaharlari', NULL, 'Шофиркон туманининг туман аҳамиятига эга шаҳарлари', NULL, 'Гоpода pайонного подчинения Шафирканского района', NULL),
(1706258501, 17, 6, 258, 501, 'Shofirkon', NULL, 'Шофиркон', NULL, 'Шафиркан', NULL),
(1706258550, 17, 6, 258, 550, 'Shofirkon tumanining shaharchalari', NULL, 'Шофиркон туманининг шаҳарчалари', NULL, 'Городские поселки Шафирканского района', NULL),
(1706258552, 17, 6, 258, 552, 'Jo\'yrabot', NULL, 'Жўйработ', NULL, 'Жуйрабад', NULL),
(1706258553, 17, 6, 258, 553, 'Iskogare', NULL, 'Искогаре', NULL, 'Искогаре', NULL),
(1706258554, 17, 6, 258, 554, 'Quyi Chuqurak', NULL, 'Қуйи Чуқурак', NULL, 'Куйи Чукурак', NULL),
(1706258555, 17, 6, 258, 555, 'Mirzoqul', NULL, 'Мирзоқул', NULL, 'Мирзокул', NULL),
(1706258556, 17, 6, 258, 556, 'Talisafed', NULL, 'Талисафед', NULL, 'Талисафед', NULL),
(1706258557, 17, 6, 258, 557, 'Undare', NULL, 'Ундаре', NULL, 'Ундаре', NULL),
(1706258558, 17, 6, 258, 558, 'Chandir', NULL, 'Чандир', NULL, 'Чандир', NULL),
(1706258561, 17, 6, 258, 561, 'G\'ulomte', NULL, 'Ғуломте', NULL, 'Гуломте', NULL),
(1706258800, 17, 6, 258, 800, 'Shofirkon tumanining qishloq fuqarolar yig\'inlari', NULL, 'Шофиркон туманининг қишлоқ фуқаролар йиғинлари', NULL, 'Сельские сходы граждан Шафирканского района', NULL),
(1706258805, 17, 6, 258, 805, 'Vargonze', NULL, 'Варгонзе', NULL, 'Варданзе', NULL),
(1706258811, 17, 6, 258, 811, 'Denov', NULL, 'Денов', NULL, 'Денау', NULL),
(1706258822, 17, 6, 258, 822, 'Jo\'ynav', NULL, 'Жўйнав', NULL, 'Жуйнау', NULL),
(1706258828, 17, 6, 258, 828, 'Jo\'yrabot', NULL, 'Жўйработ', NULL, 'Жуйработ', NULL),
(1706258833, 17, 6, 258, 833, 'Do\'rmon', NULL, 'Дўрмон', NULL, 'Дурмен', NULL),
(1706258844, 17, 6, 258, 844, 'Savrak', NULL, 'Саврак', NULL, 'Саврак', NULL),
(1706258855, 17, 6, 258, 855, 'Sulton Jo\'ra', NULL, 'Султон Жўра', NULL, 'им. С. Джури', NULL),
(1706258866, 17, 6, 258, 866, 'Tezguzar', NULL, 'Тезгузар', NULL, 'Тезгузар', NULL),
(1706258877, 17, 6, 258, 877, 'Mazlaxon chandir', NULL, 'Мазлахон чандир', NULL, 'Мазлахон Чандир', NULL),
(1706258880, 17, 6, 258, 880, 'Sh.Hamroyev nomli', NULL, 'Ш.Ҳамроев номли', NULL, 'им. Ш. Хамраева', NULL),
(1706258885, 17, 6, 258, 885, 'Iskogare', NULL, 'Искогаре', NULL, 'Искогаpе', NULL),
(1706258890, 17, 6, 258, 890, 'Bog\'iafzal', NULL, 'Боғиафзал', NULL, 'Богиафзал', NULL),
(1706401800, 17, 6, 401, 800, 'Buxoro shahar hokimiyatiga qarashli qishloq fuqarolar yig\'inlari', NULL, 'Бухоро шаҳар ҳокимиятига қарашли қишлоқ фуқаролар йиғинлари', NULL, 'Сельские сходы гр-н, подч. Бухарскому горхокимияту', NULL),
(1706401803, 17, 6, 401, 803, 'Otbozor', NULL, 'Отбозор', NULL, 'Атбазар', NULL),
(1706401805, 17, 6, 401, 805, 'Shirbuddin', NULL, 'Ширбуддин', NULL, 'Шербуддин', NULL),
(1708201550, 17, 8, 201, 550, 'Arnasoy tumanining shaharchalari', NULL, 'Арнасой туманининг шаҳарчалари', NULL, 'Городские поселки Арнасайского района', NULL),
(1708201551, 17, 8, 201, 551, 'G\'oliblar', NULL, 'Ғолиблар', NULL, 'Голиблар', NULL),
(1708201556, 17, 8, 201, 556, 'Gulbahor', NULL, 'Гулбаҳор', NULL, 'Гулбахор', NULL),
(1708201800, 17, 8, 201, 800, 'Arnasoy tumanining qishloq fuqarolar yig\'inlari', NULL, 'Арнасой туманининг қишлоқ фуқаролар йиғинлари', NULL, 'Сельские сходы граждан Арнасайского района', NULL),
(1708201802, 17, 8, 201, 802, 'Bo\'ston', NULL, 'Бўстон', NULL, 'Бустон', NULL),
(1708201803, 17, 8, 201, 803, 'Do\'stlik', NULL, 'Дўстлик', NULL, 'Дустлик', NULL),
(1708201804, 17, 8, 201, 804, 'Zarafshon', NULL, 'Зарафшон', NULL, 'Зарафшан', NULL),
(1708201806, 17, 8, 201, 806, 'Oltin vodiy', NULL, 'Олтин водий', NULL, 'Олтин водий', NULL),
(1708201807, 17, 8, 201, 807, 'Cho\'lquvar', NULL, 'Чўлқувар', NULL, 'Чулкувар', NULL),
(1708201813, 17, 8, 201, 813, 'Yangibo\'ston', NULL, 'Янгибўстон', NULL, 'Янгибустан', NULL),
(1708204550, 17, 8, 204, 550, 'Baxmal tumanining shaharchalari', NULL, 'Бахмал туманининг шаҳарчалари', NULL, 'Городские поселки Бахмальского района', NULL),
(1708204551, 17, 8, 204, 551, 'O\'smat', NULL, 'Ўсмат', NULL, 'Усмат', NULL),
(1708204552, 17, 8, 204, 552, 'Oqtosh', NULL, 'Оқтош', NULL, 'Акташ', NULL),
(1708204553, 17, 8, 204, 553, 'Mo\'g\'ol', NULL, 'Мўғол', NULL, 'Мугол', NULL),
(1708204554, 17, 8, 204, 554, 'Novqa', NULL, 'Новқа', NULL, 'Новка', NULL),
(1708204555, 17, 8, 204, 555, 'Alamli', NULL, 'Аламли', NULL, 'Аламли', NULL),
(1708204556, 17, 8, 204, 556, 'Tongotar', NULL, 'Тонготар', NULL, 'Тонготар', NULL),
(1708204558, 17, 8, 204, 558, 'Baxmal', NULL, 'Бахмал', NULL, 'Бахмал', NULL),
(1708204800, 17, 8, 204, 800, 'Baxmal tumanining qishloq fuqarolar yig\'inlari', NULL, 'Бахмал туманининг қишлоқ фуқаролар йиғинлари', NULL, 'Сельские сходы граждан Бахмальского района', NULL),
(1708204802, 17, 8, 204, 802, 'Oyqor', NULL, 'Ойқор', NULL, 'Айкар', NULL),
(1708204804, 17, 8, 204, 804, 'Oqtosh', NULL, 'Оқтош', NULL, 'Акташ', NULL),
(1708204808, 17, 8, 204, 808, 'Bog\'ishamol', NULL, 'Боғишамол', NULL, 'Багишамал', NULL),
(1708204810, 17, 8, 204, 810, 'Barlos', NULL, 'Барлос', NULL, 'Барлас', NULL),
(1708204812, 17, 8, 204, 812, 'Baxmal', NULL, 'Бахмал', NULL, 'Бахмал', NULL),
(1708204817, 17, 8, 204, 817, 'Gulbuloq', NULL, 'Гулбулоқ', NULL, 'Гульбулак', NULL),
(1708204830, 17, 8, 204, 830, 'Mo\'g\'ol', NULL, 'Мўғол', NULL, 'Мугал', NULL),
(1708204835, 17, 8, 204, 835, 'Sangzor', NULL, 'Сангзор', NULL, 'Сангзар', NULL),
(1708204840, 17, 8, 204, 840, 'Tongotar', NULL, 'Тонготар', NULL, 'Тонготар', NULL),
(1708204845, 17, 8, 204, 845, 'Uzunbuloq', NULL, 'Узунбулоқ', NULL, 'Узунбулак', NULL),
(1708209500, 17, 8, 209, 500, 'G\'allaorol tumanining tuman ahamiyatiga ega shaharlari', NULL, 'Ғаллаорол туманининг туман аҳамиятига эга шаҳарлари', NULL, 'Города районного подчинения Галляаральского района', NULL),
(1708209501, 17, 8, 209, 501, 'G\'allaorol', NULL, 'Ғаллаорол', NULL, 'Галляарал', NULL),
(1708209550, 17, 8, 209, 550, 'G\'allaorol tumanining shaharchalari', NULL, 'Ғаллаорол туманининг  шаҳарчалари', NULL, 'Городские поселки Галляаральского района', NULL),
(1708209554, 17, 8, 209, 554, 'Qo\'ytosh', NULL, 'Қўйтош', NULL, 'Кайташ', NULL),
(1708209557, 17, 8, 209, 557, 'Marjonbuloq', NULL, 'Маржонбулоқ', NULL, 'Марджанбулак', NULL),
(1708209559, 17, 8, 209, 559, 'Lalmikor', NULL, 'Лалмикор', NULL, 'Лалмикор', NULL),
(1708209561, 17, 8, 209, 561, 'Qangliobod', NULL, 'Қанглиобод', NULL, 'Канглиобод', NULL),
(1708209565, 17, 8, 209, 565, 'Abdukarim', NULL, 'Абдукарим', NULL, 'Абдукарим', NULL),
(1708209567, 17, 8, 209, 567, 'Chuvilloq', NULL, 'Чувиллоқ', NULL, 'Чувиллок', NULL),
(1708209800, 17, 8, 209, 800, 'G\'allaorol tumanining qishloq fuqarolar yig\'inlari', NULL, 'Ғаллаорол туманининг қишлоқ фуқаролар йиғинлари', NULL, 'Сельские сходы граждан Галляаральского района', NULL),
(1708209823, 17, 8, 209, 823, 'G\'ubdin', NULL, 'Ғубдин', NULL, 'Губдин', NULL),
(1708209825, 17, 8, 209, 825, 'Xonimqo\'rg\'on', NULL, 'Хонимқўрғон', NULL, 'Хонимкуpган', NULL),
(1708209834, 17, 8, 209, 834, 'Ittifoq', NULL, 'Иттифоқ', NULL, 'Иттифак', NULL),
(1708209836, 17, 8, 209, 836, 'Gulchambar', NULL, 'Гулчамбар', NULL, 'Гулчамбар', NULL),
(1708209838, 17, 8, 209, 838, 'Qipchoqsuv', NULL, 'Қипчоқсув', NULL, 'Кипчоксув', NULL),
(1708209848, 17, 8, 209, 848, 'Ko\'kbuloq', NULL, 'Кўкбулоқ', NULL, 'Кокбулак', NULL),
(1708209853, 17, 8, 209, 853, 'Korizquduq', NULL, 'Коризқудуқ', NULL, 'Коризкудук', NULL),
(1708209857, 17, 8, 209, 857, 'Guliston', NULL, 'Гулистон', NULL, 'Гулистан', NULL),
(1708209860, 17, 8, 209, 860, 'Buloqboshi', NULL, 'Булоқбоши', NULL, 'Булакбаши', NULL),
(1708209865, 17, 8, 209, 865, 'Madaniyat', NULL, 'Маданият', NULL, 'Маданият', NULL),
(1708209868, 17, 8, 209, 868, 'Mirzabuloq', NULL, 'Мирзабулоқ', NULL, 'Мирзабулак', NULL),
(1708209870, 17, 8, 209, 870, 'Moltob', NULL, 'Молтоб', NULL, 'Молтаб', NULL),
(1708209875, 17, 8, 209, 875, 'Tozaurug\'', NULL, 'Тозауруғ', NULL, 'Тозауpуг', NULL),
(1708209880, 17, 8, 209, 880, 'Mulkush', NULL, 'Мулкуш', NULL, 'Мулкуш', NULL),
(1708212550, 17, 8, 212, 550, 'Sharof Rashidov tumanining shaharchalari', NULL, 'Шароф Рашидов туманининг  шаҳарчалари', NULL, 'Городские поселки Шароф Рашидовского района', NULL),
(1708212551, 17, 8, 212, 551, 'Uch-tepa', NULL, 'Уч-тепа', NULL, 'Уч-тепа', NULL),
(1708212552, 17, 8, 212, 552, 'Gandumtosh', NULL, 'Гандумтош', NULL, 'Гандумтош', NULL),
(1708212553, 17, 8, 212, 553, 'Qorayantoq', NULL, 'Қораянтоқ', NULL, 'Караянтак', NULL),
(1708212554, 17, 8, 212, 554, 'Qang\'li', NULL, 'Қанғли', NULL, 'Кангли', NULL),
(1708212555, 17, 8, 212, 555, 'Toqchiliq', NULL, 'Тоқчилиқ', NULL, 'Токчилик', NULL),
(1708212557, 17, 8, 212, 557, 'Mulkanlik', NULL, 'Мулканлик', NULL, 'Мулканлик', NULL),
(1708212559, 17, 8, 212, 559, 'Jizzaxlik', NULL, 'Жиззахлик', NULL, 'Жиззахлик', NULL),
(1708212800, 17, 8, 212, 800, 'Sharof Rashidov tumanining qishloq fuqarolar yig\'inlari', NULL, 'Шароф Рашидов туманининг қишлоқ фуқаролар йиғинлари', NULL, 'Сельские сходы граждан Шароф Рашидовского района', NULL),
(1708212807, 17, 8, 212, 807, 'Oq oltin', NULL, 'Оқ олтин', NULL, 'Акалтын', NULL),
(1708212810, 17, 8, 212, 810, 'Ziyokor', NULL, 'Зиёкор', NULL, 'Зиекор', NULL),
(1708212816, 17, 8, 212, 816, 'Qang\'li', NULL, 'Қанғли', NULL, 'Кангли', NULL),
(1708212820, 17, 8, 212, 820, 'Rovat', NULL, 'Роват', NULL, 'Рават', NULL),
(1708212832, 17, 8, 212, 832, 'Qo\'shbarmoq', NULL, 'Қўшбармоқ', NULL, 'Кушбаpмок', NULL),
(1708212835, 17, 8, 212, 835, 'Paxtaobod', NULL, 'Пахтаобод', NULL, 'Пахтаабад', NULL),
(1708212837, 17, 8, 212, 837, 'Qulama', NULL, 'Қулама', NULL, 'Кулама', NULL),
(1708212854, 17, 8, 212, 854, 'Xayrobod', NULL, 'Хайробод', NULL, 'Хайрабад', NULL),
(1708212860, 17, 8, 212, 860, 'Fayzobod', NULL, 'Файзобод', NULL, 'Файзобод', NULL),
(1708212865, 17, 8, 212, 865, 'Kuyovboshi', NULL, 'Куёвбоши', NULL, 'Куёвбоши', NULL),
(1708212870, 17, 8, 212, 870, 'Samarqand quduq', NULL, 'Самарқанд қудуқ', NULL, 'Самаpканд - кудук', NULL),
(1708212875, 17, 8, 212, 875, 'Uchtepa', NULL, 'Учтепа', NULL, 'Учтепа', NULL),
(1708215500, 17, 8, 215, 500, 'Do\'stlik tumanining tuman ahamiyatiga ega shaharlari', NULL, 'Дўстлик туманининг туман аҳамиятига эга шаҳарлари', NULL, 'Города районного подчинения Дустликского района', NULL),
(1708215501, 17, 8, 215, 501, 'Do\'stlik', NULL, 'Дўстлик', NULL, 'Дустлик', NULL),
(1708215550, 17, 8, 215, 550, 'Do\'stlik tumanining shaharchalari', NULL, 'Дўстлик туманининг шаҳарчалари', NULL, 'Городские поселки Дустликского района', NULL),
(1708215553, 17, 8, 215, 553, 'Navro\'z', NULL, 'Наврўз', NULL, 'Навруз', NULL),
(1708215800, 17, 8, 215, 800, 'Do\'stlik tumanining qishloq fuqarolar yig\'inlari', NULL, 'Дўстлик туманининг қишлоқ фуқаролар йиғинлари', NULL, 'Сельские сходы граждан Дустликского района', NULL),
(1708215803, 17, 8, 215, 803, 'Bog\'zor', NULL, 'Боғзор', NULL, 'Багзар', NULL),
(1708215805, 17, 8, 215, 805, 'Bunyodkor', NULL, 'Бунёдкор', NULL, 'Бунедкор', NULL),
(1708215812, 17, 8, 215, 812, 'Qahramon', NULL, 'Қаҳрамон', NULL, 'Кахрамон', NULL),
(1708215823, 17, 8, 215, 823, 'Manas', NULL, 'Манас', NULL, 'Манас', NULL),
(1708215830, 17, 8, 215, 830, 'Saritepa', NULL, 'Саритепа', NULL, 'Саритепа', NULL),
(1708215840, 17, 8, 215, 840, 'Oltin vodiy', NULL, 'Олтин водий', NULL, 'Олтин водий', NULL),
(1708215845, 17, 8, 215, 845, 'Mevazor', NULL, 'Мевазор', NULL, 'Мевазоp', NULL),
(1708218500, 17, 8, 218, 500, 'Zomin tumanining tuman ahamiyatiga ega shaharlari', NULL, 'Зомин туманининг туман аҳамиятига эга шаҳарлари', NULL, 'Города районного подчинения Зааминского района', NULL),
(1708218503, 17, 8, 218, 503, 'Dashtobod', NULL, 'Даштобод', NULL, 'Даштобод', NULL),
(1708218550, 17, 8, 218, 550, 'Zomin tumanining shaharchalari', NULL, 'Зомин туманининг шаҳарчалари', NULL, 'Городские поселки Зааминского района', NULL),
(1708218551, 17, 8, 218, 551, 'Zomin', NULL, 'Зомин', NULL, 'Заамин', NULL),
(1708218553, 17, 8, 218, 553, 'Yom', NULL, 'Ём', NULL, 'Ем', NULL),
(1708218555, 17, 8, 218, 555, 'Sirg\'ali', NULL, 'Сирғали', NULL, 'Сиргали', NULL),
(1708218557, 17, 8, 218, 557, 'Pshag\'or', NULL, 'Пшағор', NULL, 'Пшагор', NULL),
(1708218800, 17, 8, 218, 800, 'Zomin tumanining qishloq fuqarolar yig\'inlari', NULL, 'Зомин туманининг қишлоқ фуқаролар йиғинлари', NULL, 'Сельские сходы граждан Зааминского района', NULL),
(1708218811, 17, 8, 218, 811, 'G\'allakor', NULL, 'Ғаллакор', NULL, 'Галлякор', NULL),
(1708218813, 17, 8, 218, 813, 'Gulshan', NULL, 'Гулшан', NULL, 'Гульшан', NULL),
(1708218817, 17, 8, 218, 817, 'Duoba', NULL, 'Дуоба', NULL, 'Дуоба', NULL),
(1708218834, 17, 8, 218, 834, 'A.Navoiy', NULL, 'А.Навоий', NULL, 'им. Навои', NULL),
(1708218838, 17, 8, 218, 838, 'Obi hayot', NULL, 'Оби ҳаёт', NULL, 'Обихаят', NULL),
(1708218857, 17, 8, 218, 857, 'Chorvador', NULL, 'Чорвадор', NULL, 'Чарвадар', NULL),
(1708218858, 17, 8, 218, 858, 'Istiqlol', NULL, 'Истиқлол', NULL, 'Истиклол', NULL),
(1708218860, 17, 8, 218, 860, 'Beshkubi', NULL, 'Бешкуби', NULL, 'Бешкуби', NULL),
(1708218870, 17, 8, 218, 870, 'Shirin', NULL, 'Ширин', NULL, 'Шиpин', NULL),
(1708220550, 17, 8, 220, 550, 'Zarbdor tumanining shaharchalari', NULL, 'Зарбдор туманининг шаҳарчалари', NULL, 'Городские поселки Зарбдарского района', NULL),
(1708220551, 17, 8, 220, 551, 'Zarbdor', NULL, 'Зарбдор', NULL, 'Зарбдар', NULL),
(1708220553, 17, 8, 220, 553, 'Bo\'ston', NULL, 'Бўстон', NULL, 'Бустан', NULL),
(1708220555, 17, 8, 220, 555, 'Fayzobod', NULL, 'Файзобод', NULL, 'Файзобод', NULL),
(1708220557, 17, 8, 220, 557, 'Sharq yulduzi', NULL, 'Шарқ юлдузи', NULL, 'Шарк Юлдузи', NULL),
(1708220800, 17, 8, 220, 800, 'Zarbdor tumanining qishloq fuqarolar yig\'inlari', NULL, 'Зарбдор туманининг қишлоқ фуқаролар йиғинлари', NULL, 'Сельские сходы граждан Зарбдарского района', NULL),
(1708220827, 17, 8, 220, 827, 'Sharq yulduzi', NULL, 'Шарқ юлдузи', NULL, 'Шаpк Юлдузи', NULL),
(1708220831, 17, 8, 220, 831, 'Toshkesgan', NULL, 'Тошкесган', NULL, 'Ташкесган', NULL),
(1708220835, 17, 8, 220, 835, 'Tinchlik', NULL, 'Тинчлик', NULL, 'Тинчлик', NULL),
(1708220843, 17, 8, 220, 843, 'Oqar', NULL, 'Оқар', NULL, 'Окар', NULL),
(1708220850, 17, 8, 220, 850, 'Lalmikor', NULL, 'Лалмикор', NULL, 'Лалмикоp', NULL),
(1708220863, 17, 8, 220, 863, 'Yangikent', NULL, 'Янгикент', NULL, 'Янгикент', NULL),
(1708220865, 17, 8, 220, 865, 'Andijon', NULL, 'Андижон', NULL, 'Андижан', NULL),
(1708220870, 17, 8, 220, 870, 'Adirobod', NULL, 'Адиробод', NULL, 'Адиpабад', NULL),
(1708223500, 17, 8, 223, 500, 'Mirzacho\'l tumanining tuman ahamiyatiga ega shaharlari', NULL, 'Мирзачўл туманининг туман аҳамиятига эга шаҳарлари', NULL, 'Города районного подчинения Мирзачульского района', NULL),
(1708223501, 17, 8, 223, 501, 'Gagarin', NULL, 'Гагарин', NULL, 'Гагарин', NULL),
(1708223550, 17, 8, 223, 550, 'Mirzacho\'l tumanining shaharchalari', NULL, 'Мирзачўл туманининг шаҳарчалари', NULL, 'Городские поселки Мирзачульского района', NULL),
(1708223553, 17, 8, 223, 553, 'Paxtazor', NULL, 'Пахтазор', NULL, 'Пахтазор', NULL),
(1708223555, 17, 8, 223, 555, 'Mirzadala', NULL, 'Мирзадала', NULL, 'Мирзадала', NULL),
(1708223800, 17, 8, 223, 800, 'Mirzacho\'l tumanining qishloq fuqarolar yig\'inlari', NULL, 'Мирзачўл туманининг қишлоқ фуқаролар йиғинлари', NULL, 'Сельские сходы граждан Мирзачульского района', NULL),
(1708223803, 17, 8, 223, 803, 'Bog\'bon', NULL, 'Боғбон', NULL, 'Багбан', NULL),
(1708223815, 17, 8, 223, 815, 'Jibek-jo\'li', NULL, 'Жибек-жўли', NULL, 'Жибек- жолы', NULL),
(1708223830, 17, 8, 223, 830, 'Toshkent', NULL, 'Тошкент', NULL, 'Ташкент', NULL),
(1708223833, 17, 8, 223, 833, 'O\'zbekiston', NULL, 'Ўзбекистон', NULL, 'Узбекистан', NULL),
(1708223840, 17, 8, 223, 840, 'Yangidala', NULL, 'Янгидала', NULL, 'Янгидала', NULL),
(1708223850, 17, 8, 223, 850, 'Gulzor', NULL, 'Гулзор', NULL, 'Гульзар', NULL),
(1708225550, 17, 8, 225, 550, 'Zafarobod tumanining shaharchalari', NULL, 'Зафаробод туманининг шаҳарчалари', NULL, 'Городские поселки Зафарабадского района', NULL),
(1708225551, 17, 8, 225, 551, 'Zafarobod', NULL, 'Зафаробод', NULL, 'Зафарабад', NULL),
(1708225553, 17, 8, 225, 553, 'Yorqin', NULL, 'Ёрқин', NULL, 'Яркин', NULL),
(1708225555, 17, 8, 225, 555, 'Pistalikent', NULL, 'Писталикент', NULL, 'Писталикент', NULL),
(1708225557, 17, 8, 225, 557, 'Nurafshon', NULL, 'Нурафшон', NULL, 'Нурафшон', NULL),
(1708225800, 17, 8, 225, 800, 'Zafarobod tumanining qishloq fuqarolar yig\'inlari', NULL, 'Зафаробод туманининг қишлоқ фуқаролар йиғинлари', NULL, 'Сельские сходы граждан Зафарабадского района', NULL),
(1708225802, 17, 8, 225, 802, 'Birlik', NULL, 'Бирлик', NULL, 'Бирлик', NULL),
(1708225807, 17, 8, 225, 807, 'Yorqin', NULL, 'Ёрқин', NULL, 'Еркин', NULL),
(1708225812, 17, 8, 225, 812, 'Lolazor', NULL, 'Лолазор', NULL, 'Лолазор', NULL),
(1708225828, 17, 8, 225, 828, 'Uzun', NULL, 'Узун ', NULL, 'Узун ', NULL),
(1708225832, 17, 8, 225, 832, 'Xulkar', NULL, 'Хулкар', NULL, 'Хулкар', NULL),
(1708225848, 17, 8, 225, 848, 'Chimqo\'rg\'on', NULL, 'Чимқўрғон', NULL, 'Чимкурган', NULL),
(1708228500, 17, 8, 228, 500, 'Paxtakor tumanining tuman ahamiyatiga ega shaharla', NULL, 'Пахтакор туманининг туман аҳамиятига эга шаҳарла', NULL, 'Города районного подчинения Пахтакорского района', NULL),
(1708228501, 17, 8, 228, 501, 'Paxtakor', NULL, 'Пахтакор', NULL, 'Пахтакор', NULL),
(1708228550, 17, 8, 228, 550, 'Paxtakor tumanining shaharchalari', NULL, 'Пахтакор туманининг шаҳарчалари', NULL, 'Городские поселки Пахтакорского района', NULL),
(1708228553, 17, 8, 228, 553, 'Gulzor', NULL, 'Гулзор', NULL, 'Гулзор', NULL),
(1708228800, 17, 8, 228, 800, 'Paxtakor tumanining qishloq fuqarolar yig\'inlari', NULL, 'Пахтакор туманининг қишлоқ фуқаролар йиғинлари', NULL, 'Сельские сходы граждан Пахтакорского района', NULL),
(1708228805, 17, 8, 228, 805, 'Buyuk Ipak yo\'li', NULL, 'Буюк Ипак йўли', NULL, 'Буюк Ипак йули', NULL),
(1708228807, 17, 8, 228, 807, 'Olmazor', NULL, 'Олмазор', NULL, 'Алмазар', NULL),
(1708228819, 17, 8, 228, 819, 'Mingchinor', NULL, 'Мингчинор', NULL, 'Мингчинар', NULL),
(1708228822, 17, 8, 228, 822, 'Paxtakor', NULL, 'Пахтакор', NULL, 'Пахтакор', NULL),
(1708228828, 17, 8, 228, 828, 'Bog\'ishamol', NULL, 'Боғишамол', NULL, 'Богишамол', NULL),
(1708228835, 17, 8, 228, 835, 'Chamanzor', NULL, 'Чаманзор', NULL, 'Чаманзар', NULL),
(1708228840, 17, 8, 228, 840, 'Oq buloq', NULL, 'Оқ булоқ', NULL, 'Акбулак', NULL),
(1708235550, 17, 8, 235, 550, 'Forish tumanining shaharchalari', NULL, 'Фориш туманининг шаҳарчалари', NULL, 'Городские поселки Фаришского pайона', NULL),
(1708235551, 17, 8, 235, 551, 'Bog\'don', NULL, 'Боғдон', NULL, 'Богдон', NULL),
(1708235560, 17, 8, 235, 560, 'Uchquloch', NULL, 'Учқулоч', NULL, 'Учкулач', NULL),
(1708235800, 17, 8, 235, 800, 'Forish tumanining qishloq fuqarolar yig\'inlari', NULL, 'Фориш туманининг қишлоқ фуқаролар йиғинлари', NULL, 'Сельские сходы граждан Фаришского района', NULL),
(1708235805, 17, 8, 235, 805, 'Omonkeldi', NULL, 'Омонкелди', NULL, 'Амангельды', NULL),
(1708235813, 17, 8, 235, 813, 'Darvoza', NULL, 'Дарвоза', NULL, 'Дарваза', NULL),
(1708235824, 17, 8, 235, 824, 'Arnasoy', NULL, 'Арнасой', NULL, 'Аpнасай', NULL),
(1708235828, 17, 8, 235, 828, 'Qoraabdol', NULL, 'Қораабдол', NULL, 'Караабдал', NULL),
(1708235835, 17, 8, 235, 835, 'Egizbuloq', NULL, 'Эгизбулоқ', NULL, 'Эгизбулак', NULL),
(1708235846, 17, 8, 235, 846, 'Qizilqum', NULL, 'Қизилқум', NULL, 'Кызылкум', NULL),
(1708235868, 17, 8, 235, 868, 'Forish', NULL, 'Фориш', NULL, 'Фариш', NULL),
(1708235885, 17, 8, 235, 885, 'Uxum', NULL, 'Ухум', NULL, 'Ухум', NULL),
(1708235890, 17, 8, 235, 890, 'Garasha', NULL, 'Гараша', NULL, 'Гараша', NULL),
(1708235895, 17, 8, 235, 895, 'Osmonsoy', NULL, 'Осмонсой', NULL, 'Османсай', NULL),
(1708237550, 17, 8, 237, 550, 'Yangiobod tumanining shaharchalari', NULL, 'Янгиобод туманининг шаҳарчалари', NULL, 'Городские поселки Янгиабадского района', NULL),
(1708237552, 17, 8, 237, 552, 'Yangiobod', NULL, 'Янгиобод', NULL, 'Янгиабад', NULL),
(1708237554, 17, 8, 237, 554, 'Savot', NULL, 'Савот', NULL, 'Савот', NULL),
(1708237800, 17, 8, 237, 800, 'Yangiobod tumanining qishloq fuqarolar yig\'inlari', NULL, 'Янгиобод туманининг қишлоқ фуқаролар йиғинлари', NULL, 'Сельские сходы граждан Янгиободского района', NULL),
(1708237804, 17, 8, 237, 804, 'Sarmich', NULL, 'Сармич', NULL, 'Сармич', NULL),
(1708237813, 17, 8, 237, 813, 'Xo\'jamushkent', NULL, 'Хўжамушкент', NULL, 'Ходжамушкент', NULL),
(1708237822, 17, 8, 237, 822, 'Savot', NULL, 'Савот', NULL, 'Сават', NULL),
(1708237831, 17, 8, 237, 831, 'Havotog\'', NULL, 'Ҳавотоғ', NULL, 'Ховотог', NULL),
(1708237840, 17, 8, 237, 840, 'Xovos', NULL, 'Ховос', NULL, 'Хавас', NULL),
(1710207500, 17, 10, 207, 500, 'G\'uzor tumanining tuman ahamiyatiga ega shaharlari', NULL, 'Ғузор туманининг туман аҳамиятига эга шаҳарлари', NULL, 'Города районного подчинения Гузарского района', NULL),
(1710207501, 17, 10, 207, 501, 'G\'uzor', NULL, 'Ғузор', NULL, 'Гузар', NULL),
(1710207550, 17, 10, 207, 550, 'G\'uzor tumanining shaharchalari', NULL, 'Ғузор туманининг  шаҳарчалари', NULL, 'Городские поселки Гузарского района', NULL),
(1710207552, 17, 10, 207, 552, 'Jarariq', NULL, 'Жарариқ', NULL, 'Жарарик', NULL),
(1710207554, 17, 10, 207, 554, 'Obihayot', NULL, 'Обиҳаёт', NULL, 'Обихает', NULL),
(1710207556, 17, 10, 207, 556, 'Yangikent', NULL, 'Янгикент', NULL, 'Янгикент', NULL),
(1710207558, 17, 10, 207, 558, 'Sherali', NULL, 'Шерали', NULL, 'Шерали', NULL),
(1710207562, 17, 10, 207, 562, 'Mash\'al', NULL, 'Машъал', NULL, 'Машъал', NULL),
(1710207800, 17, 10, 207, 800, 'G\'uzor tumanining qishloq fuqarolar yig\'inlari', NULL, 'Ғузор туманининг қишлоқ фуқаролар йиғинлари', NULL, 'Сельские сходы граждан Гузарского района', NULL),
(1710207810, 17, 10, 207, 810, 'Bo\'ston', NULL, 'Бўстон', NULL, 'Бустан', NULL),
(1710207823, 17, 10, 207, 823, 'Guliston', NULL, 'Гулистон', NULL, 'Гулистан', NULL),
(1710207834, 17, 10, 207, 834, 'Gulshan', NULL, 'Гулшан', NULL, 'Гульшан', NULL),
(1710207842, 17, 10, 207, 842, 'Zarbdor', NULL, 'Зарбдор', NULL, 'Зарбдар', NULL),
(1710207844, 17, 10, 207, 844, 'Qorako\'l', NULL, 'Қоракўл', NULL, 'Каракуль', NULL),
(1710207846, 17, 10, 207, 846, 'Shakarbuloq', NULL, 'Шакарбулоқ', NULL, 'Шакарбулак', NULL),
(1710207857, 17, 10, 207, 857, 'Mehnatobod', NULL, 'Меҳнатобод', NULL, 'Мехнатабад', NULL),
(1710207860, 17, 10, 207, 860, 'Qo\'shtepa', NULL, 'Қўштепа', NULL, 'Куштепа', NULL),
(1710207870, 17, 10, 207, 870, 'Pachkamar', NULL, 'Пачкамар', NULL, 'Пачкамар', NULL),
(1710207875, 17, 10, 207, 875, 'Xalqabod', NULL, 'Халқабод', NULL, 'Халкабад', NULL),
(1710207880, 17, 10, 207, 880, 'Batosh', NULL, 'Батош', NULL, 'Батош', NULL),
(1710207885, 17, 10, 207, 885, 'Sherali', NULL, 'Шерали', NULL, 'Шеpали', NULL),
(1710212550, 17, 10, 212, 550, 'Dehqonobod tumanining shaharchalari', NULL, 'Деҳқонобод туманининг  шаҳарчалари', NULL, 'Городские поселки Дехканабадского района', NULL),
(1710212551, 17, 10, 212, 551, 'Karashina', NULL, 'Карашина', NULL, 'Корашина', NULL),
(1710212553, 17, 10, 212, 553, 'Dehqonobod', NULL, 'Деҳқонобод', NULL, 'Дехканабад', NULL),
(1710212558, 17, 10, 212, 558, 'Beshbuloq', NULL, 'Бешбулоқ', NULL, 'Бешбулок', NULL),
(1710212800, 17, 10, 212, 800, 'Dehqonobod tumanining qishloq fuqarolar yig\'inlari', NULL, 'Деҳқонобод туманининг қишлоқ фуқаролар йиғинлари', NULL, 'Сельские сходы граждан Дехканабадского района', NULL),
(1710212804, 17, 10, 212, 804, 'Obiravon', NULL, 'Обиравон', NULL, 'Обиравон', NULL),
(1710212809, 17, 10, 212, 809, 'Oqqishloq', NULL, 'Оққишлоқ', NULL, 'Аккишлак', NULL),
(1710212810, 17, 10, 212, 810, 'O\'zbekiston', NULL, 'Ўзбекистон', NULL, 'Узбекистан', NULL),
(1710212811, 17, 10, 212, 811, 'Oqtosh', NULL, 'Оқтош', NULL, 'Акташ', NULL),
(1710212814, 17, 10, 212, 814, 'Boshchorbog\'', NULL, 'Бошчорбоғ', NULL, 'Бошчорбог', NULL),
(1710212816, 17, 10, 212, 816, 'Beshqo\'ton', NULL, 'Бешқўтон', NULL, 'Бешкутан', NULL),
(1710212822, 17, 10, 212, 822, 'Bibiqorasoch', NULL, 'Бибиқорасоч', NULL, 'Бибикарасоч', NULL),
(1710212827, 17, 10, 212, 827, 'Duob', NULL, 'Дуоб', NULL, 'Дуаб', NULL),
(1710212832, 17, 10, 212, 832, 'Qo\'rg\'ontosh', NULL, 'Қўрғонтош', NULL, 'Курганташ', NULL),
(1710212833, 17, 10, 212, 833, 'Qizilcha', NULL, 'Қизилча', NULL, 'Кизилча', NULL),
(1710212836, 17, 10, 212, 836, 'Oqirtma', NULL, 'Оқиртма', NULL, 'Окиpтма', NULL),
(1710212839, 17, 10, 212, 839, 'Bozortepa', NULL, 'Бозортепа', NULL, 'Базаpтепа', NULL),
(1710212845, 17, 10, 212, 845, 'Qirqquloch', NULL, 'Қирққулоч', NULL, 'Киpккулач', NULL),
(1710212850, 17, 10, 212, 850, 'Oqrabod', NULL, 'Оқрабод', NULL, 'Окpабод', NULL),
(1710220500, 17, 10, 220, 500, 'Qamashi tumanining tuman ahamiyatiga ega shaharlari', NULL, 'Қамаши туманининг туман аҳамиятига эга шаҳарлари', NULL, 'Города районного подчинения Камашинского района', NULL),
(1710220501, 17, 10, 220, 501, 'Qamashi', NULL, 'Қамаши', NULL, 'Камаши', NULL),
(1710220550, 17, 10, 220, 550, 'Qamashi tumanining shaharchalari', NULL, 'Қамаши туманининг шаҳарчалари', NULL, 'Городские поселки Камашинского района', NULL),
(1710220552, 17, 10, 220, 552, 'Balandchayla', NULL, 'Баландчайла', NULL, 'Баландчайла', NULL),
(1710220554, 17, 10, 220, 554, 'Qoratepa', NULL, 'Қоратепа', NULL, 'Коратепа', NULL),
(1710220556, 17, 10, 220, 556, 'Qiziltepa', NULL, 'Қизилтепа', NULL, 'Кызилтепа', NULL),
(1710220558, 17, 10, 220, 558, 'Sarbozor', NULL, 'Сарбозор', NULL, 'Сарбозор', NULL);
INSERT INTO `soato` (`MHOBT_cod`, `res_id`, `region_id`, `district_id`, `qfi_id`, `name_lot`, `center_lot`, `name_cyr`, `center_cyr`, `name_ru`, `center_ru`) VALUES
(1710220562, 17, 10, 220, 562, 'Badahshon', NULL, 'Бадаҳшон', NULL, 'Бадахшон', NULL),
(1710220800, 17, 10, 220, 800, 'Qamashi tumanining qishloq fuqarolar yig\'inlari', NULL, 'Қамаши туманининг қишлоқ фуқаролар йиғинлари', NULL, 'Сельские сходы граждан Камашинского района', NULL),
(1710220833, 17, 10, 220, 833, 'Qorabog\'', NULL, 'Қорабоғ', NULL, 'Карабаг', NULL),
(1710220835, 17, 10, 220, 835, 'Qoratepa', NULL, 'Қоратепа', NULL, 'Каратепа', NULL),
(1710220844, 17, 10, 220, 844, 'Ko\'kbuloq', NULL, 'Кўкбулоқ', NULL, 'Кокбулак', NULL),
(1710220845, 17, 10, 220, 845, 'Qiziltepa', NULL, 'Қизилтепа', NULL, 'Кизилтепа', NULL),
(1710220847, 17, 10, 220, 847, 'Rabod', NULL, 'Рабод', NULL, 'Равот', NULL),
(1710220855, 17, 10, 220, 855, 'To\'qboy', NULL, 'Тўқбой', NULL, 'Тукбай', NULL),
(1710220866, 17, 10, 220, 866, 'Chim', NULL, 'Чим', NULL, 'Чим', NULL),
(1710220870, 17, 10, 220, 870, 'Qamay', NULL, 'Қамай', NULL, 'Камай', NULL),
(1710220875, 17, 10, 220, 875, 'Jonbo\'zsoy', NULL, 'Жонбўзсой', NULL, 'Жонбузсой', NULL),
(1710220880, 17, 10, 220, 880, 'Loyqasoy', NULL, 'Лойқасой', NULL, 'Лойкасой', NULL),
(1710220885, 17, 10, 220, 885, 'Yortepa', NULL, 'Ёртепа', NULL, 'Еpтепа', NULL),
(1710224500, 17, 10, 224, 500, 'Qarshi tumanining tuman ahamiyatiga ega shaharlari', NULL, 'Қарши туманининг туман аҳамиятига эга шаҳарлари', NULL, 'Города районного подчинения Каршинского района', NULL),
(1710224501, 17, 10, 224, 501, 'Beshkent', NULL, 'Бешкент', NULL, 'Бешкент', NULL),
(1710224550, 17, 10, 224, 550, 'Qarshi tumanining shaharchalari', NULL, 'Қарши туманининг  шаҳарчалари', NULL, 'Городские поселки Каршинского района', NULL),
(1710224553, 17, 10, 224, 553, 'Fayzobod', NULL, 'Файзобод', NULL, 'Файзиабад', NULL),
(1710224556, 17, 10, 224, 556, 'Saroy', NULL, 'Сарой', NULL, 'Сарай', NULL),
(1710224559, 17, 10, 224, 559, 'G\'ubdin', NULL, 'Ғубдин', NULL, 'Губдин', NULL),
(1710224563, 17, 10, 224, 563, 'Lag\'mon', NULL, 'Лағмон', NULL, 'Лагмон', NULL),
(1710224566, 17, 10, 224, 566, 'Kuchkak', NULL, 'Кучкак', NULL, 'Кучкак', NULL),
(1710224569, 17, 10, 224, 569, 'Xonobod', NULL, 'Хонобод', NULL, 'Хонабад', NULL),
(1710224573, 17, 10, 224, 573, 'Shilvi', NULL, 'Шилви', NULL, 'Шилви', NULL),
(1710224576, 17, 10, 224, 576, 'Qovchin', NULL, 'Қовчин', NULL, 'Ковчин', NULL),
(1710224579, 17, 10, 224, 579, 'Nuqrabod', NULL, 'Нуқрабод', NULL, 'Нукрабад', NULL),
(1710224583, 17, 10, 224, 583, 'Yertepa', NULL, 'Ертепа', NULL, 'Ертепа', NULL),
(1710224586, 17, 10, 224, 586, 'Navro\'z', NULL, 'Наврўз', NULL, 'Навруз', NULL),
(1710224589, 17, 10, 224, 589, 'Jumabozor', NULL, 'Жумабозор', NULL, 'Жумабозор', NULL),
(1710224593, 17, 10, 224, 593, 'Mustaqillik', NULL, 'Мустақиллик', NULL, 'Мустакиллик', NULL),
(1710224596, 17, 10, 224, 596, 'Mirmiron', NULL, 'Мирмирон', NULL, 'Мирмирон', NULL),
(1710224599, 17, 10, 224, 599, 'Yangi xayot', NULL, 'Янги хаёт', NULL, 'Янгихает', NULL),
(1710224800, 17, 10, 224, 800, 'Qarshi tumanining qishloq fuqarolar yig\'inlari', NULL, 'Қарши туманининг қишлоқ фуқаролар йиғинлари', NULL, 'Сельские сходы граждан Каршинского района', NULL),
(1710224808, 17, 10, 224, 808, 'Bog\'obod', NULL, 'Боғобод', NULL, 'Багабад', NULL),
(1710224812, 17, 10, 224, 812, 'Charag\'il', NULL, 'Чарағил', NULL, 'Чарогил', NULL),
(1710224822, 17, 10, 224, 822, 'Dasht', NULL, 'Дашт', NULL, 'Дашт', NULL),
(1710224833, 17, 10, 224, 833, 'Yertepa', NULL, 'Ертепа', NULL, 'Ертепа', NULL),
(1710224840, 17, 10, 224, 840, 'Navbahor', NULL, 'Навбаҳор', NULL, 'Навбахор', NULL),
(1710224842, 17, 10, 224, 842, 'Qoratepa', NULL, 'Қоратепа', NULL, 'Каратепа', NULL),
(1710224843, 17, 10, 224, 843, 'Cho\'libo\'ston', NULL, 'Чўлибўстон', NULL, 'Чулибустан', NULL),
(1710224844, 17, 10, 224, 844, 'Kat', NULL, 'Кат', NULL, 'Кат', NULL),
(1710224847, 17, 10, 224, 847, 'Qovchin', NULL, 'Қовчин', NULL, 'Ковчин', NULL),
(1710224855, 17, 10, 224, 855, 'Chaman', NULL, 'Чаман ', NULL, 'Чаман ', NULL),
(1710224877, 17, 10, 224, 877, 'O\'zbekiston mustaqilligi', NULL, 'Ўзбекистон мустақиллиги', NULL, 'Узбекистон мустакиллиги', NULL),
(1710224880, 17, 10, 224, 880, 'Paxtakor', NULL, 'Пахтакор', NULL, 'Пахтакор', NULL),
(1710224884, 17, 10, 224, 884, 'Poshton', NULL, 'Поштон', NULL, 'Поштон', NULL),
(1710224888, 17, 10, 224, 888, 'Tallikuron', NULL, 'Талликурон', NULL, 'Талликурган', NULL),
(1710224895, 17, 10, 224, 895, 'Hilol', NULL, 'Ҳилол', NULL, 'Хилал', NULL),
(1710229500, 17, 10, 229, 500, 'Koson tumanining tuman ahamiyatiga ega shaharlari', NULL, 'Косон туманининг туман аҳамиятига эга шаҳарлари', NULL, 'Гоpода pайонного подчинения Касанского pайона', NULL),
(1710229501, 17, 10, 229, 501, 'Koson', NULL, 'Косон', NULL, 'Касан', NULL),
(1710229550, 17, 10, 229, 550, 'Koson tumanining shaharchalari', NULL, 'Косон туманининг  шаҳарчалари', NULL, 'Городские поселки Касанского района', NULL),
(1710229552, 17, 10, 229, 552, 'Boyg\'undi', NULL, 'Бойғунди', NULL, 'Бойгунди', NULL),
(1710229554, 17, 10, 229, 554, 'Boyterak', NULL, 'Бойтерак', NULL, 'Бойтерак', NULL),
(1710229556, 17, 10, 229, 556, 'Guvalak', NULL, 'Гувалак', NULL, 'Гувалак', NULL),
(1710229558, 17, 10, 229, 558, 'Istiqlol', NULL, 'Истиқлол', NULL, 'Истиклол', NULL),
(1710229560, 17, 10, 229, 560, 'Qo\'yi Obron', NULL, 'Қўйи Оброн', NULL, 'Куйи Оброн', NULL),
(1710229562, 17, 10, 229, 562, 'Mudin', NULL, 'Мудин', NULL, 'Мудин', NULL),
(1710229564, 17, 10, 229, 564, 'Oqtepa', NULL, 'Оқтепа', NULL, 'Октепа', NULL),
(1710229566, 17, 10, 229, 566, 'Obod', NULL, 'Обод', NULL, 'Абад', NULL),
(1710229568, 17, 10, 229, 568, 'Pudina', NULL, 'Пудина', NULL, 'Пудина', NULL),
(1710229570, 17, 10, 229, 570, 'Po\'lati', NULL, 'Пўлати', NULL, 'Пулоти', NULL),
(1710229572, 17, 10, 229, 572, 'Rahimso\'fi', NULL, 'Раҳимсўфи', NULL, 'Рахимсуфи', NULL),
(1710229574, 17, 10, 229, 574, 'Surhon', NULL, 'Сурҳон', NULL, 'Сурхон', NULL),
(1710229576, 17, 10, 229, 576, 'To\'lg\'a', NULL, 'Тўлға', NULL, 'Тулга', NULL),
(1710229578, 17, 10, 229, 578, 'Esaboy', NULL, 'Эсабой', NULL, 'Эсабой', NULL),
(1710229800, 17, 10, 229, 800, 'Koson tumanining qishloq fuqarolar yig\'inlari', NULL, 'Косон туманининг қишлоқ фуқаролар йиғинлари', NULL, 'Сельские сходы граждан Касанского района', NULL),
(1710229807, 17, 10, 229, 807, 'Alachabob', NULL, 'Алачабоб', NULL, 'Алачабаб', NULL),
(1710229812, 17, 10, 229, 812, 'Rudaksoy', NULL, 'Рудаксой', NULL, 'Рудаксой', NULL),
(1710229815, 17, 10, 229, 815, 'Gulbog\'', NULL, 'Гулбоғ', NULL, 'Гульбаг', NULL),
(1710229823, 17, 10, 229, 823, 'Koson', NULL, 'Косон', NULL, 'Касан', NULL),
(1710229835, 17, 10, 229, 835, 'Do\'stlik', NULL, 'Дўстлик', NULL, 'Дустлик', NULL),
(1710229846, 17, 10, 229, 846, 'Qo\'ng\'irtog\'', NULL, 'Қўнғиртоғ', NULL, 'Кунгиртог', NULL),
(1710229860, 17, 10, 229, 860, 'Gulobod', NULL, 'Гулобод', NULL, 'Гулобод', NULL),
(1710229868, 17, 10, 229, 868, 'Istiqlol', NULL, 'Истиқлол', NULL, 'Истиклол', NULL),
(1710229871, 17, 10, 229, 871, 'Tinchlik', NULL, 'Тинчлик', NULL, 'Тинчлик', NULL),
(1710232500, 17, 10, 232, 500, 'Kitob tumanining tuman ahamiyatiga ega shaharlari', NULL, 'Китоб туманининг туман аҳамиятига эга шаҳарлари', NULL, 'Гоpода pайонного подчинения Китабского pайона', NULL),
(1710232501, 17, 10, 232, 501, 'Kitob', NULL, 'Китоб', NULL, 'Китаб', NULL),
(1710232550, 17, 10, 232, 550, 'Kitob tumanining shaharchalari', NULL, 'Китоб туманининг шаҳарчалари', NULL, 'Городские поселки Китабского района', NULL),
(1710232553, 17, 10, 232, 553, 'Alaqo\'yliq', NULL, 'Алақўйлиқ', NULL, 'Алакуйлик', NULL),
(1710232556, 17, 10, 232, 556, 'Bektemir', NULL, 'Бектемир', NULL, 'Бектемир', NULL),
(1710232559, 17, 10, 232, 559, 'Rus qishloq', NULL, 'Рус қишлоқ', NULL, 'Рус', NULL),
(1710232563, 17, 10, 232, 563, 'Baxtdarvozasi', NULL, 'Бахтдарвозаси', NULL, 'Бахтдарвозаси', NULL),
(1710232566, 17, 10, 232, 566, 'Beshterak', NULL, 'Бештерак', NULL, 'Бештерак', NULL),
(1710232569, 17, 10, 232, 569, 'Varganza', NULL, 'Варганза', NULL, 'Варганза', NULL),
(1710232573, 17, 10, 232, 573, 'Obikanda', NULL, 'Обиканда', NULL, 'Обиканда', NULL),
(1710232576, 17, 10, 232, 576, 'Panji', NULL, 'Панжи', NULL, 'Панжи', NULL),
(1710232579, 17, 10, 232, 579, 'Sariosiyo', NULL, 'Сариосиё', NULL, 'Сариосие', NULL),
(1710232583, 17, 10, 232, 583, 'Sevaz', NULL, 'Севаз', NULL, 'Севаз', NULL),
(1710232586, 17, 10, 232, 586, 'Xoji', NULL, 'Хожи', NULL, 'Хожи', NULL),
(1710232589, 17, 10, 232, 589, 'Yakkatut', NULL, 'Яккатут', NULL, 'Яккатут', NULL),
(1710232593, 17, 10, 232, 593, 'Yangiobod', NULL, 'Янгиобод', NULL, 'Янгиабад', NULL),
(1710232800, 17, 10, 232, 800, 'Kitob tumanining qishloq fuqarolar yig\'inlari', NULL, 'Китоб туманининг қишлоқ фуқаролар йиғинлари', NULL, 'Сельские сходы граждан Китабского района', NULL),
(1710232803, 17, 10, 232, 803, 'Bektemir', NULL, 'Бектемир', NULL, 'Бектемир', NULL),
(1710232808, 17, 10, 232, 808, 'Qatorbog\'', NULL, 'Қаторбоғ', NULL, 'Катарбаг', NULL),
(1710232809, 17, 10, 232, 809, 'Qaynarbuloq', NULL, 'Қайнарбулоқ', NULL, 'Кайнарбулак', NULL),
(1710232811, 17, 10, 232, 811, 'Qo\'yioqboy', NULL, 'Қўйиоқбой', NULL, 'Куйнакбай', NULL),
(1710232833, 17, 10, 232, 833, 'Makrid', NULL, 'Макрид', NULL, 'Макрид', NULL),
(1710232855, 17, 10, 232, 855, 'Tagob', NULL, 'Тагоб', NULL, 'Тагоб', NULL),
(1710232866, 17, 10, 232, 866, 'Paxtaobod', NULL, 'Пахтаобод', NULL, 'Пахтаабад', NULL),
(1710232877, 17, 10, 232, 877, 'Sevaz', NULL, 'Севаз', NULL, 'Сиваз', NULL),
(1710232880, 17, 10, 232, 880, 'Tupchoq', NULL, 'Тупчоқ', NULL, 'Тупчак', NULL),
(1710232885, 17, 10, 232, 885, 'Bog\'bon', NULL, 'Боғбон', NULL, 'Багбан', NULL),
(1710232890, 17, 10, 232, 890, 'Beshterak', NULL, 'Бештерак', NULL, 'Бештеpак', NULL),
(1710232895, 17, 10, 232, 895, 'Jilisuv', NULL, 'Жилисув', NULL, 'Жилисув', NULL),
(1710233550, 17, 10, 233, 550, 'Mirishkor tumanining shaharchalari', NULL, 'Миришкор туманининг шаҳарчалари', NULL, 'Городские поселки Миришкорского района', NULL),
(1710233551, 17, 10, 233, 551, 'Yangi Mirishkor', NULL, 'Янги Миришкор', NULL, 'Янги Миришкор', NULL),
(1710233555, 17, 10, 233, 555, 'Jeynov', NULL, 'Жейнов', NULL, 'Жейнов', NULL),
(1710233558, 17, 10, 233, 558, 'Pomuq', NULL, 'Помуқ', NULL, 'Помук', NULL),
(1710233800, 17, 10, 233, 800, 'Mirishkor tumanining qishloq fuqarolar yig\'inlari', NULL, 'Миришкор туманининг қишлоқ фуқаролар йиғинлари', NULL, 'Сельские сходы граждан Миришкорского района', NULL),
(1710233808, 17, 10, 233, 808, 'Obod', NULL, 'Обод', NULL, 'Абад', NULL),
(1710233812, 17, 10, 233, 812, 'Bo\'ston', NULL, 'Бўстон', NULL, 'Бустон', NULL),
(1710233823, 17, 10, 233, 823, 'Vori', NULL, 'Вори', NULL, 'Вори', NULL),
(1710233828, 17, 10, 233, 828, 'Guliston', NULL, 'Гулистон', NULL, 'Гулистан', NULL),
(1710233832, 17, 10, 233, 832, 'Gulshanbog\'', NULL, 'Гулшанбоғ', NULL, 'Гулшан баг', NULL),
(1710233836, 17, 10, 233, 836, 'Jeynov', NULL, 'Жейнов', NULL, 'Джейнау', NULL),
(1710233842, 17, 10, 233, 842, 'Mirishkor', NULL, 'Миришкор', NULL, 'Миришкор', NULL),
(1710233848, 17, 10, 233, 848, 'Navbahor', NULL, 'Навбаҳор', NULL, 'Навбахор', NULL),
(1710233855, 17, 10, 233, 855, 'Pomuq', NULL, 'Помуқ', NULL, 'Помук', NULL),
(1710233862, 17, 10, 233, 862, 'Chamanzor', NULL, 'Чаманзор', NULL, 'Чаманзар', NULL),
(1710233865, 17, 10, 233, 865, 'Chandir', NULL, 'Чандир', NULL, 'Чандиp', NULL),
(1710233869, 17, 10, 233, 869, 'Yangiobod', NULL, 'Янгиобод', NULL, 'Янгиабад', NULL),
(1710234500, 17, 10, 234, 500, 'Muborak tumanining tuman ahamiyatiga ega shaharlari', NULL, 'Муборак туманининг туман аҳамиятига эга шаҳарлари', NULL, 'Гоpода pайонного подчинения Мубаpекского pайона', NULL),
(1710234501, 17, 10, 234, 501, 'Muborak', NULL, 'Муборак', NULL, 'Мубаpек', NULL),
(1710234550, 17, 10, 234, 550, 'Muborak tumanining shaharchalari', NULL, 'Муборак туманининг шаҳарчалари', NULL, 'Городские поселки Мубарекского района', NULL),
(1710234552, 17, 10, 234, 552, 'Qarliq', NULL, 'Қарлиқ', NULL, 'Карлик', NULL),
(1710234554, 17, 10, 234, 554, 'Baxt', NULL, 'Бахт', NULL, 'Бахт', NULL),
(1710234556, 17, 10, 234, 556, 'Qoraqum', NULL, 'Қорақум', NULL, 'Каракум', NULL),
(1710234558, 17, 10, 234, 558, 'Diyonat', NULL, 'Диёнат', NULL, 'Диёнат', NULL),
(1710234562, 17, 10, 234, 562, 'Shayx', NULL, 'Шайх', NULL, 'Шайх', NULL),
(1710234800, 17, 10, 234, 800, 'Muborak tumanining qishloq fuqarolar yig\'inlari', NULL, 'Муборак туманининг қишлоқ фуқаролар йиғинлари', NULL, 'Сельские сходы граждан Мубарекского района', NULL),
(1710234835, 17, 10, 234, 835, 'Qoraqum', NULL, 'Қорақум', NULL, 'Каракум', NULL),
(1710234845, 17, 10, 234, 845, 'Muborak', NULL, 'Муборак', NULL, 'Муборак', NULL),
(1710234878, 17, 10, 234, 878, 'Qarliq', NULL, 'Қарлиқ', NULL, 'Карлик', NULL),
(1710234882, 17, 10, 234, 882, 'Sariq', NULL, 'Сариқ', NULL, 'Саpик', NULL),
(1710235500, 17, 10, 235, 500, 'Nishon tumanining tuman ahamiyatiga ega shaharlari', NULL, 'Нишон туманининг туман аҳамиятига эга шаҳарлари', NULL, 'Города районного подчинения Нишанского района', NULL),
(1710235501, 17, 10, 235, 501, 'Yangi Nishon', NULL, 'Янги Нишон', NULL, 'Янги-Нишан', NULL),
(1710235505, 17, 10, 235, 505, 'Talimarjon', NULL, 'Талимаржон', NULL, 'Талимарджан', NULL),
(1710235550, 17, 10, 235, 550, 'Nishon tumanining shaharchalari', NULL, 'Нишон туманининг шаҳарчалари', NULL, 'Городские поселки Нишанского района', NULL),
(1710235553, 17, 10, 235, 553, 'Nuriston', NULL, 'Нуристон', NULL, 'Нуристон', NULL),
(1710235555, 17, 10, 235, 555, 'Nishon', NULL, 'Нишон', NULL, 'Нишон', NULL),
(1710235557, 17, 10, 235, 557, 'Guliston', NULL, 'Гулистон', NULL, 'Гулистан', NULL),
(1710235559, 17, 10, 235, 559, 'Oq oltin', NULL, 'Оқ олтин', NULL, 'Ак алтин', NULL),
(1710235561, 17, 10, 235, 561, 'Sardoba', NULL, 'Сардоба', NULL, 'Сардоба', NULL),
(1710235565, 17, 10, 235, 565, 'Paxtachi', NULL, 'Пахтачи', NULL, 'Пахтачи', NULL),
(1710235567, 17, 10, 235, 567, 'Oydin', NULL, 'Ойдин', NULL, 'Ойдин', NULL),
(1710235569, 17, 10, 235, 569, 'Samarqand', NULL, 'Самарқанд', NULL, 'Самарканд', NULL),
(1710235571, 17, 10, 235, 571, 'Paxtaobod', NULL, 'Пахтаобод', NULL, 'Пахтаабад', NULL),
(1710235800, 17, 10, 235, 800, 'Nishon tumanining qishloq fuqarolar yig\'inlari', NULL, 'Нишон туманининг қишлоқ фуқаролар йиғинлари', NULL, 'Сельские сходы граждан Нишанского района', NULL),
(1710235804, 17, 10, 235, 804, 'Oydinlik', NULL, 'Ойдинлик', NULL, 'Ойдинлик', NULL),
(1710235807, 17, 10, 235, 807, 'Oq oltin', NULL, 'Оқ олтин', NULL, 'Акалтын', NULL),
(1710235826, 17, 10, 235, 826, 'Qirqquloch', NULL, 'Қирққулоч', NULL, 'Кирккулоч', NULL),
(1710235848, 17, 10, 235, 848, 'Navro\'z', NULL, 'Наврўз', NULL, 'Навруз', NULL),
(1710235850, 17, 10, 235, 850, 'Nishon', NULL, 'Нишон', NULL, 'Нишан', NULL),
(1710235860, 17, 10, 235, 860, 'Paxtazor', NULL, 'Пахтазор', NULL, 'Пахтазар', NULL),
(1710235874, 17, 10, 235, 874, 'Shirinobod', NULL, 'Ширинобод', NULL, 'Ширинабад', NULL),
(1710235880, 17, 10, 235, 880, 'Balxiyak', NULL, 'Балхияк', NULL, 'Балхияк', NULL),
(1710237550, 17, 10, 237, 550, 'Kasbi tumanining shaharchalari', NULL, 'Касби туманининг шаҳарчалари', NULL, 'Городские поселки Касбинского района', NULL),
(1710237551, 17, 10, 237, 551, 'Mug\'lon', NULL, 'Муғлон', NULL, 'Муглон', NULL),
(1710237554, 17, 10, 237, 554, 'Denov', NULL, 'Денов', NULL, 'Денов', NULL),
(1710237556, 17, 10, 237, 556, 'Kasbi', NULL, 'Касби', NULL, 'Касби', NULL),
(1710237558, 17, 10, 237, 558, 'Do\'stlik', NULL, 'Дўстлик', NULL, 'Дустлик', NULL),
(1710237562, 17, 10, 237, 562, 'Yangi qishloq', NULL, 'Янги қишлоқ', NULL, 'Янги кишлок', NULL),
(1710237564, 17, 10, 237, 564, 'Xo\'jakasbi', NULL, 'Хўжакасби', NULL, 'Хужа Касби', NULL),
(1710237566, 17, 10, 237, 566, 'Fazli', NULL, 'Фазли', NULL, 'Фазли', NULL),
(1710237568, 17, 10, 237, 568, 'Maymanoq', NULL, 'Майманоқ', NULL, 'Майманок', NULL),
(1710237572, 17, 10, 237, 572, 'Qatag\'an', NULL, 'Қатаған', NULL, 'Катаган', NULL),
(1710237800, 17, 10, 237, 800, 'Kasbi tumanining qishloq fuqarolar yig\'inlari', NULL, 'Касби туманининг қишлоқ фуқаролар йиғинлари', NULL, 'Сельские сходы граждан Касбинского района', NULL),
(1710237822, 17, 10, 237, 822, 'Qamashi', NULL, 'Қамаши', NULL, 'Камаши', NULL),
(1710237825, 17, 10, 237, 825, 'Komilon', NULL, 'Комилон', NULL, 'Камилан', NULL),
(1710237833, 17, 10, 237, 833, 'Qatag\'on', NULL, 'Қатағон', NULL, 'Катаган', NULL),
(1710237840, 17, 10, 237, 840, 'Cho\'lquvar', NULL, 'Чўлқувар', NULL, 'Чулкувар', NULL),
(1710237855, 17, 10, 237, 855, 'Mug\'lon', NULL, 'Муғлон', NULL, 'Муглон', NULL),
(1710237866, 17, 10, 237, 866, 'Denov', NULL, 'Денов', NULL, 'Денау', NULL),
(1710237877, 17, 10, 237, 877, 'Qoraqo\'ng\'irot', NULL, 'Қорақўнғирот', NULL, 'Коракунгирот', NULL),
(1710237882, 17, 10, 237, 882, 'Yuksalish', NULL, 'Юксалиш', NULL, 'Юксалиш', NULL),
(1710237886, 17, 10, 237, 886, 'Paxtakor', NULL, 'Пахтакор', NULL, 'Пахтакор', NULL),
(1710237890, 17, 10, 237, 890, 'G\'alaba', NULL, 'Ғалаба', NULL, 'Галаба', NULL),
(1710242500, 17, 10, 242, 500, 'Chiroqchi tumanining tuman ahamiyatiga ega shaharlari', NULL, 'Чироқчи туманининг туман аҳамиятига эга шаҳарлари', NULL, 'Города районного подчинения Чиракчинского района', NULL),
(1710242501, 17, 10, 242, 501, 'Chiroqchi', NULL, 'Чироқчи', NULL, 'Чиракчи', NULL),
(1710242550, 17, 10, 242, 550, 'Chiroqchi tumanining shaharchalari', NULL, 'Чироқчи туманининг шаҳарчалари', NULL, 'Городские поселки Чиракчинского района', NULL),
(1710242553, 17, 10, 242, 553, 'Jar', NULL, 'Жар', NULL, 'Джар', NULL),
(1710242556, 17, 10, 242, 556, 'O\'ymovut', NULL, 'Ўймовут', NULL, 'Уймовут', NULL),
(1710242559, 17, 10, 242, 559, 'Dam', NULL, 'Дам', NULL, 'Дам', NULL),
(1710242563, 17, 10, 242, 563, 'Pakandi', NULL, 'Паканди', NULL, 'Паканди', NULL),
(1710242566, 17, 10, 242, 566, 'Paxtaobod', NULL, 'Пахтаобод', NULL, 'Пахтаобод', NULL),
(1710242569, 17, 10, 242, 569, 'Chiyal', NULL, 'Чиял', NULL, 'Чиял', NULL),
(1710242573, 17, 10, 242, 573, 'Ko\'kdala', NULL, 'Кўкдала', NULL, 'Кукдала', NULL),
(1710242576, 17, 10, 242, 576, 'Ayritom', NULL, 'Айритом', NULL, 'Айритом', NULL),
(1710242800, 17, 10, 242, 800, 'Chiroqchi tumanining qishloq fuqarolar yig\'inlari', NULL, 'Чироқчи туманининг қишлоқ фуқаролар йиғинлари', NULL, 'Сельские сходы граждан Чиракчинского района', NULL),
(1710242811, 17, 10, 242, 811, 'Olmazor', NULL, 'Олмазор', NULL, 'Олмазор', NULL),
(1710242822, 17, 10, 242, 822, 'Qalqama', NULL, 'Қалқама', NULL, 'Калкама', NULL),
(1710242824, 17, 10, 242, 824, 'Ko\'kdala', NULL, 'Кўкдала', NULL, 'Кокдала', NULL),
(1710242826, 17, 10, 242, 826, 'Xumo', NULL, 'Хумо', NULL, 'Хумо', NULL),
(1710242840, 17, 10, 242, 840, 'Langar', NULL, 'Лангар', NULL, 'Лангар', NULL),
(1710242844, 17, 10, 242, 844, 'Jar', NULL, 'Жар', NULL, 'Джар', NULL),
(1710242856, 17, 10, 242, 856, 'Taraqqiyot', NULL, 'Тараққиёт', NULL, 'Тараккиёт', NULL),
(1710242872, 17, 10, 242, 872, 'Uyshun', NULL, 'Уйшун', NULL, 'Уйшун', NULL),
(1710242874, 17, 10, 242, 874, 'Nurafshon', NULL, 'Нурафшон', NULL, 'Нурафшон', NULL),
(1710242876, 17, 10, 242, 876, 'Chiyal', NULL, 'Чиял', NULL, 'Чиел', NULL),
(1710242877, 17, 10, 242, 877, 'Qumdaryo', NULL, 'Қумдарё', NULL, 'Кумдаре', NULL),
(1710242878, 17, 10, 242, 878, 'Sho\'rquduq', NULL, 'Шўрқудуқ', NULL, 'Шуркудук', NULL),
(1710242880, 17, 10, 242, 880, 'Eski Anxor', NULL, 'Эски Анхор', NULL, 'Эски Ангор', NULL),
(1710242884, 17, 10, 242, 884, 'Yangihayot', NULL, 'Янгиҳаёт', NULL, 'Янгихает', NULL),
(1710242886, 17, 10, 242, 886, 'Paxtaobod', NULL, 'Пахтаобод', NULL, 'Пахтаабад', NULL),
(1710242888, 17, 10, 242, 888, 'Dodiq', NULL, 'Додиқ', NULL, 'Додик', NULL),
(1710242890, 17, 10, 242, 890, 'Qahramon', NULL, 'Қаҳрамон', NULL, 'Кахpамон', NULL),
(1710242892, 17, 10, 242, 892, 'Uymovut', NULL, 'Уймовут', NULL, 'Уймавут', NULL),
(1710242894, 17, 10, 242, 894, 'Mirzato\'p', NULL, 'Мирзатўп', NULL, 'Миpзатуп', NULL),
(1710242896, 17, 10, 242, 896, 'Torjilg\'a', NULL, 'Торжилға', NULL, 'Тоpжилга', NULL),
(1710245550, 17, 10, 245, 550, 'Shahrisabz tumanining shaharchalari', NULL, 'Шаҳрисабз  туманининг  шаҳарчалари', NULL, 'Городские поселки Шахрисабзского района', NULL),
(1710245553, 17, 10, 245, 553, 'Miraki', NULL, 'Мираки', NULL, 'Мираки', NULL),
(1710245555, 17, 10, 245, 555, 'Qumqishloq', NULL, 'Қумқишлоқ', NULL, 'Кумкишлок', NULL),
(1710245557, 17, 10, 245, 557, 'O\'rtaqo\'rg\'on', NULL, 'Ўртақўрғон', NULL, 'Уртакургон', NULL),
(1710245561, 17, 10, 245, 561, 'Chorshanbe', NULL, 'Чоршанбе', NULL, 'Чоршанбе', NULL),
(1710245563, 17, 10, 245, 563, 'Temirchi', NULL, 'Темирчи', NULL, 'Темирчи', NULL),
(1710245565, 17, 10, 245, 565, 'Yangiqishloq', NULL, 'Янгиқишлоқ', NULL, 'Янгикишлок', NULL),
(1710245567, 17, 10, 245, 567, 'Qutchi', NULL, 'Қутчи', NULL, 'Кутчи', NULL),
(1710245569, 17, 10, 245, 569, 'Shamaton', NULL, 'Шаматон', NULL, 'Шаматон', NULL),
(1710245571, 17, 10, 245, 571, 'Ammog\'on-1', NULL, 'Аммоғон-1', NULL, 'Аммогон-1', NULL),
(1710245573, 17, 10, 245, 573, 'Qo\'shqanot', NULL, 'Қўшқанот', NULL, 'Кушканот', NULL),
(1710245575, 17, 10, 245, 575, 'Anday', NULL, 'Андай', NULL, 'Андай', NULL),
(1710245583, 17, 10, 245, 583, 'Xo\'jaxuroson', NULL, 'Хўжахуросон', NULL, 'Хужахуросон', NULL),
(1710245585, 17, 10, 245, 585, 'Keldihayot', NULL, 'Келдиҳаёт', NULL, 'Келдихает', NULL),
(1710245800, 17, 10, 245, 800, 'Shahrisabz tumanining qishloq fuqarolar yig\'inlari', NULL, 'Шаҳрисабз туманининг қишлоқ фуқаролар йиғинлари', NULL, 'Сельские сходы граждан Шахрисабзского района', NULL),
(1710245802, 17, 10, 245, 802, 'Oq suv', NULL, 'Оқ сув', NULL, 'Аксу', NULL),
(1710245811, 17, 10, 245, 811, 'Do\'xchi', NULL, 'Дўхчи', NULL, 'Дукчи', NULL),
(1710245818, 17, 10, 245, 818, 'Kunchiqar', NULL, 'Кунчиқар', NULL, 'Кунчикар', NULL),
(1710245823, 17, 10, 245, 823, 'Qutchi', NULL, 'Қутчи', NULL, 'Кутчи', NULL),
(1710245835, 17, 10, 245, 835, 'Mo\'minobod', NULL, 'Мўминобод', NULL, 'Муминабад', NULL),
(1710245840, 17, 10, 245, 840, 'Namaton', NULL, 'Наматон', NULL, 'Наматан', NULL),
(1710245851, 17, 10, 245, 851, 'To\'damaydon', NULL, 'Тўдамайдон', NULL, 'Тудамайдон', NULL),
(1710245860, 17, 10, 245, 860, 'O\'zbekiston', NULL, 'Ўзбекистон', NULL, 'Узбекистан', NULL),
(1710245869, 17, 10, 245, 869, 'Hisorak', NULL, 'Ҳисорак', NULL, 'Хисарак', NULL),
(1710245872, 17, 10, 245, 872, 'Xitoy', NULL, 'Хитой', NULL, 'Хитай', NULL),
(1710245881, 17, 10, 245, 881, 'Shakarteri', NULL, 'Шакартери', NULL, 'Шакартери', NULL),
(1710245892, 17, 10, 245, 892, 'Shamaton', NULL, 'Шаматон', NULL, 'Шаматан', NULL),
(1710250500, 17, 10, 250, 500, 'Yakkabog\' tumanining tuman ahamiyatiga ega shaharlari', NULL, 'Яккабоғ  туманининг туман аҳамиятига эга шаҳарлари', NULL, 'Города районного подчинения Яккабагского района', NULL),
(1710250501, 17, 10, 250, 501, 'Yakkabog\'', NULL, 'Яккабоғ', NULL, 'Яккабаг', NULL),
(1710250550, 17, 10, 250, 550, 'Yakkabog\' tumanining shaharchalari', NULL, 'Яккабоғ  туманининг  шаҳарчалари', NULL, 'Городские поселки Яккабагского района', NULL),
(1710250555, 17, 10, 250, 555, 'Eski Yakkabog\'', NULL, 'Эски Яккабоғ', NULL, 'Эски Яккабаг', NULL),
(1710250557, 17, 10, 250, 557, 'Alaqarg\'a', NULL, 'Алақарға', NULL, 'Алакарга', NULL),
(1710250558, 17, 10, 250, 558, 'Alako\'ylak', NULL, 'Алакўйлак', NULL, 'Алакуйлак', NULL),
(1710250559, 17, 10, 250, 559, 'Jarqirg\'iz', NULL, 'Жарқирғиз', NULL, 'Жаркиргиз', NULL),
(1710250561, 17, 10, 250, 561, 'Qayrag\'och', NULL, 'Қайрағоч', NULL, 'Кайрагач', NULL),
(1710250563, 17, 10, 250, 563, 'Qatag\'on', NULL, 'Қатағон', NULL, 'Катагон', NULL),
(1710250565, 17, 10, 250, 565, 'Kattabog\'', NULL, 'Каттабоғ', NULL, 'Каттабог', NULL),
(1710250567, 17, 10, 250, 567, 'Madaniyat', NULL, 'Маданият', NULL, 'Маданият', NULL),
(1710250569, 17, 10, 250, 569, 'Mevazor', NULL, 'Мевазор', NULL, 'Мевазор', NULL),
(1710250571, 17, 10, 250, 571, 'Samoq', NULL, 'Самоқ', NULL, 'Самок', NULL),
(1710250573, 17, 10, 250, 573, 'Turon', NULL, 'Турон', NULL, 'Турон', NULL),
(1710250575, 17, 10, 250, 575, 'O\'z', NULL, 'Ўз', NULL, 'Уз', NULL),
(1710250577, 17, 10, 250, 577, 'Chubron', NULL, 'Чуброн', NULL, 'Чуброн', NULL),
(1710250579, 17, 10, 250, 579, 'Edilbek', NULL, 'Эдилбек', NULL, 'Эдилбек', NULL),
(1710250800, 17, 10, 250, 800, 'Yakkabog\' tumanining qishloq fuqarolar yig\'inlari', NULL, 'Яккабоғ туманининг қишлоқ фуқаролар йиғинлари', NULL, 'Сельские сходы граждан Яккабагского района', NULL),
(1710250811, 17, 10, 250, 811, 'Qayrag\'och', NULL, 'Қайрағоч', NULL, 'Кайрагач', NULL),
(1710250822, 17, 10, 250, 822, 'Esat', NULL, 'Эсат', NULL, 'Эсат', NULL),
(1710250825, 17, 10, 250, 825, 'Qo\'shchinor', NULL, 'Қўшчинор', NULL, 'Кошчинар', NULL),
(1710250833, 17, 10, 250, 833, 'Qishliq', NULL, 'Қишлиқ', NULL, 'Кишлик', NULL),
(1710250844, 17, 10, 250, 844, 'Samoq', NULL, 'Самоқ', NULL, 'Самак', NULL),
(1710250855, 17, 10, 250, 855, 'Sandal', NULL, 'Сандал', NULL, 'Сандал', NULL),
(1710250858, 17, 10, 250, 858, 'O\'rta', NULL, 'Ўрта', NULL, 'Урта', NULL),
(1710250861, 17, 10, 250, 861, 'Chaydori', NULL, 'Чайдори', NULL, 'Чайдари', NULL),
(1710250866, 17, 10, 250, 866, 'Hiyobon', NULL, 'Ҳиёбон', NULL, 'Хиябан', NULL),
(1710401550, 17, 10, 401, 550, 'Qarshi shahar hokimiyatiga qarashli shaharchalar', NULL, 'Қарши  шаҳар ҳокимиятига қарашли шаҳарчалар', NULL, 'Городские поселки, подч. Каршинскому горхокимияту', NULL),
(1710401555, 17, 10, 401, 555, 'Qashqadaryo', NULL, 'Қашқадарё', NULL, 'Кашкадарья', NULL),
(1712211550, 17, 12, 211, 550, 'Konimex tumanining shaharchalari', NULL, 'Конимех  туманининг  шаҳарчалари', NULL, 'Городские поселки Канимехского района', NULL),
(1712211551, 17, 12, 211, 551, 'Konimex', NULL, 'Конимех', NULL, 'Канимех', NULL),
(1712211552, 17, 12, 211, 552, 'Balaqaraq', NULL, 'Балақарақ', NULL, 'Балакарак', NULL),
(1712211554, 17, 12, 211, 554, 'Mamiqchi', NULL, 'Мамиқчи', NULL, 'Мамикчи', NULL),
(1712211556, 17, 12, 211, 556, 'Sho\'rtepa', NULL, 'Шўртепа', NULL, 'Шуртепа', NULL),
(1712211558, 17, 12, 211, 558, 'Zafarobod', NULL, 'Зафаробод', NULL, 'Зафарабад ', NULL),
(1712211800, 17, 12, 211, 800, 'Konimex tumanining qishloq fuqarolar yig\'inlari', NULL, 'Конимех  туманининг қишлоқ фуқаролар йиғинлари', NULL, 'Сельские сходы граждан Канимехского района', NULL),
(1712211811, 17, 12, 211, 811, 'Yangig\'ozg\'on', NULL, 'Янгиғозғон', NULL, 'Янгиказган', NULL),
(1712211818, 17, 12, 211, 818, 'Sarajal', NULL, 'Саражал', NULL, 'Саржал', NULL),
(1712211822, 17, 12, 211, 822, 'Chordara', NULL, 'Чордара', NULL, 'Чардара', NULL),
(1712211826, 17, 12, 211, 826, 'Karakata', NULL, 'Караката', NULL, 'Караката', NULL),
(1712211835, 17, 12, 211, 835, 'Uchtobe', NULL, 'Учтобе', NULL, 'Учтобе', NULL),
(1712211840, 17, 12, 211, 840, 'Boymurot', NULL, 'Боймурот', NULL, 'Баймуpат', NULL),
(1712211845, 17, 12, 211, 845, 'Yangiobod', NULL, 'Янгиобод', NULL, 'Янгиабад', NULL),
(1712216500, 17, 12, 216, 500, 'Qiziltepa tumanining tuman ahamiyatiga ega shaharlari', NULL, 'Қизилтепа  туманининг туман аҳамиятига эга шаҳарлари', NULL, 'Города районного подчинения Кызылтепинского района', NULL),
(1712216501, 17, 12, 216, 501, 'Qiziltepa', NULL, 'Қизилтепа', NULL, 'Кызылтепа', NULL),
(1712216550, 17, 12, 216, 550, 'Qiziltepa tumanining shaharchalari', NULL, 'Қизилтепа  туманининг шаҳарчалари', NULL, 'Городские поселки Кызылтепинского района', NULL),
(1712216552, 17, 12, 216, 552, 'Husbuddin', NULL, 'Ҳусбуддин', NULL, 'Хусбуддин', NULL),
(1712216554, 17, 12, 216, 554, 'Qalayn-Azizon', NULL, 'Қалайн-Азизон', NULL, 'Калъайи Азизон', NULL),
(1712216556, 17, 12, 216, 556, 'Baland G\'ardiyon', NULL, 'Баланд Ғардиён', NULL, 'Баланд гардиен', NULL),
(1712216558, 17, 12, 216, 558, 'G\'oyibon', NULL, 'Ғойибон', NULL, 'Гойибон', NULL),
(1712216560, 17, 12, 216, 560, 'Oq soch', NULL, 'Оқ соч', NULL, 'Оксоч', NULL),
(1712216562, 17, 12, 216, 562, 'Vang\'ozi', NULL, 'Ванғози', NULL, 'Вангози', NULL),
(1712216564, 17, 12, 216, 564, 'Oqmachit', NULL, 'Оқмачит', NULL, 'Окмачит', NULL),
(1712216566, 17, 12, 216, 566, 'Zarmetan', NULL, 'Зарметан', NULL, 'Зарметан', NULL),
(1712216568, 17, 12, 216, 568, 'G\'amxo\'r', NULL, 'Ғамхўр', NULL, 'Гамхур', NULL),
(1712216572, 17, 12, 216, 572, 'Uzilishkent', NULL, 'Узилишкент', NULL, 'Узилишкент', NULL),
(1712216574, 17, 12, 216, 574, 'O\'rtaqo\'rg\'on', NULL, 'Ўртақўрғон', NULL, 'Уртакургон', NULL),
(1712216576, 17, 12, 216, 576, 'Xo\'jaqo\'rg\'on', NULL, 'Хўжақўрғон', NULL, 'Хужакургон', NULL),
(1712216800, 17, 12, 216, 800, 'Qiziltepa tumanining qishloq fuqarolar yig\'inlari', NULL, 'Қизилтепа  туманининг қишлоқ фуқаролар йиғинлари', NULL, 'Сельские сходы граждан Кызылтепинского района', NULL),
(1712216803, 17, 12, 216, 803, 'Oq oltin', NULL, 'Оқ олтин', NULL, 'Акалтын', NULL),
(1712216805, 17, 12, 216, 805, 'Arabon', NULL, 'Арабон', NULL, 'Арабон', NULL),
(1712216808, 17, 12, 216, 808, 'Bo\'ston', NULL, 'Бўстон', NULL, 'Бустан', NULL),
(1712216812, 17, 12, 216, 812, 'Vang\'ozi', NULL, 'Ванғози', NULL, 'Вангази', NULL),
(1712216819, 17, 12, 216, 819, 'G\'ardiyon', NULL, 'Ғардиён', NULL, 'Гардиян', NULL),
(1712216825, 17, 12, 216, 825, 'Zarmitan', NULL, 'Зармитан', NULL, 'Зармитан', NULL),
(1712216840, 17, 12, 216, 840, 'Xo\'ja-Hasan', NULL, 'Хўжа-Ҳасан', NULL, 'Ходжахасан', NULL),
(1712216850, 17, 12, 216, 850, 'Yangi hayot', NULL, 'Янги Ҳаёт', NULL, 'Янгихаят', NULL),
(1712230550, 17, 12, 230, 550, 'Navbahor tumanining shaharchalari', NULL, 'Навбаҳор  туманининг шаҳарчалари', NULL, 'Городские поселки Навбахорского района', NULL),
(1712230552, 17, 12, 230, 552, 'Kalkonota', NULL, 'Калконота', NULL, 'Калконота', NULL),
(1712230553, 17, 12, 230, 553, 'Saroy', NULL, 'Сарой', NULL, 'Сарой', NULL),
(1712230555, 17, 12, 230, 555, 'Quyi Beshrabot', NULL, 'Қуйи Бешработ', NULL, 'Куйи Бешработ', NULL),
(1712230557, 17, 12, 230, 557, 'Keskanterak', NULL, 'Кескантерак', NULL, 'Кескантерак', NULL),
(1712230559, 17, 12, 230, 559, 'Ijant', NULL, 'Ижант', NULL, 'Ижант', NULL),
(1712230800, 17, 12, 230, 800, 'Navbahor tumanining qishloq fuqarolar yig\'inlari', NULL, 'Навбаҳор  туманининг қишлоқ фуқаролар йиғинлари', NULL, 'Сельские сходы граждан Навбахорского района', NULL),
(1712230805, 17, 12, 230, 805, 'Olchin', NULL, 'Олчин', NULL, 'Алчин', NULL),
(1712230808, 17, 12, 230, 808, 'Arabsaroy', NULL, 'Арабсарой', NULL, 'Арабсарай', NULL),
(1712230815, 17, 12, 230, 815, 'Keskanterak', NULL, 'Кескантерак', NULL, 'Кескантерак', NULL),
(1712230838, 17, 12, 230, 838, 'Yangi-yo\'l', NULL, 'Янги-йўл', NULL, 'Янгиюль', NULL),
(1712230855, 17, 12, 230, 855, 'Turkiston', NULL, 'Туркистон', NULL, 'Туркестан', NULL),
(1712230880, 17, 12, 230, 880, 'Yangiqo\'rg\'on', NULL, 'Янгиқўрғон', NULL, 'Янгикурган', NULL),
(1712230882, 17, 12, 230, 882, 'Beshrabot', NULL, 'Бешработ', NULL, 'Бешpабот', NULL),
(1712234550, 17, 12, 234, 550, 'Karmana tumanining shaharchalari', NULL, 'Кармана  туманининг шаҳарчалари', NULL, 'Городские поселки Карманинского района', NULL),
(1712234551, 17, 12, 234, 551, 'Karmana', NULL, 'Кармана', NULL, 'Кармана', NULL),
(1712234557, 17, 12, 234, 557, 'Malikrabot', NULL, 'Маликработ', NULL, 'Маликработ', NULL),
(1712234559, 17, 12, 234, 559, 'Paxtaobod', NULL, 'Пахтаобод', NULL, 'Пахтаабад', NULL),
(1712234561, 17, 12, 234, 561, 'Podkoron', NULL, 'Подкорон', NULL, 'Подкорон', NULL),
(1712234563, 17, 12, 234, 563, 'Kamolot', NULL, 'Камолот', NULL, 'Камолот', NULL),
(1712234565, 17, 12, 234, 565, 'Yoshlik', NULL, 'Ёшлик', NULL, 'Ешлик', NULL),
(1712234800, 17, 12, 234, 800, 'Karmana tumanining qishloq fuqarolar yig\'inlari', NULL, 'Кармана  туманининг қишлоқ фуқаролар йиғинлари', NULL, 'Сельские сходы граждан Карманинского района', NULL),
(1712234802, 17, 12, 234, 802, 'Uyrot', NULL, 'Уйрот', NULL, 'Уйрат', NULL),
(1712234823, 17, 12, 234, 823, 'Do\'rmon', NULL, 'Дўрмон', NULL, 'Дорман', NULL),
(1712234845, 17, 12, 234, 845, 'Narpay', NULL, 'Нарпай', NULL, 'Нарпай', NULL),
(1712234867, 17, 12, 234, 867, 'Xazora', NULL, 'Хазора', NULL, 'Хазара', NULL),
(1712234878, 17, 12, 234, 878, 'Yangiariq', NULL, 'Янгиариқ', NULL, 'Янгиарык', NULL),
(1712234882, 17, 12, 234, 882, 'Jaloyir', NULL, 'Жалойир', NULL, 'Джалаиp', NULL),
(1712238500, 17, 12, 238, 500, 'Nurota tumanining tuman ahamiyatiga ega shaharlari', NULL, 'Нурота  туманининг туман аҳамиятига эга шаҳарлари', NULL, 'Города районного подчинения Нуратинского района', NULL),
(1712238501, 17, 12, 238, 501, 'Nurota', NULL, 'Нурота', NULL, 'Нурата', NULL),
(1712238550, 17, 12, 238, 550, 'Nurota tumanining shaharchalari', NULL, 'Нурота  туманининг шаҳарчалари', NULL, 'Городские поселки Нуратинского района', NULL),
(1712238555, 17, 12, 238, 555, 'Qizilcha', NULL, 'Қизилча', NULL, 'Кизилча', NULL),
(1712238557, 17, 12, 238, 557, 'Temurqovuq', NULL, 'Темурқовуқ', NULL, 'Темирковук', NULL),
(1712238558, 17, 12, 238, 558, 'Chuya', NULL, 'Чуя', NULL, 'Чуя', NULL),
(1712238559, 17, 12, 238, 559, 'Yangibino', NULL, 'Янгибино', NULL, 'Янгибино', NULL),
(1712238800, 17, 12, 238, 800, 'Nurota tumanining qishloq fuqarolar yig\'inlari', NULL, 'Нурота  туманининг қишлоқ фуқаролар йиғинлари', NULL, 'Сельские сходы граждан Нуратинского района', NULL),
(1712238820, 17, 12, 238, 820, 'Dehibaland', NULL, 'Деҳибаланд', NULL, 'Дебаланд', NULL),
(1712238825, 17, 12, 238, 825, 'Gum', NULL, 'Гум', NULL, 'Гум', NULL),
(1712238835, 17, 12, 238, 835, 'G\'ozg\'on', NULL, 'Ғозғон', NULL, 'Гозгон', NULL),
(1712238840, 17, 12, 238, 840, 'Qizilcha', NULL, 'Қизилча', NULL, 'Кызылча', NULL),
(1712238860, 17, 12, 238, 860, 'Nurota', NULL, 'Нурота', NULL, 'Нурата', NULL),
(1712238877, 17, 12, 238, 877, 'Sentob', NULL, 'Сентоб', NULL, 'Сентяб', NULL),
(1712238890, 17, 12, 238, 890, 'Chuya', NULL, 'Чуя', NULL, 'Чуя', NULL),
(1712244550, 17, 12, 244, 550, 'Tomdi tumanining shaharchalari', NULL, 'Томди туманининг шаҳарчалари', NULL, 'Городские поселки Тамдынского района', NULL),
(1712244551, 17, 12, 244, 551, 'Tomdibuloq', NULL, 'Томдибулоқ', NULL, 'Томдибулок', NULL),
(1712244800, 17, 12, 244, 800, 'Tomdi tumanining qishloq fuqarolar yig\'inlari', NULL, 'Томди  туманининг қишлоқ фуқаролар йиғинлари', NULL, 'Сельские сходы граждан Тамдынского района', NULL),
(1712244808, 17, 12, 244, 808, 'Oktau', NULL, 'Октау', NULL, 'Актау', NULL),
(1712244812, 17, 12, 244, 812, 'Ayaqquduq', NULL, 'Аяққудуқ', NULL, 'Аякудук', NULL),
(1712244830, 17, 12, 244, 830, 'Suketti', NULL, 'Сукетти', NULL, 'Сукитти', NULL),
(1712244835, 17, 12, 244, 835, 'Keregetau', NULL, 'Керегетау', NULL, 'Керегетау', NULL),
(1712244837, 17, 12, 244, 837, 'Keriz', NULL, 'Кериз', NULL, 'Кериз', NULL),
(1712244840, 17, 12, 244, 840, 'Tomdibuloq', NULL, 'Томдибулоқ', NULL, 'Тамдыбулак', NULL),
(1712244850, 17, 12, 244, 850, 'Shiyeli', NULL, 'Шиели', NULL, 'Шиели', NULL),
(1712248500, 17, 12, 248, 500, 'Uchquduq tumanining tuman ahamiyatiga ega shaharlari', NULL, 'Учқудуқ  туманининг туман аҳамиятига эга шаҳарлари', NULL, 'Города районного подчинения Учкудукского района', NULL),
(1712248501, 17, 12, 248, 501, 'Uchquduq', NULL, 'Учқудуқ', NULL, 'Учкудук', NULL),
(1712248550, 17, 12, 248, 550, 'Uchquduq tumanining shaharchalari', NULL, 'Учқудуқ  туманининг  шаҳарчалари', NULL, 'Городские поселки Учкудукского района', NULL),
(1712248555, 17, 12, 248, 555, 'Shalxar', NULL, 'Шалхар', NULL, 'Шалкар', NULL),
(1712248800, 17, 12, 248, 800, 'Uchquduq tumanining qishloq fuqarolar yig\'inlari', NULL, 'Учқудуқ  туманининг қишлоқ фуқаролар йиғинлари', NULL, 'Сельские сходы граждан Учкудукского района', NULL),
(1712248805, 17, 12, 248, 805, 'Ko\'kayaz', NULL, 'Кўкаяз', NULL, 'Кукаяз', NULL),
(1712248808, 17, 12, 248, 808, 'Altintov', NULL, 'Алтинтов', NULL, 'Алтинтов', NULL),
(1712248813, 17, 12, 248, 813, 'Bozdun', NULL, 'Боздун', NULL, 'Буздун', NULL),
(1712248826, 17, 12, 248, 826, 'Mingbuloq', NULL, 'Мингбулоқ', NULL, 'Мингбулак', NULL),
(1712248844, 17, 12, 248, 844, 'Uzunquduq', NULL, 'Узунқудуқ', NULL, 'Узункудук', NULL),
(1712251500, 17, 12, 251, 500, 'Xatirchi tumanining tuman ahamiyatiga ega shaharlari', NULL, 'Хатирчи туманининг туман аҳамиятига эга шаҳарлари', NULL, 'Гоpода pайонного подч. Хатыpчинского pайона', NULL),
(1712251501, 17, 12, 251, 501, 'Yangirabod', NULL, 'Янгирабод', NULL, 'Янгиpабод', NULL),
(1712251550, 17, 12, 251, 550, 'Xatirchi tumanining shaharchalari', NULL, 'Хатирчи туманининг шаҳарчалари', NULL, 'Городские поселки Хатырчинского района', NULL),
(1712251558, 17, 12, 251, 558, 'Langar', NULL, 'Лангар', NULL, 'Лянгар', NULL),
(1712251562, 17, 12, 251, 562, 'Jaloyir', NULL, 'Жалойир', NULL, 'Джалойир', NULL),
(1712251564, 17, 12, 251, 564, 'Qo\'shchinor', NULL, 'Қўшчинор', NULL, 'Кушчинор', NULL),
(1712251566, 17, 12, 251, 566, 'Polvontepa', NULL, 'Полвонтепа', NULL, 'Полвонтепа', NULL),
(1712251568, 17, 12, 251, 568, 'Qo\'rg\'on', NULL, 'Қўрғон', NULL, 'Кургон', NULL),
(1712251570, 17, 12, 251, 570, 'Tasmachi', NULL, 'Тасмачи', NULL, 'Тасмачи', NULL),
(1712251573, 17, 12, 251, 573, 'Bog\'ishamol', NULL, 'Боғишамол', NULL, 'Богишамол', NULL),
(1712251575, 17, 12, 251, 575, 'G\'alabek', NULL, 'Ғалабек', NULL, 'Галабек', NULL),
(1712251577, 17, 12, 251, 577, 'Paxtakor', NULL, 'Пахтакор', NULL, 'Пахтакор', NULL),
(1712251579, 17, 12, 251, 579, 'Turkman', NULL, 'Туркман', NULL, 'Туркман', NULL),
(1712251581, 17, 12, 251, 581, 'Yangi qurilish', NULL, 'Янги қурилиш', NULL, 'Янги курилиш', NULL),
(1712251800, 17, 12, 251, 800, 'Xatirchi tumanining qishloq fuqarolar yig\'inlari', NULL, 'Хатирчи туманининг қишлоқ фуқаролар йиғинлари', NULL, 'Сельские сходы граждан Хатырчинского района', NULL),
(1712251807, 17, 12, 251, 807, 'Sahovat', NULL, 'Саҳоват', NULL, 'Саховат', NULL),
(1712251812, 17, 12, 251, 812, 'Olchinobod', NULL, 'Олчинобод', NULL, 'Алчинабад', NULL),
(1712251819, 17, 12, 251, 819, 'O\'zbekiston', NULL, 'Ўзбекистон', NULL, 'Узбекистон', NULL),
(1712251824, 17, 12, 251, 824, 'Bog\'chakalon', NULL, 'Боғчакалон', NULL, 'Бахчакалан', NULL),
(1712251835, 17, 12, 251, 835, 'Xonaqa', NULL, 'Хонақа', NULL, 'Ханака', NULL),
(1712251840, 17, 12, 251, 840, 'Qoracha', NULL, 'Қорача', NULL, 'Каpача', NULL),
(1712251851, 17, 12, 251, 851, 'Pulkan shoir', NULL, 'Пулкан шоир', NULL, 'им. Пулкан шаира', NULL),
(1712251865, 17, 12, 251, 865, 'Yangirabod', NULL, 'Янгирабод', NULL, 'Янгирабод', NULL),
(1712251878, 17, 12, 251, 878, 'Ko\'ksaroy', NULL, 'Кўксарой', NULL, 'Куксарой', NULL),
(1712401550, 17, 12, 401, 550, 'Navoiy shahar hokimiyatiga qarashli shaharchalar', NULL, 'Навоий  шаҳар ҳокимиятига қарашли шаҳарчалар', NULL, 'Городские поселки, подч. Навоийскому горхокимияту', NULL),
(1712401564, 17, 12, 401, 564, 'Tinchlik', NULL, 'Тинчлик', NULL, 'Тинчлик', NULL),
(1712408550, 17, 12, 408, 550, 'Zarafshon shahar hokimiyatiga qarashli shaharchalar', NULL, 'Зарафшон шаҳар ҳокимиятига қарашли шаҳарчалар', NULL, 'Городские поселки, подч. Зарафшанскому горхок-ту', NULL),
(1712408556, 17, 12, 408, 556, 'Muruntau', NULL, 'Мурунтау', NULL, 'Мурунтау', NULL),
(1714204550, 17, 14, 204, 550, 'Mingbuloq tumanining shaharchalari', NULL, 'Мингбулоқ туманининг шаҳарчалари', NULL, 'Городские поселки Мингбулакского района', NULL),
(1714204551, 17, 14, 204, 551, 'Jo\'masho\'y', NULL, 'Жўмашўй', NULL, 'Джумашуй', NULL),
(1714204552, 17, 14, 204, 552, 'Go\'rtepa', NULL, 'Гўртепа', NULL, 'Гуртепа', NULL),
(1714204553, 17, 14, 204, 553, 'Dovduq', NULL, 'Довдуқ', NULL, 'Довдук', NULL),
(1714204555, 17, 14, 204, 555, 'O\'zgarish', NULL, 'Ўзгариш', NULL, 'Узгариш', NULL),
(1714204556, 17, 14, 204, 556, 'Mehnatobod', NULL, 'Меҳнатобод', NULL, 'Мехнатабад', NULL),
(1714204557, 17, 14, 204, 557, 'Madyarovul', NULL, 'Мадяровул', NULL, 'Мадяровул', NULL),
(1714204559, 17, 14, 204, 559, 'Kugolikul', NULL, 'Куголикул', NULL, 'Куголикул', NULL),
(1714204800, 17, 14, 204, 800, 'Mingbuloq tumanining qishloq fuqarolar yig\'inlari', NULL, 'Мингбулоқ туманининг қишлоқ фуқаролар йиғинлари', NULL, 'Сельские сходы граждан Мингбулакского района', NULL),
(1714204805, 17, 14, 204, 805, 'Bo\'ston', NULL, 'Бўстон', NULL, 'Бустан', NULL),
(1714204810, 17, 14, 204, 810, 'Gulbog\'', NULL, 'Гулбоғ', NULL, 'Гульбаг', NULL),
(1714204820, 17, 14, 204, 820, 'Go\'rtepa', NULL, 'Гўртепа', NULL, 'Гуртепа', NULL),
(1714204822, 17, 14, 204, 822, 'Dovduq', NULL, 'Довдуқ', NULL, 'Довдук', NULL),
(1714204828, 17, 14, 204, 828, 'Oltinko\'l', NULL, 'Олтинкўл', NULL, 'Алтынкуль', NULL),
(1714204830, 17, 14, 204, 830, 'Mehnatobod', NULL, 'Меҳнатобод', NULL, 'Мехнатабад', NULL),
(1714204840, 17, 14, 204, 840, 'Momoxon', NULL, 'Момохон', NULL, 'Момохан', NULL),
(1714207500, 17, 14, 207, 500, 'Kosonsoy tumanining tuman ahamiyatiga ega shaharlari', NULL, 'Косонсой туманининг туман аҳамиятига эга шаҳарлари', NULL, 'Города районного подчинения Касансайского района', NULL),
(1714207501, 17, 14, 207, 501, 'Kosonsoy', NULL, 'Косонсой', NULL, 'Касансай', NULL),
(1714207550, 17, 14, 207, 550, 'Kosonsoy tumanining shaharchalari', NULL, 'Косонсой туманининг шаҳарчалари', NULL, 'Городские поселки Касансайского района', NULL),
(1714207552, 17, 14, 207, 552, 'Bog\'ishamol', NULL, 'Боғишамол', NULL, 'Богишамол', NULL),
(1714207554, 17, 14, 207, 554, 'Istiqlol', NULL, 'Истиқлол', NULL, 'Истиклол', NULL),
(1714207556, 17, 14, 207, 556, 'Koson', NULL, 'Косон', NULL, 'Косон', NULL),
(1714207558, 17, 14, 207, 558, 'Ququmboy', NULL, 'Қуқумбой', NULL, 'Кукумбой', NULL),
(1714207561, 17, 14, 207, 561, 'Ozod', NULL, 'Озод', NULL, 'Озод', NULL),
(1714207562, 17, 14, 207, 562, 'Tergachi', NULL, 'Тергачи', NULL, 'Тергачи', NULL),
(1714207564, 17, 14, 207, 564, 'Chindavul', NULL, 'Чиндавул', NULL, 'Чиндовул', NULL),
(1714207566, 17, 14, 207, 566, 'Chust ko\'cha', NULL, 'Чуст кўча', NULL, 'Чуст куча', NULL),
(1714207568, 17, 14, 207, 568, 'Yangiyo\'l', NULL, 'Янгийўл', NULL, 'Янгийул', NULL),
(1714207569, 17, 14, 207, 569, 'Yangi shahar', NULL, 'Янги шаҳар', NULL, 'Янгишахар', NULL),
(1714207800, 17, 14, 207, 800, 'Kosonsoy tumanining qishloq fuqarolar yig\'inlari', NULL, 'Косонсой туманининг қишлоқ фуқаролар йиғинлари', NULL, 'Сельские сходы граждан Касансайского района', NULL),
(1714207806, 17, 14, 207, 806, 'Qorasuv', NULL, 'Қорасув', NULL, 'Карасув', NULL),
(1714207808, 17, 14, 207, 808, 'Shirin', NULL, 'Ширин', NULL, 'Шиpин', NULL),
(1714207810, 17, 14, 207, 810, 'Ququmboy', NULL, 'Қуқумбой', NULL, 'Кукумбай', NULL),
(1714207820, 17, 14, 207, 820, 'Koson', NULL, 'Косон', NULL, 'Касан', NULL),
(1714207827, 17, 14, 207, 827, 'Yoshlik', NULL, 'Ёшлик', NULL, 'Ешлик', NULL),
(1714207830, 17, 14, 207, 830, 'Tergachi', NULL, 'Тергачи', NULL, 'Тергачи', NULL),
(1714207837, 17, 14, 207, 837, 'Chindovul', NULL, 'Чиндовул', NULL, 'Чиндавал', NULL),
(1714212550, 17, 14, 212, 550, 'Namangan tumanining shaharchalari', NULL, 'Наманган туманининг шаҳарчалари', NULL, 'Городские поселки Наманганского района', NULL),
(1714212551, 17, 14, 212, 551, 'Toshbuloq', NULL, 'Тошбулоқ', NULL, 'Ташбулак', NULL),
(1714212553, 17, 14, 212, 553, 'Navbahor', NULL, 'Навбаҳор', NULL, 'Навбахор', NULL),
(1714212561, 17, 14, 212, 561, 'Qumqo\'rg\'on', NULL, 'Қумқўрғон', NULL, 'Кумкургон', NULL),
(1714212563, 17, 14, 212, 563, 'Sho\'rqo\'rg\'on', NULL, 'Шўрқўрғон', NULL, 'Шуркургон', NULL),
(1714212565, 17, 14, 212, 565, 'Mirishkor', NULL, 'Миришкор', NULL, 'Миришкор', NULL),
(1714212800, 17, 14, 212, 800, 'Namangan tumanining qishloq fuqarolar yig\'inlari', NULL, 'Наманган туманининг қишлоқ фуқаролар йиғинлари', NULL, 'Сельские сходы граждан Наманганского района', NULL),
(1714212811, 17, 14, 212, 811, 'Nurafshon', NULL, 'Нурафшон', NULL, 'Нурафшон', NULL),
(1714212822, 17, 14, 212, 822, 'Istiqlol', NULL, 'Истиқлол', NULL, 'Истиклол', NULL),
(1714212833, 17, 14, 212, 833, 'Navbahor', NULL, 'Навбаҳор', NULL, 'Навбахор', NULL),
(1714212855, 17, 14, 212, 855, 'Qumqo\'rg\'on', NULL, 'Қумқўрғон', NULL, 'Кумкурган', NULL),
(1714212859, 17, 14, 212, 859, 'Mirishkor', NULL, 'Миришкор', NULL, 'Миришкор', NULL),
(1714212866, 17, 14, 212, 866, 'Tepaqo\'rg\'on', NULL, 'Тепақўрғон', NULL, 'Тепакурган', NULL),
(1714212877, 17, 14, 212, 877, 'O\'zbekiston', NULL, 'Ўзбекистон', NULL, 'Узбекистан', NULL),
(1714212880, 17, 14, 212, 880, 'Xonabod', NULL, 'Хонабод', NULL, 'Ханабад', NULL),
(1714212885, 17, 14, 212, 885, 'Bog\'ishamol', NULL, 'Боғишамол', NULL, 'Багишамал', NULL),
(1714212890, 17, 14, 212, 890, 'Sho\'rqishloq', NULL, 'Шўрқишлоқ', NULL, 'Шуркишлак', NULL),
(1714216500, 17, 14, 216, 500, 'Norin tumanining tuman ahamiyatiga ega shaharlari', NULL, 'Норин туманининг туман аҳамиятига эга шаҳарлари', NULL, 'Города районного подчинения Нарынского района', NULL),
(1714216501, 17, 14, 216, 501, 'Xaqqulobod', NULL, 'Хаққулобод', NULL, 'Хаккулабад', NULL),
(1714216550, 17, 14, 216, 550, 'Norin tumanining shaharchalari', NULL, 'Норин туманининг шаҳарчалари', NULL, 'Городские поселки Нарынского района', NULL),
(1714216552, 17, 14, 216, 552, 'Qorateri', NULL, 'Қоратери', NULL, 'Коратери', NULL),
(1714216554, 17, 14, 216, 554, 'Marg\'uzar', NULL, 'Марғузар', NULL, 'Маргузар', NULL),
(1714216556, 17, 14, 216, 556, 'Norinkapa', NULL, 'Норинкапа', NULL, 'Норинкапа', NULL),
(1714216558, 17, 14, 216, 558, 'Pastki cho\'ja', NULL, 'Пастки чўжа', NULL, 'Пастки Чужа', NULL),
(1714216561, 17, 14, 216, 561, 'Uchtepa', NULL, 'Учтепа', NULL, 'Учтепа', NULL),
(1714216562, 17, 14, 216, 562, 'Xo\'jaobod', NULL, 'Хўжаобод', NULL, 'Хужаабад', NULL),
(1714216564, 17, 14, 216, 564, 'Chambil', NULL, 'Чамбил', NULL, 'Чамбил', NULL),
(1714216566, 17, 14, 216, 566, 'Sho\'ra', NULL, 'Шўра', NULL, 'Шуро', NULL),
(1714216800, 17, 14, 216, 800, 'Norin tumanining qishloq fuqarolar yig\'inlari', NULL, 'Норин туманининг қишлоқ фуқаролар йиғинлари', NULL, 'Сельские сходы граждан Нарынского района', NULL),
(1714216815, 17, 14, 216, 815, 'Xo\'jaobod', NULL, 'Хўжаобод', NULL, 'Хужаабад', NULL),
(1714216820, 17, 14, 216, 820, 'Marg\'izor', NULL, 'Марғизор', NULL, 'Маргузаp', NULL),
(1714216826, 17, 14, 216, 826, 'Norinkapa', NULL, 'Норинкапа', NULL, 'Нарынкапа', NULL),
(1714216837, 17, 14, 216, 837, 'Paxtaqishloq', NULL, 'Пахтақишлоқ', NULL, 'Пахтакишлак', NULL),
(1714216848, 17, 14, 216, 848, 'To\'da', NULL, 'Тўда', NULL, 'Туда', NULL),
(1714216856, 17, 14, 216, 856, 'Qo\'rg\'ontepa', NULL, 'Қўрғонтепа', NULL, 'Кургонтепа', NULL),
(1714216859, 17, 14, 216, 859, 'Uchtepa', NULL, 'Учтепа', NULL, 'Учтепа', NULL),
(1714216862, 17, 14, 216, 862, 'Toshloq', NULL, 'Тошлоқ', NULL, 'Ташлак', NULL),
(1714219500, 17, 14, 219, 500, 'Pop tumanining tuman ahamiyatiga ega shaharlari', NULL, 'Поп туманининг туман аҳамиятига эга шаҳарлари', NULL, 'Города районного подчинения Папского района', NULL),
(1714219501, 17, 14, 219, 501, 'Pop', NULL, 'Поп', NULL, 'Пап', NULL),
(1714219550, 17, 14, 219, 550, 'Pop tumanining shaharchalari', NULL, 'Поп туманининг шаҳарчалари', NULL, 'Городские поселки Папского района', NULL),
(1714219554, 17, 14, 219, 554, 'Oltinkon', NULL, 'Олтинкон', NULL, 'Алтынкан', NULL),
(1714219555, 17, 14, 219, 555, 'Navbahor', NULL, 'Навбаҳор', NULL, 'Навбахор', NULL),
(1714219557, 17, 14, 219, 557, 'Uyg\'ursoy', NULL, 'Уйғурсой', NULL, 'Уйгурсай', NULL),
(1714219560, 17, 14, 219, 560, 'Xalqobod', NULL, 'Халқобод', NULL, 'Халкабад', NULL),
(1714219565, 17, 14, 219, 565, 'Chorkesar', NULL, 'Чоркесар', NULL, 'Чаркесар', NULL),
(1714219567, 17, 14, 219, 567, 'Uyg\'ur', NULL, 'Уйғур', NULL, 'Уйгур', NULL),
(1714219569, 17, 14, 219, 569, 'Yangi Xo\'jaobod', NULL, 'Янги Хўжаобод', NULL, 'Янги Хужаабад', NULL),
(1714219571, 17, 14, 219, 571, 'Sang', NULL, 'Санг', NULL, 'Санг', NULL),
(1714219573, 17, 14, 219, 573, 'G\'urumsaroy', NULL, 'Ғурумсарой', NULL, 'Гурумсарай', NULL),
(1714219575, 17, 14, 219, 575, 'Qandig\'on', NULL, 'Қандиғон', NULL, 'Кандигон', NULL),
(1714219576, 17, 14, 219, 576, 'Pungon', NULL, 'Пунгон', NULL, 'Пунгон', NULL),
(1714219578, 17, 14, 219, 578, 'Chodak', NULL, 'Чодак', NULL, 'Чодак', NULL),
(1714219581, 17, 14, 219, 581, 'Madaniyat', NULL, 'Маданият', NULL, 'Маданият', NULL),
(1714219583, 17, 14, 219, 583, 'Qurg\'onobod', NULL, 'Қурғонобод', NULL, 'Кургонобод', NULL),
(1714219585, 17, 14, 219, 585, 'Chorkesar-2', NULL, 'Чоркесар-2', NULL, 'Чаркесар-2', NULL),
(1714219800, 17, 14, 219, 800, 'Pop tumanining qishloq fuqarolar yig\'inlari', NULL, 'Поп туманининг қишлоқ фуқаролар йиғинлари', NULL, 'Сельские сходы граждан Папского района', NULL),
(1714219809, 17, 14, 219, 809, 'Madaniyat', NULL, 'Маданият', NULL, 'Маданият', NULL),
(1714219811, 17, 14, 219, 811, 'Sirdaryo', NULL, 'Сирдарё', NULL, 'Сирдарё', NULL),
(1714219822, 17, 14, 219, 822, 'Nayman', NULL, 'Найман', NULL, 'Найман', NULL),
(1714219833, 17, 14, 219, 833, 'Pop', NULL, 'Поп', NULL, 'Пап', NULL),
(1714219834, 17, 14, 219, 834, 'Paxtaobod', NULL, 'Пахтаобод', NULL, 'Пахтаабад', NULL),
(1714219844, 17, 14, 219, 844, 'Uyg\'ur', NULL, 'Уйғур', NULL, 'Уйгур', NULL),
(1714219855, 17, 14, 219, 855, 'G\'urumsaroy', NULL, 'Ғурумсарой', NULL, 'Гурумсарой', NULL),
(1714219866, 17, 14, 219, 866, 'Chodak', NULL, 'Чодак', NULL, 'Чадак', NULL),
(1714219877, 17, 14, 219, 877, 'Yangi hayot', NULL, 'Янги ҳаёт', NULL, 'Янгихаят', NULL),
(1714219885, 17, 14, 219, 885, 'Pungon', NULL, 'Пунгон', NULL, 'Пунган', NULL),
(1714224500, 17, 14, 224, 500, 'To\'raqo\'rg\'on tumanining tuman ahamiyatiga ega shaharlari', NULL, 'Тўрақўрғон туманининг туман аҳамиятига эга шаҳарлари', NULL, 'Города районного подчинения Туракурганского района', NULL),
(1714224501, 17, 14, 224, 501, 'To\'raqo\'rg\'on', NULL, 'Тўрақўрғон', NULL, 'Туракурган', NULL),
(1714224550, 17, 14, 224, 550, 'To\'raqo\'rg\'on tumanining shaharchalari', NULL, 'Тўрақўрғон туманининг шаҳарчалари', NULL, 'Городские поселки Туракурганского района', NULL),
(1714224554, 17, 14, 224, 554, 'Oqtosh', NULL, 'Оқтош', NULL, 'Акташ', NULL),
(1714224556, 17, 14, 224, 556, 'Yettikon', NULL, 'Еттикон', NULL, 'Еттикан', NULL),
(1714224558, 17, 14, 224, 558, 'Yandama', NULL, 'Яндама', NULL, 'Яндама', NULL),
(1714224561, 17, 14, 224, 561, 'Axsi', NULL, 'Ахси', NULL, 'Ахси', NULL),
(1714224563, 17, 14, 224, 563, 'Kalvak', NULL, 'Калвак', NULL, 'Колвак', NULL),
(1714224565, 17, 14, 224, 565, 'Mozorko\'xna', NULL, 'Мозоркўхна', NULL, 'Мизаркухна', NULL),
(1714224567, 17, 14, 224, 567, 'Buramatut', NULL, 'Бураматут', NULL, 'Бураматут', NULL),
(1714224569, 17, 14, 224, 569, 'Shaxand', NULL, 'Шаханд', NULL, 'Шахант', NULL),
(1714224571, 17, 14, 224, 571, 'Olchin', NULL, 'Олчин', NULL, 'Олчин', NULL),
(1714224575, 17, 14, 224, 575, 'Saroy', NULL, 'Сарой', NULL, 'Сарой', NULL),
(1714224577, 17, 14, 224, 577, 'Katagon', NULL, 'Катагон', NULL, 'Катагон', NULL),
(1714224579, 17, 14, 224, 579, 'Kichikqurama', NULL, 'Кичикқурама', NULL, 'Кичиккурама', NULL),
(1714224581, 17, 14, 224, 581, 'Namdon', NULL, 'Намдон', NULL, 'Намдон', NULL),
(1714224800, 17, 14, 224, 800, 'To\'raqo\'rg\'on tumanining qishloq fuqarolar yig\'inlari', NULL, 'Тўрақўрғон туманининг қишлоқ фуқаролар йиғинлари', NULL, 'Сельские сходы граждан Туракурганского района', NULL),
(1714224809, 17, 14, 224, 809, 'Axsi', NULL, 'Ахси', NULL, 'Ахси', NULL),
(1714224812, 17, 14, 224, 812, 'Buramatut', NULL, 'Бураматут', NULL, 'Бураматут', NULL),
(1714224824, 17, 14, 224, 824, 'Katagansaroy', NULL, 'Катагансарой', NULL, 'Катагансаpай', NULL),
(1714224835, 17, 14, 224, 835, 'Sayram', NULL, 'Сайрам', NULL, 'Сайрам', NULL);
INSERT INTO `soato` (`MHOBT_cod`, `res_id`, `region_id`, `district_id`, `qfi_id`, `name_lot`, `center_lot`, `name_cyr`, `center_cyr`, `name_ru`, `center_ru`) VALUES
(1714224846, 17, 14, 224, 846, 'Yandama', NULL, 'Яндама', NULL, 'Яндама', NULL),
(1714224850, 17, 14, 224, 850, 'Xo\'jand', NULL, 'Хўжанд', NULL, 'Ходжанд', NULL),
(1714224857, 17, 14, 224, 857, 'Shaxand', NULL, 'Шаханд', NULL, 'Шаханд', NULL),
(1714224864, 17, 14, 224, 864, 'Yortepa', NULL, 'Ёртепа', NULL, 'Яртепа', NULL),
(1714229550, 17, 14, 229, 550, 'Uychi tumanining shaharchalari', NULL, 'Уйчи туманининг шаҳарчалари', NULL, 'Городские поселки Уйчинского района', NULL),
(1714229551, 17, 14, 229, 551, 'Uychi', NULL, 'Уйчи', NULL, 'Уйчи', NULL),
(1714229555, 17, 14, 229, 555, 'O\'nxayat', NULL, 'Ўнхаят', NULL, 'Унхаят', NULL),
(1714229557, 17, 14, 229, 557, 'Birlashgan', NULL, 'Бирлашган', NULL, 'Бирлашган', NULL),
(1714229559, 17, 14, 229, 559, 'Fayziobod', NULL, 'Файзиобод', NULL, 'Файзиобод', NULL),
(1714229561, 17, 14, 229, 561, 'Churtuk', NULL, 'Чуртук', NULL, 'Чуртук', NULL),
(1714229563, 17, 14, 229, 563, 'Axsi', NULL, 'Ахси', NULL, 'Ахси', NULL),
(1714229565, 17, 14, 229, 565, 'Jiydakapa', NULL, 'Жийдакапа', NULL, 'Джийдакапа', NULL),
(1714229567, 17, 14, 229, 567, 'Kichik toshloq', NULL, 'Кичик тошлоқ', NULL, 'Кичик тошлок', NULL),
(1714229569, 17, 14, 229, 569, 'Mashad', NULL, 'Машад', NULL, 'Машад', NULL),
(1714229573, 17, 14, 229, 573, 'Soku', NULL, 'Соку', NULL, 'Соку', NULL),
(1714229575, 17, 14, 229, 575, 'Boyog\'on', NULL, 'Боёғон', NULL, 'Буеган', NULL),
(1714229577, 17, 14, 229, 577, 'G\'ayrat', NULL, 'Ғайрат', NULL, 'Гайрат', NULL),
(1714229579, 17, 14, 229, 579, 'Ziyokor', NULL, 'Зиёкор', NULL, 'Зиекор', NULL),
(1714229800, 17, 14, 229, 800, 'Uychi tumanining qishloq fuqarolar yig\'inlari', NULL, 'Уйчи туманининг қишлоқ фуқаролар йиғинлари', NULL, 'Сельские сходы граждан Уйчинского района', NULL),
(1714229808, 17, 14, 229, 808, 'G\'ayrat', NULL, 'Ғайрат', NULL, 'Гайрат', NULL),
(1714229811, 17, 14, 229, 811, 'Jiydakapa', NULL, 'Жийдакапа', NULL, 'Джидакапа', NULL),
(1714229815, 17, 14, 229, 815, 'Birlashgan', NULL, 'Бирлашган', NULL, 'Бирлашган', NULL),
(1714229822, 17, 14, 229, 822, 'Teshiktosh', NULL, 'Тешиктош', NULL, 'Тешиктош', NULL),
(1714229833, 17, 14, 229, 833, 'Uychi', NULL, 'Уйчи', NULL, 'Уйчи', NULL),
(1714229844, 17, 14, 229, 844, 'Mashad', NULL, 'Машад', NULL, 'Машад', NULL),
(1714229855, 17, 14, 229, 855, 'Yorkatay', NULL, 'Ёркатай', NULL, 'Яркатай', NULL),
(1714229866, 17, 14, 229, 866, 'Yorqo\'rg\'on', NULL, 'Ёрқўрғон', NULL, 'Яркурган', NULL),
(1714234500, 17, 14, 234, 500, 'Uchqo\'rg\'on tumanining tuman ahamiyatiga ega shaharlari', NULL, 'Учқўрғон туманининг туман аҳамиятига эга шаҳарлари', NULL, 'Города районного подчинения Учкурганского района', NULL),
(1714234501, 17, 14, 234, 501, 'Uchqo\'rg\'on', NULL, 'Учқўрғон', NULL, 'Учкуpган', NULL),
(1714234550, 17, 14, 234, 550, 'Uchqo\'rg\'on tumanining shaharchalari', NULL, 'Учқўрғон туманининг шаҳарчалари', NULL, 'Городские поселки Учкурганского района', NULL),
(1714234552, 17, 14, 234, 552, 'Qayqi', NULL, 'Қайқи', NULL, 'Кайки', NULL),
(1714234554, 17, 14, 234, 554, 'Qo\'g\'ay', NULL, 'Қўғай', NULL, 'Кугай', NULL),
(1714234556, 17, 14, 234, 556, 'Uchyog\'och', NULL, 'Учёғоч', NULL, 'Учагач', NULL),
(1714234558, 17, 14, 234, 558, 'Yangiobod', NULL, 'Янгиобод', NULL, 'Янгиабад', NULL),
(1714234800, 17, 14, 234, 800, 'Uchqo\'rg\'on tumanining qishloq fuqarolar yig\'inlari', NULL, 'Учқўрғон туманининг қишлоқ фуқаролар йиғинлари', NULL, 'Сельские сходы граждан Учкурганского района', NULL),
(1714234811, 17, 14, 234, 811, 'Qayqi', NULL, 'Қайқи', NULL, 'Кайки', NULL),
(1714234822, 17, 14, 234, 822, 'Baxt', NULL, 'Бахт', NULL, 'Бахт', NULL),
(1714234833, 17, 14, 234, 833, 'Qo\'g\'ay-o\'lmas', NULL, 'Қўғай-ўлмас', NULL, 'Кугайульмас', NULL),
(1714234844, 17, 14, 234, 844, 'Qo\'g\'ay', NULL, 'Қўғай', NULL, 'Кугай', NULL),
(1714234851, 17, 14, 234, 851, 'O\'zbekiston', NULL, 'Ўзбекистон', NULL, 'Узбекистан', NULL),
(1714234861, 17, 14, 234, 861, 'Yangiobod', NULL, 'Янгиобод', NULL, 'Янгиабад', NULL),
(1714234863, 17, 14, 234, 863, 'Yangi yor', NULL, 'Янги ёр', NULL, 'Янгиер', NULL),
(1714234870, 17, 14, 234, 870, 'Yashiq', NULL, 'Яшиқ', NULL, 'Яшик', NULL),
(1714236500, 17, 14, 236, 500, 'Chortoq tumanining tuman ahamiyatiga ega shaharlari', NULL, 'Чортоқ  туманининг туман аҳамиятига эга шаҳарлари', NULL, 'Города районного подчинения Чартакского района', NULL),
(1714236501, 17, 14, 236, 501, 'Chortoq', NULL, 'Чортоқ', NULL, 'Чаpтак', NULL),
(1714236550, 17, 14, 236, 550, 'Chortoq tumanining shaharchalari', NULL, 'Чортоқ  туманининг  шаҳарчалари', NULL, 'Городские поселки Чартакского района', NULL),
(1714236552, 17, 14, 236, 552, 'Muchum', NULL, 'Мучум', NULL, 'Мучум', NULL),
(1714236554, 17, 14, 236, 554, 'Koroskon', NULL, 'Короскон', NULL, 'Караскан', NULL),
(1714236556, 17, 14, 236, 556, 'Ko\'shan', NULL, 'Кўшан', NULL, 'Кушан', NULL),
(1714236558, 17, 14, 236, 558, 'Ayqiron', NULL, 'Айқирон', NULL, 'Айкирон', NULL),
(1714236560, 17, 14, 236, 560, 'Alixon', NULL, 'Алихон', NULL, 'Алихон', NULL),
(1714236562, 17, 14, 236, 562, 'Pastki Peshqo\'rg\'on', NULL, 'Пастки Пешқўрғон', NULL, 'Пастки Пешкургон', NULL),
(1714236564, 17, 14, 236, 564, 'Yuqori Peshqo\'rg\'on', NULL, 'Юқори Пешқўрғон', NULL, 'Юкори Пешкургон', NULL),
(1714236566, 17, 14, 236, 566, 'Ora ariq', NULL, 'Ора ариқ', NULL, 'Ораарык', NULL),
(1714236568, 17, 14, 236, 568, 'Baliqli ko\'l', NULL, 'Балиқли кўл', NULL, 'Баликкул', NULL),
(1714236572, 17, 14, 236, 572, 'Xazratishox', NULL, 'Хазратишох', NULL, 'Хазратишох', NULL),
(1714236800, 17, 14, 236, 800, 'Chortoq tumanining qishloq fuqarolar yig\'inlari', NULL, 'Чортоқ  туманининг қишлоқ фуқаролар йиғинлари', NULL, 'Сельские сходы граждан Чартакского района', NULL),
(1714236803, 17, 14, 236, 803, 'Ayqiron', NULL, 'Айқирон', NULL, 'Айкиран', NULL),
(1714236805, 17, 14, 236, 805, 'Alixon', NULL, 'Алихон', NULL, 'Алихан', NULL),
(1714236807, 17, 14, 236, 807, 'Bog\'iston', NULL, 'Боғистон', NULL, 'Багистан', NULL),
(1714236809, 17, 14, 236, 809, 'Tinchlik', NULL, 'Тинчлик', NULL, 'Тинчлик', NULL),
(1714236815, 17, 14, 236, 815, 'Karaskan', NULL, 'Караскан', NULL, 'Караскан', NULL),
(1714236820, 17, 14, 236, 820, 'Muchum', NULL, 'Мучум', NULL, 'Мучум', NULL),
(1714236826, 17, 14, 236, 826, 'Peshqo\'rg\'on', NULL, 'Пешқўрғон', NULL, 'Пешкурган', NULL),
(1714236853, 17, 14, 236, 853, 'Xazratishox', NULL, 'Хазратишох', NULL, 'Хазратишо', NULL),
(1714236856, 17, 14, 236, 856, 'Saroy', NULL, 'Сарой', NULL, 'Сарай', NULL),
(1714237500, 17, 14, 237, 500, 'Chust tumanining tuman ahamiyatiga ega shaharlari', NULL, 'Чуст  туманининг туман аҳамиятига эга шаҳарлари', NULL, 'Города районного подчинения Чустского района', NULL),
(1714237501, 17, 14, 237, 501, 'Chust', NULL, 'Чуст', NULL, 'Чуст', NULL),
(1714237550, 17, 14, 237, 550, 'Chust tumanining shaharchalari', NULL, 'Чуст туманининг  шаҳарчалари', NULL, 'Городские поселки Чустского района', NULL),
(1714237552, 17, 14, 237, 552, 'Olmos', NULL, 'Олмос', NULL, 'Олмос', NULL),
(1714237554, 17, 14, 237, 554, 'Axcha', NULL, 'Ахча', NULL, 'Ахча', NULL),
(1714237556, 17, 14, 237, 556, 'Sarimsoqtepa', NULL, 'Саримсоқтепа', NULL, 'Саримсоктепа', NULL),
(1714237558, 17, 14, 237, 558, 'Varzik', NULL, 'Варзик', NULL, 'Варзик', NULL),
(1714237560, 17, 14, 237, 560, 'Qoraqo\'rg\'on', NULL, 'Қорақўрғон', NULL, 'Коракургон', NULL),
(1714237562, 17, 14, 237, 562, 'G\'ova', NULL, 'Ғова', NULL, 'Гова', NULL),
(1714237564, 17, 14, 237, 564, 'Karkidon', NULL, 'Каркидон', NULL, 'Каркидон', NULL),
(1714237566, 17, 14, 237, 566, 'Karnon', NULL, 'Карнон', NULL, 'Карнон', NULL),
(1714237568, 17, 14, 237, 568, 'Yorqishloq', NULL, 'Ёрқишлоқ', NULL, 'Еркишлок', NULL),
(1714237570, 17, 14, 237, 570, 'Shoyon', NULL, 'Шоён', NULL, 'Шаен', NULL),
(1714237572, 17, 14, 237, 572, 'Xisorak', NULL, 'Хисорак', NULL, 'Хисорак', NULL),
(1714237800, 17, 14, 237, 800, 'Chust tumanining qishloq fuqarolar yig\'inlari', NULL, 'Чуст туманининг қишлоқ фуқаролар йиғинлари', NULL, 'Сельские сходы граждан Чустского района', NULL),
(1714237803, 17, 14, 237, 803, 'Og\'asaray', NULL, 'Оғасарай', NULL, 'Огасарай', NULL),
(1714237805, 17, 14, 237, 805, 'Olmos', NULL, 'Олмос', NULL, 'Алмас', NULL),
(1714237807, 17, 14, 237, 807, 'Axcha', NULL, 'Ахча', NULL, 'Ахча', NULL),
(1714237812, 17, 14, 237, 812, 'Varzik', NULL, 'Варзик', NULL, 'Варзик', NULL),
(1714237823, 17, 14, 237, 823, 'G\'ova', NULL, 'Ғова', NULL, 'Гова', NULL),
(1714237834, 17, 14, 237, 834, 'Karkidon', NULL, 'Каркидон', NULL, 'Каркидон', NULL),
(1714237848, 17, 14, 237, 848, 'Xisorak', NULL, 'Хисорак', NULL, 'Хисарак', NULL),
(1714237859, 17, 14, 237, 859, 'Baymoq', NULL, 'Баймоқ', NULL, 'Баймак', NULL),
(1714237870, 17, 14, 237, 870, 'Sho\'rkent', NULL, 'Шўркент', NULL, 'Шуркент', NULL),
(1714237875, 17, 14, 237, 875, 'Karnon', NULL, 'Карнон', NULL, 'Карнан', NULL),
(1714237880, 17, 14, 237, 880, 'Shoyon', NULL, 'Шоён', NULL, 'Шаян', NULL),
(1714242550, 17, 14, 242, 550, 'Yangiqo\'rg\'on tumanining shaharchalari', NULL, 'Янгиқўрғон туманининг  шаҳарчалари', NULL, 'Городские поселки Янгикурганского района', NULL),
(1714242551, 17, 14, 242, 551, 'Yangiqo\'rg\'on', NULL, 'Янгиқўрғон', NULL, 'Янгикурган', NULL),
(1714242553, 17, 14, 242, 553, 'Bekobod', NULL, 'Бекобод', NULL, 'Бекобод', NULL),
(1714242555, 17, 14, 242, 555, 'G\'ovazon', NULL, 'Ғовазон', NULL, 'Говазон', NULL),
(1714242557, 17, 14, 242, 557, 'Zarkent', NULL, 'Заркент', NULL, 'Заркент', NULL),
(1714242559, 17, 14, 242, 559, 'Iskavot', NULL, 'Искавот', NULL, 'Искавот', NULL),
(1714242561, 17, 14, 242, 561, 'Kalisho', NULL, 'Калишо', NULL, 'Калишох', NULL),
(1714242563, 17, 14, 242, 563, 'Qizil qiyoq', NULL, 'Қизил қиёқ', NULL, 'Кизилкиек', NULL),
(1714242565, 17, 14, 242, 565, 'Qorayong\'oq', NULL, 'Қораёнғоқ', NULL, 'Кораенгок', NULL),
(1714242567, 17, 14, 242, 567, 'Qorapolvon', NULL, 'Қораполвон', NULL, 'Кораполвон', NULL),
(1714242569, 17, 14, 242, 569, 'Qorachasho\'rkent', NULL, 'Қорачашўркент', NULL, 'Корачашуркент', NULL),
(1714242571, 17, 14, 242, 571, 'Ko\'kyor', NULL, 'Кўкёр', NULL, 'Кукер', NULL),
(1714242573, 17, 14, 242, 573, 'Navkent', NULL, 'Навкент', NULL, 'Навкент', NULL),
(1714242575, 17, 14, 242, 575, 'Nanay', NULL, 'Нанай', NULL, 'Нанай', NULL),
(1714242577, 17, 14, 242, 577, 'Poromon', NULL, 'Поромон', NULL, 'Парамон', NULL),
(1714242579, 17, 14, 242, 579, 'Rovot', NULL, 'Ровот', NULL, 'Ровут', NULL),
(1714242581, 17, 14, 242, 581, 'Sangiston', NULL, 'Сангистон', NULL, 'Сангистон', NULL),
(1714242583, 17, 14, 242, 583, 'Salmon', NULL, 'Салмон', NULL, 'Солман', NULL),
(1714242585, 17, 14, 242, 585, 'Xo\'jasho\'rkent', NULL, 'Хўжашўркент', NULL, 'Хужашуркент', NULL),
(1714242587, 17, 14, 242, 587, 'Yumaloqtepa', NULL, 'Юмалоқтепа', NULL, 'Юмалок тепа', NULL),
(1714242800, 17, 14, 242, 800, 'Yangiqo\'rg\'on tumanining qishloq fuqarolar yig\'inlari', NULL, 'Янгиқўрғон туманининг қишлоқ фуқаролар йиғинлари', NULL, 'Сельские сходы граждан Янгикурганского района', NULL),
(1714242810, 17, 14, 242, 810, 'Bekobod', NULL, 'Бекобод', NULL, 'Бекабад', NULL),
(1714242813, 17, 14, 242, 813, 'Birlashkan', NULL, 'Бирлашкан', NULL, 'Бирлашкан', NULL),
(1714242824, 17, 14, 242, 824, 'Zarbdor', NULL, 'Зарбдор', NULL, 'Зарбдор', NULL),
(1714242830, 17, 14, 242, 830, 'Zarkent', NULL, 'Заркент', NULL, 'Заркент', NULL),
(1714242840, 17, 14, 242, 840, 'Qorapolvon', NULL, 'Қораполвон', NULL, 'Карапалван', NULL),
(1714242846, 17, 14, 242, 846, 'Sharq yulduzi', NULL, 'Шарқ юлдузи', NULL, 'Шарк юлдузи', NULL),
(1714242859, 17, 14, 242, 859, 'Nanay', NULL, 'Нанай', NULL, 'Нанай', NULL),
(1714242862, 17, 14, 242, 862, 'Navkent', NULL, 'Навкент', NULL, 'Новкент', NULL),
(1714242865, 17, 14, 242, 865, 'Poromon', NULL, 'Поромон', NULL, 'Парамон', NULL),
(1714242871, 17, 14, 242, 871, 'Istiqlol', NULL, 'Истиқлол', NULL, 'Истиклол', NULL),
(1714242875, 17, 14, 242, 875, 'Navro\'zobod', NULL, 'Наврўзобод', NULL, 'Наврузабад', NULL),
(1714401360, 17, 14, 401, 360, 'Namangan shahrining tumanlari', NULL, 'Наманган шаҳрининг туманлари', NULL, 'Районы города Наманган', NULL),
(1714401365, 17, 14, 401, 365, 'Davlatobod tumani', NULL, 'Давлатобод тумани', NULL, 'Давлатободский район', NULL),
(1714401367, 17, 14, 401, 367, 'Yangi Namangan tumani', NULL, 'Янги Наманган тумани', NULL, 'Янги Наманганский район', NULL),
(1718203550, 17, 18, 203, 550, 'Oqdaryo tumanining shaharchalari', NULL, 'Оқдарё туманининг шаҳарчалари', NULL, 'Городские поселки Акдарьинского района', NULL),
(1718203551, 17, 18, 203, 551, 'Loyish', NULL, 'Лойиш', NULL, 'Лаиш', NULL),
(1718203555, 17, 18, 203, 555, 'Dahbed', NULL, 'Даҳбед', NULL, 'Дахбед', NULL),
(1718203557, 17, 18, 203, 557, 'Avazali', NULL, 'Авазали', NULL, 'Авазали', NULL),
(1718203559, 17, 18, 203, 559, 'Bolta', NULL, 'Болта', NULL, 'Болта', NULL),
(1718203561, 17, 18, 203, 561, 'Qirqdarxon', NULL, 'Қирқдархон', NULL, 'Киркдархон', NULL),
(1718203563, 17, 18, 203, 563, 'Kumushkent', NULL, 'Кумушкент', NULL, 'Кумушкент', NULL),
(1718203565, 17, 18, 203, 565, 'Oytamg\'ali', NULL, 'Ойтамғали', NULL, 'Ойтамгали', NULL),
(1718203567, 17, 18, 203, 567, 'Oqdaryo', NULL, 'Оқдарё', NULL, 'Окдаре', NULL),
(1718203569, 17, 18, 203, 569, 'Yangiqo\'rg\'on', NULL, 'Янгиқўрғон', NULL, 'Янгикургон', NULL),
(1718203571, 17, 18, 203, 571, 'Yangiobod', NULL, 'Янгиобод', NULL, 'Янгиабад', NULL),
(1718203800, 17, 18, 203, 800, 'Oqdaryo tumanining qishloq fuqarolar yig\'inlari', NULL, 'Оқдарё туманининг қишлоқ фуқаролар йиғинлари', NULL, 'Сельские сходы граждан Акдарьинского района', NULL),
(1718203816, 17, 18, 203, 816, 'Zarafshon', NULL, 'Зарафшон', NULL, 'Зарафшан', NULL),
(1718203820, 17, 18, 203, 820, 'Qorateri', NULL, 'Қоратери', NULL, 'Каратери', NULL),
(1718203822, 17, 18, 203, 822, 'A.Navoiy', NULL, 'А.Навоий', NULL, 'Навои', NULL),
(1718203833, 17, 18, 203, 833, 'Primkent', NULL, 'Примкент', NULL, 'Примкент', NULL),
(1718203844, 17, 18, 203, 844, 'Yangikent', NULL, 'Янгикент', NULL, 'Янгикент', NULL),
(1718203855, 17, 18, 203, 855, 'Yangiqo\'rg\'on', NULL, 'Янгиқўрғон', NULL, 'Янгикурган', NULL),
(1718206500, 17, 18, 206, 500, 'Bulung\'ur tumanining tuman ahamiyatiga ega shaharlari', NULL, 'Булунғур туманининг туман аҳамиятига эга шаҳарлари', NULL, 'Города районного подчинения Булунгурского района', NULL),
(1718206501, 17, 18, 206, 501, 'Bulung\'ur', NULL, 'Булунғур', NULL, 'Булунгур', NULL),
(1718206550, 17, 18, 206, 550, 'Bulung\'ur tumanining shaharchalari', NULL, 'Булунғур туманининг шаҳарчалари', NULL, 'Городские поселки Булунгурского района', NULL),
(1718206553, 17, 18, 206, 553, 'Kildon', NULL, 'Килдон', NULL, 'Килдон', NULL),
(1718206556, 17, 18, 206, 556, 'Soxibkor', NULL, 'Сохибкор', NULL, 'Сохибкор', NULL),
(1718206559, 17, 18, 206, 559, 'Bog\'bon', NULL, 'Боғбон', NULL, 'Богбон', NULL),
(1718206800, 17, 18, 206, 800, 'Bulung\'ur tumanining qishloq fuqarolar yig\'inlari', NULL, 'Булунғур туманининг қишлоқ фуқаролар йиғинлари', NULL, 'Сельские сходы граждан Булунгурского района', NULL),
(1718206811, 17, 18, 206, 811, 'Beshqo\'ton', NULL, 'Бешқўтон', NULL, 'Бешкутан', NULL),
(1718206840, 17, 18, 206, 840, 'Kildon', NULL, 'Килдон', NULL, 'Кильдан', NULL),
(1718206845, 17, 18, 206, 845, 'Kulchabiy', NULL, 'Кулчабий', NULL, 'Кулчабий', NULL),
(1718206850, 17, 18, 206, 850, 'O\'rtabuloq', NULL, 'Ўртабулоқ', NULL, 'Уpтабулак', NULL),
(1718206856, 17, 18, 206, 856, 'Navoiy nomli', NULL, 'Навоий номли', NULL, 'им. Навои', NULL),
(1718206867, 17, 18, 206, 867, 'Soxibkor', NULL, 'Сохибкор', NULL, 'Сахибкор', NULL),
(1718206878, 17, 18, 206, 878, 'F.Yo\'ldoshev nomli', NULL, 'Ф.Йўлдошев номли', NULL, 'им. Ф. Юлдашева', NULL),
(1718209500, 17, 18, 209, 500, 'Jomboy tumanining tuman ahamiyatiga ega shaharlari', NULL, 'Жомбой туманининг туман аҳамиятига эга шаҳарлари', NULL, 'Города районного подчинения Джамбайского района', NULL),
(1718209501, 17, 18, 209, 501, 'Jomboy', NULL, 'Жомбой', NULL, 'Джамбай', NULL),
(1718209550, 17, 18, 209, 550, 'Jomboy tumanining shaharchalari', NULL, 'Жомбой туманининг шаҳарчалари', NULL, 'Городские поселки Джамбайского района', NULL),
(1718209554, 17, 18, 209, 554, 'Dehqonobod', NULL, 'Деҳқонобод', NULL, 'Дехконабад', NULL),
(1718209558, 17, 18, 209, 558, 'Eski Jomboy', NULL, 'Эски Жомбой', NULL, 'Эски Джомбой', NULL),
(1718209564, 17, 18, 209, 564, 'Xo\'ja', NULL, 'Хўжа', NULL, 'Хужа', NULL),
(1718209568, 17, 18, 209, 568, 'G\'azira', NULL, 'Ғазира', NULL, 'Газира', NULL),
(1718209574, 17, 18, 209, 574, 'Kattaqishloq', NULL, 'Каттақишлоқ', NULL, 'Катта кишлак', NULL),
(1718209800, 17, 18, 209, 800, 'Jomboy tumanining qishloq fuqarolar yig\'inlari', NULL, 'Жомбой туманининг қишлоқ фуқаролар йиғинлари', NULL, 'Сельские сходы граждан Джамбайского района', NULL),
(1718209820, 17, 18, 209, 820, 'Dehqonobod', NULL, 'Деҳқонобод', NULL, 'Дехканабад', NULL),
(1718209822, 17, 18, 209, 822, 'Jomboy', NULL, 'Жомбой', NULL, 'Джамбай', NULL),
(1718209833, 17, 18, 209, 833, 'Juriyat', NULL, 'Журият', NULL, 'Джурият', NULL),
(1718209844, 17, 18, 209, 844, 'Qangli', NULL, 'Қангли', NULL, 'Кангли', NULL),
(1718209848, 17, 18, 209, 848, 'Qoramuyin', NULL, 'Қорамуйин', NULL, 'Карамуюн', NULL),
(1718209855, 17, 18, 209, 855, 'Qo\'ng\'irot', NULL, 'Қўнғирот', NULL, 'Кунград', NULL),
(1718209866, 17, 18, 209, 866, 'Xolvoyi', NULL, 'Холвойи', NULL, 'Холвай', NULL),
(1718209870, 17, 18, 209, 870, 'Sherqo\'rg\'on', NULL, 'Шерқўрғон', NULL, 'Шеркурган', NULL),
(1718212500, 17, 18, 212, 500, 'Ishtixon tumanining tuman ahamiyatiga ega shaharlari', NULL, 'Иштихон  туманининг туман аҳамиятига эга шаҳарлари', NULL, 'Города районного подчинения Иштыханского района', NULL),
(1718212501, 17, 18, 212, 501, 'Ishtixon', NULL, 'Иштихон', NULL, 'Иштыхан', NULL),
(1718212550, 17, 18, 212, 550, 'Ishtixon tumanining shaharchalari', NULL, 'Иштихон  туманининг шаҳарчалари', NULL, 'Городские поселки Иштыханского района', NULL),
(1718212555, 17, 18, 212, 555, 'Mitan', NULL, 'Митан', NULL, 'Митан', NULL),
(1718212557, 17, 18, 212, 557, 'Azamat', NULL, 'Азамат', NULL, 'Азамат', NULL),
(1718212559, 17, 18, 212, 559, 'Damariq', NULL, 'Дамариқ', NULL, 'Дамарик', NULL),
(1718212561, 17, 18, 212, 561, 'Bahrin', NULL, 'Баҳрин', NULL, 'Бахрин', NULL),
(1718212563, 17, 18, 212, 563, 'Qirqyigit', NULL, 'Қирқйигит', NULL, 'Киркйигит', NULL),
(1718212565, 17, 18, 212, 565, 'Odil', NULL, 'Одил', NULL, 'Одил', NULL),
(1718212567, 17, 18, 212, 567, 'Sug\'ot', NULL, 'Суғот', NULL, 'Сугот', NULL),
(1718212569, 17, 18, 212, 569, 'Xalqobod', NULL, 'Халқобод', NULL, 'Халкабад', NULL),
(1718212571, 17, 18, 212, 571, 'Shayxislom', NULL, 'Шайхислом', NULL, 'Шайхислом', NULL),
(1718212573, 17, 18, 212, 573, 'Sheyxlar', NULL, 'Шейхлар', NULL, 'Шейхлар', NULL),
(1718212575, 17, 18, 212, 575, 'Yangikent', NULL, 'Янгикент', NULL, 'Янгикент', NULL),
(1718212577, 17, 18, 212, 577, 'Yangirabot', NULL, 'Янгиработ', NULL, 'Янгиработ', NULL),
(1718212800, 17, 18, 212, 800, 'Ishtixon tumanining qishloq fuqarolar yig\'inlari', NULL, 'Иштихон  туманининг қишлоқ фуқаролар йиғинлари', NULL, 'Сельские сходы граждан Иштыханского района', NULL),
(1718212803, 17, 18, 212, 803, 'Azamat', NULL, 'Азамат', NULL, 'Азамат', NULL),
(1718212818, 17, 18, 212, 818, 'Zarband', NULL, 'Зарбанд', NULL, 'Зарбанд', NULL),
(1718212824, 17, 18, 212, 824, 'Qurli', NULL, 'Қурли', NULL, 'Курли', NULL),
(1718212844, 17, 18, 212, 844, 'Chordara', NULL, 'Чордара', NULL, 'Чардара', NULL),
(1718212855, 17, 18, 212, 855, 'Ravot', NULL, 'Равот', NULL, 'Рават', NULL),
(1718212866, 17, 18, 212, 866, 'O\'rtaqishloq', NULL, 'Ўртақишлоқ', NULL, 'Уртакишлак', NULL),
(1718212877, 17, 18, 212, 877, 'Haqiqat', NULL, 'Ҳақиқат', NULL, 'Хакикат', NULL),
(1718212879, 17, 18, 212, 879, 'Halqabod', NULL, 'Ҳалқабод', NULL, 'Халкабад', NULL),
(1718212888, 17, 18, 212, 888, 'Fayziobod', NULL, 'Файзиобод', NULL, 'Файзиабад', NULL),
(1718215550, 17, 18, 215, 550, 'Kattaqo\'rg\'on tumanining shaharchalari', NULL, 'Каттақўрғон туманининг шаҳарчалари', NULL, 'Городские поселки Каттакурганского района', NULL),
(1718215551, 17, 18, 215, 551, 'Payshanba', NULL, 'Пайшанба', NULL, 'Пайшанба', NULL),
(1718215554, 17, 18, 215, 554, 'Suv xovuzi', NULL, 'Сув ховузи', NULL, 'Сув ховузи ', NULL),
(1718215558, 17, 18, 215, 558, 'Mundiyon', NULL, 'Мундиён', NULL, 'Мундиен', NULL),
(1718215564, 17, 18, 215, 564, 'Polvontepa', NULL, 'Полвонтепа', NULL, 'Полвонтепа', NULL),
(1718215568, 17, 18, 215, 568, 'Qoradaryo', NULL, 'Қорадарё', NULL, 'Карадарья', NULL),
(1718215574, 17, 18, 215, 574, 'Vayrat', NULL, 'Вайрат', NULL, 'Войрот', NULL),
(1718215578, 17, 18, 215, 578, 'Yangiqo\'rg\'oncha', NULL, 'Янгиқўрғонча', NULL, 'Янгикургонча', NULL),
(1718215584, 17, 18, 215, 584, 'Kattaming', NULL, 'Каттаминг', NULL, 'Каттаминг', NULL),
(1718215800, 17, 18, 215, 800, 'Kattaqo\'rg\'on tumanining qishloq fuqarolar yig\'inlari', NULL, 'Каттақўрғон туманининг қишлоқ фуқаролар йиғинлари', NULL, 'Сельские сходы граждан Каттакурганского района', NULL),
(1718215811, 17, 18, 215, 811, 'Girdiqo\'rg\'on', NULL, 'Гирдиқўрғон', NULL, 'Гирдыкурган', NULL),
(1718215815, 17, 18, 215, 815, 'Yangiqo\'rg\'oncha', NULL, 'Янгиқўрғонча', NULL, 'Янгикуpганча', NULL),
(1718215818, 17, 18, 215, 818, 'Omonboy', NULL, 'Омонбой', NULL, 'Аманбай', NULL),
(1718215822, 17, 18, 215, 822, 'Durbesh', NULL, 'Дурбеш', NULL, 'Дурбеш', NULL),
(1718215833, 17, 18, 215, 833, 'Kattako\'rpa', NULL, 'Каттакўрпа', NULL, 'Каттакурпа', NULL),
(1718215837, 17, 18, 215, 837, 'Kattaming', NULL, 'Каттаминг', NULL, 'Каттаминг', NULL),
(1718215845, 17, 18, 215, 845, 'Kichikmundiyon', NULL, 'Кичикмундиён', NULL, 'Кичикмундиян', NULL),
(1718215850, 17, 18, 215, 850, 'Moybuloq', NULL, 'Мойбулоқ', NULL, 'Майбулак', NULL),
(1718215867, 17, 18, 215, 867, 'Saroyqo\'rg\'on', NULL, 'Саройқўрғон', NULL, 'Сарайкурган', NULL),
(1718215889, 17, 18, 215, 889, 'Jumaboy', NULL, 'Жумабой', NULL, 'Джумабай', NULL),
(1718215895, 17, 18, 215, 895, 'Qo\'shtepa', NULL, 'Қўштепа', NULL, 'Куштепа', NULL),
(1718216550, 17, 18, 216, 550, 'Qo\'shrabot tumanining shaharchalari', NULL, 'Қўшработ туманининг шаҳарчалари', NULL, 'Городские поселки Кушрабатского района', NULL),
(1718216551, 17, 18, 216, 551, 'Qo\'shrabot', NULL, 'Қўшработ', NULL, 'Кушрабад', NULL),
(1718216555, 17, 18, 216, 555, 'Zarkent', NULL, 'Заркент', NULL, 'Заркент', NULL),
(1718216800, 17, 18, 216, 800, 'Qo\'shrabot tumanining qishloq fuqarolar yig\'inlari', NULL, 'Қўшработ туманининг қишлоқ фуқаролар йиғинлари', NULL, 'Сельские сходы граждан Кошрабадского района', NULL),
(1718216802, 17, 18, 216, 802, 'Oqtepa', NULL, 'Оқтепа', NULL, 'Актепа', NULL),
(1718216805, 17, 18, 216, 805, 'Oxunboboyev nomli', NULL, 'Охунбобоев номли', NULL, 'им. Ахунбабаева', NULL),
(1718216810, 17, 18, 216, 810, 'Jush', NULL, 'Жуш', NULL, 'Джуш', NULL),
(1718216814, 17, 18, 216, 814, 'Zarmitan', NULL, 'Зармитан', NULL, 'Зармитан', NULL),
(1718216820, 17, 18, 216, 820, 'Qo\'shrabot', NULL, 'Қўшработ', NULL, 'Кошрабад', NULL),
(1718216825, 17, 18, 216, 825, 'Pichat', NULL, 'Пичат', NULL, 'Пичат', NULL),
(1718216830, 17, 18, 216, 830, 'Urgandji', NULL, 'Урганджи', NULL, 'Уpганджи', NULL),
(1718218500, 17, 18, 218, 500, 'Narpay tumanining tuman ahamiyatiga ega shaharlari', NULL, 'Нарпай туманининг туман аҳамиятига эга шаҳарлари', NULL, 'Города районного подчинения Нарпайского района', NULL),
(1718218501, 17, 18, 218, 501, 'Oqtosh', NULL, 'Оқтош', NULL, 'Акташ', NULL),
(1718218550, 17, 18, 218, 550, 'Narpay tumanining shaharchalari', NULL, 'Нарпай туманининг шаҳарчалари', NULL, 'Городские поселки Нарпайского района', NULL),
(1718218554, 17, 18, 218, 554, 'Mirbozor', NULL, 'Мирбозор', NULL, 'Мирбазар', NULL),
(1718218558, 17, 18, 218, 558, 'Guliston', NULL, 'Гулистон', NULL, 'Гулистон', NULL),
(1718218564, 17, 18, 218, 564, 'Qo\'yi Charxin', NULL, 'Қўйи Чархин', NULL, 'Куйи Чархин', NULL),
(1718218800, 17, 18, 218, 800, 'Narpay tumanining qishloq fuqarolar yig\'inlari', NULL, 'Нарпай туманининг қишлоқ фуқаролар йиғинлари', NULL, 'Сельские сходы граждан Нарпайского района', NULL),
(1718218811, 17, 18, 218, 811, 'Oltio\'g\'il', NULL, 'Олтиўғил', NULL, 'Алтыугил', NULL),
(1718218819, 17, 18, 218, 819, 'Islom Shoir', NULL, 'Ислом Шоир', NULL, 'им. Ислома Шоира', NULL),
(1718218822, 17, 18, 218, 822, 'Qorako\'l', NULL, 'Қоракўл', NULL, 'Каракуль', NULL),
(1718218826, 17, 18, 218, 826, 'Kosogoron', NULL, 'Косогорон', NULL, 'Косагаpан', NULL),
(1718218835, 17, 18, 218, 835, 'Qadim', NULL, 'Қадим', NULL, 'Кадим', NULL),
(1718218846, 17, 18, 218, 846, 'Chaqar', NULL, 'Чақар', NULL, 'Чакаp', NULL),
(1718218870, 17, 18, 218, 870, 'Balandqo\'rg\'on', NULL, 'Баландқўрғон', NULL, 'Баландкурган', NULL),
(1718218872, 17, 18, 218, 872, 'Yangirabod', NULL, 'Янгирабод', NULL, 'Янгирабад', NULL),
(1718218875, 17, 18, 218, 875, 'Qorasiyrak', NULL, 'Қорасийрак', NULL, 'Каpасиpак', NULL),
(1718224500, 17, 18, 224, 500, 'Payariq tumanining tuman ahamiyatiga ega shaharlari', NULL, 'Паяриқ туманининг туман аҳамиятига эга шаҳарлари', NULL, 'Гоpода pайонного подчинения Пайаpыкского pайона', NULL),
(1718224501, 17, 18, 224, 501, 'Payariq', NULL, 'Паяриқ', NULL, 'Пайаpык', NULL),
(1718224502, 17, 18, 224, 502, 'Chelak', NULL, 'Челак', NULL, 'Челек', NULL),
(1718224550, 17, 18, 224, 550, 'Payariq tumanining shaharchalari', NULL, 'Паяриқ туманининг  шаҳарчалари', NULL, 'Городские поселки Пайарыкского района', NULL),
(1718224552, 17, 18, 224, 552, 'Tomoyrat', NULL, 'Томойрат', NULL, 'Томойрот', NULL),
(1718224554, 17, 18, 224, 554, 'Qorasuv', NULL, 'Қорасув', NULL, 'Карасув', NULL),
(1718224556, 17, 18, 224, 556, 'Ko\'ksaroy', NULL, 'Кўксарой', NULL, 'Куксарой', NULL),
(1718224558, 17, 18, 224, 558, 'G\'ujumsoy', NULL, 'Ғужумсой', NULL, 'Гужумсой', NULL),
(1718224562, 17, 18, 224, 562, 'Xo\'ja Ismoil', NULL, 'Хўжа Исмоил', NULL, 'Хужа Исмоил', NULL),
(1718224564, 17, 18, 224, 564, 'Tupolos', NULL, 'Туполос', NULL, 'Туполос', NULL),
(1718224566, 17, 18, 224, 566, 'Oqqo\'rg\'on', NULL, 'Оққўрғон', NULL, 'Оккургон', NULL),
(1718224568, 17, 18, 224, 568, 'Do\'stlarobod', NULL, 'Дўстларобод', NULL, 'Дустларабад', NULL),
(1718224572, 17, 18, 224, 572, 'Do\'stlik', NULL, 'Дўстлик', NULL, 'Дустлик', NULL),
(1718224800, 17, 18, 224, 800, 'Payariq tumanining qishloq fuqarolar yig\'inlari', NULL, 'Паяриқ туманининг қишлоқ фуқаролар йиғинлари', NULL, 'Сельские сходы граждан Пайарыкского района', NULL),
(1718224805, 17, 18, 224, 805, 'Oqqo\'rg\'on', NULL, 'Оққўрғон', NULL, 'Аккурган', NULL),
(1718224810, 17, 18, 224, 810, 'Oytamg\'ali', NULL, 'Ойтамғали', NULL, 'Айтамгали', NULL),
(1718224815, 17, 18, 224, 815, 'Birlashgan', NULL, 'Бирлашган', NULL, 'Бирлашган', NULL),
(1718224825, 17, 18, 224, 825, 'O\'rta saydov', NULL, 'Ўрта сайдов', NULL, 'Уртасайдов', NULL),
(1718224838, 17, 18, 224, 838, 'Choparoshli', NULL, 'Чопарошли', NULL, 'Чапарашли', NULL),
(1718224845, 17, 18, 224, 845, 'Ko\'kdala', NULL, 'Кўкдала', NULL, 'Кокдала', NULL),
(1718224848, 17, 18, 224, 848, 'Ko\'lto\'sin', NULL, 'Кўлтўсин', NULL, 'Культусин', NULL),
(1718224855, 17, 18, 224, 855, 'Guliston', NULL, 'Гулистон', NULL, 'Гулистан', NULL),
(1718224866, 17, 18, 224, 866, 'Qorasuv', NULL, 'Қорасув', NULL, 'Карасув', NULL),
(1718224877, 17, 18, 224, 877, 'Sanoat', NULL, 'Саноат', NULL, 'Саноат', NULL),
(1718224888, 17, 18, 224, 888, 'Choshtepa', NULL, 'Чоштепа', NULL, 'Чаштепа', NULL),
(1718227500, 17, 18, 227, 500, 'Pastdarg\'om tumanining tuman ahamiyatiga ega shaharlari', NULL, 'Пастдарғом туманининг туман аҳамиятига эга шаҳарлари', NULL, 'Города районного подчинения Пастдаргомского района', NULL),
(1718227501, 17, 18, 227, 501, 'Juma', NULL, 'Жума', NULL, 'Джума', NULL),
(1718227550, 17, 18, 227, 550, 'Pastdarg\'om tumanining shaharchalari', NULL, 'Пастдарғом туманининг шаҳарчалари', NULL, 'Городские поселки Пастдаргомского района', NULL),
(1718227558, 17, 18, 227, 558, 'Charxin', NULL, 'Чархин', NULL, 'Чархин', NULL),
(1718227562, 17, 18, 227, 562, 'Chortut', NULL, 'Чортут', NULL, 'Чортут', NULL),
(1718227564, 17, 18, 227, 564, 'O\'rta Charxin', NULL, 'Ўрта Чархин', NULL, 'Урта Чархин', NULL),
(1718227566, 17, 18, 227, 566, 'Balhiyon', NULL, 'Балҳиён', NULL, 'Балхиен', NULL),
(1718227568, 17, 18, 227, 568, 'Go\'zalkent', NULL, 'Гўзалкент', NULL, 'Гузалкент', NULL),
(1718227572, 17, 18, 227, 572, 'Nayman', NULL, 'Найман', NULL, 'Найман', NULL),
(1718227574, 17, 18, 227, 574, 'Jag\'alboyli', NULL, 'Жағалбойли', NULL, 'Джагалбойли', NULL),
(1718227576, 17, 18, 227, 576, 'Mehnat', NULL, 'Меҳнат', NULL, 'Мехнат', NULL),
(1718227578, 17, 18, 227, 578, 'Hindiboyi', NULL, 'Ҳиндибойи', NULL, 'Хиндибойи', NULL),
(1718227582, 17, 18, 227, 582, 'Agron', NULL, 'Агрон', NULL, 'Агрон', NULL),
(1718227584, 17, 18, 227, 584, 'Iskandari', NULL, 'Искандари', NULL, 'Искандари', NULL),
(1718227586, 17, 18, 227, 586, 'Saribosh', NULL, 'Сарибош', NULL, 'Сарибош', NULL),
(1718227800, 17, 18, 227, 800, 'Pastdarg\'om tumanining qishloq fuqarolar yig\'inlari', NULL, 'Пастдарғом туманининг қишлоқ фуқаролар йиғинлари', NULL, 'Сельские сходы граждан Пастдаргомского района', NULL),
(1718227807, 17, 18, 227, 807, 'Arabxona', NULL, 'Арабхона', NULL, 'Арабхана', NULL),
(1718227812, 17, 18, 227, 812, 'Bolatosh', NULL, 'Болатош', NULL, 'Балаташ', NULL),
(1718227817, 17, 18, 227, 817, 'Go\'zalkent', NULL, 'Гўзалкент', NULL, 'Гузалкент', NULL),
(1718227840, 17, 18, 227, 840, 'Anxor', NULL, 'Анхор', NULL, 'Анхоp', NULL),
(1718227842, 17, 18, 227, 842, 'Besh qahramon', NULL, 'Беш қаҳрамон', NULL, 'Бешкахрамон', NULL),
(1718227845, 17, 18, 227, 845, 'Saribosh', NULL, 'Сарибош', NULL, 'Саpибаш', NULL),
(1718227848, 17, 18, 227, 848, 'Po\'latchi', NULL, 'Пўлатчи', NULL, 'Пулатчи', NULL),
(1718227850, 17, 18, 227, 850, 'Namuna', NULL, 'Намуна', NULL, 'Намуна', NULL),
(1718227860, 17, 18, 227, 860, 'Sanchikul', NULL, 'Санчикул', NULL, 'Санчикуль', NULL),
(1718227867, 17, 18, 227, 867, 'Torariq', NULL, 'Торариқ', NULL, 'Тоpаpык', NULL),
(1718227875, 17, 18, 227, 875, 'Do\'rmontepa', NULL, 'Дўрмонтепа', NULL, 'Дурмонтепа', NULL),
(1718227880, 17, 18, 227, 880, 'Dimishkibolo', NULL, 'Димишкиболо', NULL, 'Димишкиболо', NULL),
(1718227890, 17, 18, 227, 890, 'Chimboy', NULL, 'Чимбой', NULL, 'Чимбай', NULL),
(1718230550, 17, 18, 230, 550, 'Paxtachi tumanining shaharchalari', NULL, 'Пахтачи туманининг шаҳарчалари', NULL, 'Городские поселки Пахтачийского района', NULL),
(1718230551, 17, 18, 230, 551, 'Ziyovuddin', NULL, 'Зиёвуддин', NULL, 'Зиатдин', NULL),
(1718230553, 17, 18, 230, 553, 'Qodirist', NULL, 'Қодирист', NULL, 'Кадирист', NULL),
(1718230555, 17, 18, 230, 555, 'Past Burkut', NULL, 'Паст Буркут', NULL, 'Паст Буркут', NULL),
(1718230557, 17, 18, 230, 557, 'Sanchiqul', NULL, 'Санчиқул', NULL, 'Санчикул', NULL),
(1718230559, 17, 18, 230, 559, 'Suluvqo\'rg\'on', NULL, 'Сулувқўрғон', NULL, 'Сулувкургон', NULL),
(1718230561, 17, 18, 230, 561, 'Urgich', NULL, 'Ургич', NULL, 'Ургич', NULL),
(1718230563, 17, 18, 230, 563, 'Xumor', NULL, 'Хумор', NULL, 'Хумор', NULL),
(1718230800, 17, 18, 230, 800, 'Paxtachi tumanining qishloq fuqarolar yig\'inlari', NULL, 'Пахтачи туманининг қишлоқ фуқаролар йиғинлари', NULL, 'Сельские сходы граждан Пахтачийского района', NULL),
(1718230804, 17, 18, 230, 804, 'Do\'stobod', NULL, 'Дўстобод', NULL, 'Дустобод', NULL),
(1718230813, 17, 18, 230, 813, 'Xayrobod', NULL, 'Хайробод', NULL, 'Хайpабад', NULL),
(1718230827, 17, 18, 230, 827, 'Misit', NULL, 'Мисит', NULL, 'Мисит', NULL),
(1718230839, 17, 18, 230, 839, 'Sultonobod', NULL, 'Султонобод', NULL, 'Султанабад', NULL),
(1718230850, 17, 18, 230, 850, 'Yuqori Po\'latchi', NULL, 'Юқори Пўлатчи', NULL, 'Юкори Пулатчи', NULL),
(1718230861, 17, 18, 230, 861, 'Quyiboq', NULL, 'Қуйибоқ', NULL, 'Куйбок', NULL),
(1718230870, 17, 18, 230, 870, 'Xumor', NULL, 'Хумор', NULL, 'Хумар', NULL),
(1718230875, 17, 18, 230, 875, 'Karnab', NULL, 'Карнаб', NULL, 'Карнаб', NULL),
(1718233550, 17, 18, 233, 550, 'Samarqand tumanining shaharchalari', NULL, 'Самарқанд туманининг шаҳарчалари', NULL, 'Городские поселки Самаркандского района', NULL),
(1718233551, 17, 18, 233, 551, 'Gulobod', NULL, 'Гулобод', NULL, 'Гулабад', NULL),
(1718233555, 17, 18, 233, 555, 'Xo\'ja Ahrori Vali', NULL, 'Хўжа Аҳрори Вали', NULL, 'Хужа Ахрори Вали', NULL),
(1718233800, 17, 18, 233, 800, 'Samarqand tumanining qishloq fuqarolar yig\'inlari', NULL, 'Самарқанд туманининг қишлоқ фуқаролар йиғинлари', NULL, 'Сельские сходы граждан Самаркандского района', NULL),
(1718233806, 17, 18, 233, 806, 'Ohalik', NULL, 'Оҳалик', NULL, 'Агалик', NULL),
(1718233812, 17, 18, 233, 812, 'Qo\'shtamg\'ali', NULL, 'Қўштамғали', NULL, 'Куштамгали', NULL),
(1718233819, 17, 18, 233, 819, 'Bog\'ibaland', NULL, 'Боғибаланд', NULL, 'Багибаланд', NULL),
(1718233830, 17, 18, 233, 830, 'Dashtakibolo', NULL, 'Даштакиболо', NULL, 'Даштакиболо', NULL),
(1718233850, 17, 18, 233, 850, 'Kattaqo\'rg\'onariq', NULL, 'Каттақўрғонариқ', NULL, 'Каттакурганарык', NULL),
(1718233856, 17, 18, 233, 856, 'Kulbaipoyon', NULL, 'Кулбаипоён', NULL, 'Кульбапоян', NULL),
(1718233880, 17, 18, 233, 880, 'Ulug\'bek', NULL, 'Улуғбек', NULL, 'Улугбек', NULL),
(1718233893, 17, 18, 233, 893, 'Qaynama', NULL, 'Қайнама', NULL, 'Кайнама', NULL),
(1718235500, 17, 18, 235, 500, 'Nurobod tumanining tuman ahamiyatiga ega shaharlari', NULL, 'Нуробод туманининг туман аҳамиятига эга шаҳарлари', NULL, 'Гоpода pайонного подчинения Hуpабадского pайона', NULL),
(1718235501, 17, 18, 235, 501, 'Nurobod', NULL, 'Нуробод', NULL, 'Нурабад', NULL),
(1718235550, 17, 18, 235, 550, 'Nurobod tumanining shaharchalari', NULL, 'Нуробод туманининг шаҳарчалари', NULL, 'Городские поселки Нурабадского района', NULL),
(1718235556, 17, 18, 235, 556, 'Nurbuloq', NULL, 'Нурбулоқ', NULL, 'Нурбулок', NULL),
(1718235800, 17, 18, 235, 800, 'Nurobod tumanining qishloq fuqarolar yig\'inlari', NULL, 'Нуробод туманининг қишлоқ фуқаролар йиғинлари', NULL, 'Сельские сходы граждан Нурабадского района', NULL),
(1718235817, 17, 18, 235, 817, 'Jom', NULL, 'Жом', NULL, 'Джам', NULL),
(1718235820, 17, 18, 235, 820, 'Jarquduq', NULL, 'Жарқудуқ', NULL, 'Джаркудук', NULL),
(1718235833, 17, 18, 235, 833, 'Nurbuloq', NULL, 'Нурбулоқ', NULL, 'Нуpбулак', NULL),
(1718235840, 17, 18, 235, 840, 'Tim', NULL, 'Тим', NULL, 'Тим', NULL),
(1718235843, 17, 18, 235, 843, 'Sazog\'on', NULL, 'Сазоғон', NULL, 'Сазогон', NULL),
(1718235846, 17, 18, 235, 846, 'Ulus', NULL, 'Улус', NULL, 'Улус', NULL),
(1718235850, 17, 18, 235, 850, 'Tutli', NULL, 'Тутли', NULL, 'Тутли', NULL),
(1718236500, 17, 18, 236, 500, 'Urgut tumanining tuman ahamiyatiga ega shaharlari', NULL, 'Ургут туманининг туман аҳамиятига эга шаҳарлари', NULL, 'Города районного подчинения Ургутского района', NULL),
(1718236501, 17, 18, 236, 501, 'Urgut', NULL, 'Ургут', NULL, 'Ургут', NULL),
(1718236550, 17, 18, 236, 550, 'Urgut tumanining shaharchalari', NULL, 'Ургут туманининг шаҳарчалари', NULL, 'Городские поселки Ургутского района', NULL),
(1718236553, 17, 18, 236, 553, 'Jartepa', NULL, 'Жартепа', NULL, 'Джартепа', NULL),
(1718236556, 17, 18, 236, 556, 'Kamangaron', NULL, 'Камангарон', NULL, 'Камангарон', NULL),
(1718236559, 17, 18, 236, 559, 'G\'o\'s', NULL, 'Ғўс', NULL, 'Гус', NULL),
(1718236563, 17, 18, 236, 563, 'Pochvon', NULL, 'Почвон', NULL, 'Почвон', NULL),
(1718236566, 17, 18, 236, 566, 'Ispanza', NULL, 'Испанза', NULL, 'Испанза', NULL),
(1718236569, 17, 18, 236, 569, 'Uramas', NULL, 'Урамас', NULL, 'Урамас', NULL),
(1718236573, 17, 18, 236, 573, 'Kenagas', NULL, 'Кенагас', NULL, 'Кенагас', NULL),
(1718236800, 17, 18, 236, 800, 'Urgut tumanining qishloq fuqarolar yig\'inlari', NULL, 'Ургут туманининг қишлоқ фуқаролар йиғинлари', NULL, 'Сельские сходы граждан Ургутского района', NULL),
(1718236806, 17, 18, 236, 806, 'Beshbuloq', NULL, 'Бешбулоқ', NULL, 'Бешбулак', NULL),
(1718236811, 17, 18, 236, 811, 'Ispanza', NULL, 'Испанза', NULL, 'Испанза', NULL),
(1718236814, 17, 18, 236, 814, 'G\'o\'s', NULL, 'Ғўс', NULL, 'Гус', NULL),
(1718236823, 17, 18, 236, 823, 'Ilonli', NULL, 'Илонли', NULL, 'Иланли', NULL),
(1718236834, 17, 18, 236, 834, 'Qoratepa', NULL, 'Қоратепа', NULL, 'Каратепа', NULL),
(1718236839, 17, 18, 236, 839, 'Baxrin', NULL, 'Бахрин', NULL, 'Бахpин', NULL),
(1718236846, 17, 18, 236, 846, 'Jartepa', NULL, 'Жартепа', NULL, 'Джаpтепа', NULL),
(1718236852, 17, 18, 236, 852, 'Uramas', NULL, 'Урамас', NULL, 'Уpамас', NULL),
(1718236858, 17, 18, 236, 858, 'Mirzaqishloq', NULL, 'Мирзақишлоқ', NULL, 'Мирзакишлак', NULL),
(1718236869, 17, 18, 236, 869, 'Pochvon', NULL, 'Почвон', NULL, 'Почван', NULL),
(1718236880, 17, 18, 236, 880, 'Buloqboshi', NULL, 'Булоқбоши', NULL, 'Булокбоши', NULL),
(1718236891, 17, 18, 236, 891, 'Yangiariq', NULL, 'Янгиариқ', NULL, 'Янгиарык', NULL),
(1718238550, 17, 18, 238, 550, 'Tayloq tumanining shaharchalari', NULL, 'Тайлоқ туманининг шаҳарчалари', NULL, 'Городские поселки Тайлякского района', NULL),
(1718238551, 17, 18, 238, 551, 'Toyloq', NULL, 'Тойлоқ', NULL, 'Тайлок', NULL),
(1718238554, 17, 18, 238, 554, 'Adas', NULL, 'Адас', NULL, 'Адас', NULL),
(1718238558, 17, 18, 238, 558, 'Bog\'izag\'on', NULL, 'Боғизағон', NULL, 'Богизагон', NULL),
(1718238800, 17, 18, 238, 800, 'Tayloq tumanining qishloq fuqarolar yig\'inlari', NULL, 'Тайлоқ туманининг қишлоқ фуқаролар йиғинлари', NULL, 'Сельские сходы граждан Тайлякского района', NULL),
(1718238805, 17, 18, 238, 805, 'Adas', NULL, 'Адас', NULL, 'Адас', NULL),
(1718238815, 17, 18, 238, 815, 'Bog\'izag\'on', NULL, 'Боғизағон', NULL, 'Багизаган', NULL),
(1718238820, 17, 18, 238, 820, 'Jumabozor', NULL, 'Жумабозор', NULL, 'Джумабазар', NULL),
(1718238830, 17, 18, 238, 830, 'G\'o\'lba', NULL, 'Ғўлба', NULL, 'Гулба', NULL),
(1718238840, 17, 18, 238, 840, 'Madaniyat', NULL, 'Маданият', NULL, 'Маданият', NULL),
(1718238845, 17, 18, 238, 845, 'Sochakibolo', NULL, 'Сочакиболо', NULL, 'Сочакиболо', NULL),
(1718238850, 17, 18, 238, 850, 'Tepaqishloq', NULL, 'Тепақишлоқ', NULL, 'Тепакишлак', NULL),
(1718238855, 17, 18, 238, 855, 'Toyloq', NULL, 'Тойлоқ', NULL, 'Тайляк', NULL),
(1718238860, 17, 18, 238, 860, 'Qo\'rg\'oncha', NULL, 'Қўрғонча', NULL, 'Курганча', NULL),
(1718401550, 17, 18, 401, 550, 'Samarqand shahar hokimiyatiga qarashli shaharchalar', NULL, 'Самарқанд шаҳар ҳокимиятига қарашли шаҳарчалар', NULL, 'Городские поселки, подч. Самаркандскому горхок-ту', NULL),
(1718401554, 17, 18, 401, 554, 'Kimyogarlar', NULL, 'Кимёгарлар', NULL, 'Кимегаpлаp', NULL),
(1718401556, 17, 18, 401, 556, 'Farxod', NULL, 'Фарход', NULL, 'Фархад', NULL),
(1718401558, 17, 18, 401, 558, 'Xishrav', NULL, 'Хишрав', NULL, 'Хишрау', NULL),
(1718406550, 17, 18, 406, 550, 'Kattaqo\'rg\'on shahar hokimiyatiga qarashli shaharchalar', NULL, 'Каттақўрғон шаҳар ҳокимиятига қарашли шаҳарчалар', NULL, 'Городские поселки,подч. Каттакуpганскому гоpхок-ту', NULL),
(1718406554, 17, 18, 406, 554, 'Ingichka', NULL, 'Ингичка', NULL, 'Ингичка', NULL),
(1722201550, 17, 22, 201, 550, 'Oltinsoy tumanining shaharchalari', NULL, 'Олтинсой туманининг шаҳарчалари', NULL, 'Городские поселки Алтынсайского района', NULL),
(1722201551, 17, 22, 201, 551, 'Qorliq', NULL, 'Қорлиқ', NULL, 'Корлик', NULL),
(1722201553, 17, 22, 201, 553, 'Botosh', NULL, 'Ботош', NULL, 'Ботош', NULL),
(1722201555, 17, 22, 201, 555, 'Jobu', NULL, 'Жобу', NULL, 'Джобу', NULL),
(1722201557, 17, 22, 201, 557, 'Ipoq', NULL, 'Ипоқ', NULL, 'Ипок', NULL),
(1722201559, 17, 22, 201, 559, 'Qurama', NULL, 'Қурама', NULL, 'Курама', NULL),
(1722201561, 17, 22, 201, 561, 'Bo\'ston', NULL, 'Бўстон', NULL, 'Бустон', NULL),
(1722201563, 17, 22, 201, 563, 'Mormin', NULL, 'Мормин', NULL, 'Мармин', NULL),
(1722201565, 17, 22, 201, 565, 'Xayrandara', NULL, 'Хайрандара', NULL, 'Хайрандора', NULL),
(1722201567, 17, 22, 201, 567, 'Xo\'jasoat', NULL, 'Хўжасоат', NULL, 'Хужасоат', NULL),
(1722201569, 17, 22, 201, 569, 'Chep', NULL, 'Чеп', NULL, 'Чен', NULL),
(1722201571, 17, 22, 201, 571, 'Shakarqamish', NULL, 'Шакарқамиш', NULL, 'Шакаркамиш', NULL),
(1722201573, 17, 22, 201, 573, 'Ekraz', NULL, 'Экраз', NULL, 'Экраз', NULL),
(1722201575, 17, 22, 201, 575, 'Yangiqurilish', NULL, 'Янгиқурилиш', NULL, 'Янгикурилиш', NULL),
(1722201577, 17, 22, 201, 577, 'Gulobod', NULL, 'Гулобод', NULL, 'Гулобод', NULL),
(1722201800, 17, 22, 201, 800, 'Oltinsoy tumanining qishloq fuqarolar yig\'inlari', NULL, 'Олтинсой туманининг қишлоқ фуқаролар йиғинлари', NULL, 'Сельские сходы граждан Алтынсайского района', NULL),
(1722201801, 17, 22, 201, 801, 'Oq oltin', NULL, 'Оқ олтин', NULL, 'Акалтын', NULL),
(1722201802, 17, 22, 201, 802, 'Oqarbuloq', NULL, 'Оқарбулоқ', NULL, 'Акарбулак', NULL),
(1722201803, 17, 22, 201, 803, 'Oltinsoy', NULL, 'Олтинсой', NULL, 'Алтынсай', NULL),
(1722201804, 17, 22, 201, 804, 'Vaxshivor', NULL, 'Вахшивор', NULL, 'Вахшивар', NULL),
(1722201807, 17, 22, 201, 807, 'Dug\'oba', NULL, 'Дуғоба', NULL, 'Дугаба', NULL),
(1722201813, 17, 22, 201, 813, 'Qorliq', NULL, 'Қорлиқ', NULL, 'Карлук', NULL),
(1722201816, 17, 22, 201, 816, 'Mirshodi', NULL, 'Миршоди', NULL, 'Миршаде', NULL),
(1722201820, 17, 22, 201, 820, 'Uzumzor', NULL, 'Узумзор', NULL, 'Узумзор', NULL),
(1722201823, 17, 22, 201, 823, 'Lutfiy', NULL, 'Лутфий', NULL, 'Лутфий', NULL),
(1722202550, 17, 22, 202, 550, 'Angor tumanining shaharchalari', NULL, 'Ангор туманининг шаҳарчалари', NULL, 'Городские поселки Ангорского района', NULL),
(1722202551, 17, 22, 202, 551, 'Angor ( mavjud)', NULL, 'Ангор   ( мавжуд)', NULL, 'Ангор', NULL),
(1722202553, 17, 22, 202, 553, 'Tallimaron', NULL, 'Таллимарон', NULL, 'Таллимарон', NULL),
(1722202556, 17, 22, 202, 556, 'Xomkon', NULL, 'Хомкон', NULL, 'Хамкан', NULL),
(1722202559, 17, 22, 202, 559, 'Qorasuv', NULL, 'Қорасув', NULL, 'Карасу', NULL),
(1722202561, 17, 22, 202, 561, 'Yangiobod', NULL, 'Янгиобод', NULL, 'Янгиабад', NULL),
(1722202563, 17, 22, 202, 563, 'Talloshqon', NULL, 'Таллошқон', NULL, 'Таллошкан', NULL),
(1722202566, 17, 22, 202, 566, 'Gilambob', NULL, 'Гиламбоб', NULL, 'Гиламбоб', NULL),
(1722202569, 17, 22, 202, 569, 'Zartepa', NULL, 'Зартепа', NULL, 'Зартепа', NULL),
(1722202571, 17, 22, 202, 571, 'Yangi turmush', NULL, 'Янги турмуш', NULL, 'Янги турмуш', NULL),
(1722202573, 17, 22, 202, 573, 'Angor ( yangi)', NULL, 'Ангор  ( янги)', NULL, 'Ангор', NULL),
(1722202576, 17, 22, 202, 576, 'Kayran', NULL, 'Кайран', NULL, 'Кайран', NULL),
(1722202579, 17, 22, 202, 579, 'Novshahar', NULL, 'Новшаҳар', NULL, 'Новшахар', NULL),
(1722202800, 17, 22, 202, 800, 'Angor tumanining qishloq fuqarolar yig\'inlari', NULL, 'Ангор туманининг қишлоқ фуқаролар йиғинлари', NULL, 'Сельские сходы граждан Ангорского района', NULL),
(1722202815, 17, 22, 202, 815, 'Navoiy', NULL, 'Навоий', NULL, 'им. Навои', NULL),
(1722202825, 17, 22, 202, 825, 'Do\'stlik', NULL, 'Дўстлик', NULL, 'Дустлик', NULL),
(1722202829, 17, 22, 202, 829, 'Tallimaron', NULL, 'Таллимарон', NULL, 'Талимаран', NULL),
(1722202838, 17, 22, 202, 838, 'Qorasuv', NULL, 'Қорасув', NULL, 'Корасув', NULL),
(1722202840, 17, 22, 202, 840, 'Istiqlol', NULL, 'Истиқлол', NULL, 'Истиклол', NULL),
(1722202843, 17, 22, 202, 843, 'Zang', NULL, 'Занг', NULL, 'Занг', NULL),
(1722202846, 17, 22, 202, 846, 'Kayran', NULL, 'Кайран', NULL, 'Кайран', NULL),
(1722203550, 17, 22, 203, 550, 'Bandixon tumanining shaharchalari', NULL, 'Бандихон туманининг шаҳарчалари', NULL, 'Городские поселки Бандихонского района', NULL),
(1722203551, 17, 22, 203, 551, 'Bandixon', NULL, 'Бандихон', NULL, 'Бандихон', NULL),
(1722203800, 17, 22, 203, 800, 'Bandixon tumanining qishloq fuqarolar yig\'inlari', NULL, 'Бандихон туманининг қишлоқ фуқаролар йиғинлари', NULL, 'Сельские сходы граждан Бандихонского района', NULL),
(1722204500, 17, 22, 204, 500, 'Boysun tumanining tuman ahamiyatiga ega shaharlari', NULL, 'Бойсун туманининг туман аҳамиятига эга шаҳарлари', NULL, 'Города районного подчинения Байсунского района', NULL),
(1722204501, 17, 22, 204, 501, 'Boysun', NULL, 'Бойсун', NULL, 'Байсун', NULL),
(1722204550, 17, 22, 204, 550, 'Boysun tumanining shaharchalari', NULL, 'Бойсун туманининг  шаҳарчалари', NULL, 'Городские поселки Байсунского района', NULL),
(1722204552, 17, 22, 204, 552, 'Kofrun', NULL, 'Кофрун', NULL, 'Кофрун', NULL),
(1722204554, 17, 22, 204, 554, 'Tangimush', NULL, 'Тангимуш', NULL, 'Тангимуш', NULL),
(1722204556, 17, 22, 204, 556, 'Pasurxi', NULL, 'Пасурхи', NULL, 'Пасурхи', NULL),
(1722204558, 17, 22, 204, 558, 'Qorabo\'yin', NULL, 'Қорабўйин', NULL, 'Корабуйин', NULL),
(1722204562, 17, 22, 204, 562, 'Rabot', NULL, 'Работ', NULL, 'Рабат', NULL),
(1722204800, 17, 22, 204, 800, 'Boysun tumanining qishloq fuqarolar yig\'inlari', NULL, 'Бойсун туманининг қишлоқ фуқаролар йиғинлари', NULL, 'Сельские сходы граждан Байсунского района', NULL),
(1722204811, 17, 22, 204, 811, 'Qo\'ng\'irot', NULL, 'Қўнғирот', NULL, 'Кунгирот', NULL),
(1722204825, 17, 22, 204, 825, 'Temir darvoza', NULL, 'Темир дарвоза', NULL, 'Темир дарвоза', NULL),
(1722204828, 17, 22, 204, 828, 'Qo\'rg\'oncha', NULL, 'Қўрғонча', NULL, 'Курганча', NULL),
(1722204830, 17, 22, 204, 830, 'Machay', NULL, 'Мачай', NULL, 'Мачай', NULL),
(1722204832, 17, 22, 204, 832, 'Poyonqo\'rg\'on', NULL, 'Поёнқўрғон', NULL, 'Поенкургон', NULL),
(1722204843, 17, 22, 204, 843, 'Chinorli', NULL, 'Чинорли', NULL, 'Чинорли', NULL),
(1722204846, 17, 22, 204, 846, 'Ketmonchi', NULL, 'Кетмончи', NULL, 'Кетмончи', NULL),
(1722207550, 17, 22, 207, 550, 'Muzrabot tumanining shaharchalari', NULL, 'Музработ туманининг  шаҳарчалари', NULL, 'Городские поселки Музрабадского района', NULL),
(1722207551, 17, 22, 207, 551, 'Xalqobod', NULL, 'Халқобод', NULL, 'Халкабад', NULL),
(1722207553, 17, 22, 207, 553, 'Baxt', NULL, 'Бахт', NULL, 'Бахт', NULL),
(1722207555, 17, 22, 207, 555, 'Baynalmilal', NULL, 'Байналмилал', NULL, 'Байналмилал', NULL),
(1722207557, 17, 22, 207, 557, 'Guliston', NULL, 'Гулистон', NULL, 'Гулистан', NULL),
(1722207559, 17, 22, 207, 559, 'Iftixor', NULL, 'Ифтихор', NULL, 'Ифтихор', NULL),
(1722207561, 17, 22, 207, 561, 'Qozoyoqli', NULL, 'Қозоёқли', NULL, 'Казоекли', NULL),
(1722207563, 17, 22, 207, 563, 'Oq oltin', NULL, 'Оқ олтин', NULL, 'Ак алтин', NULL),
(1722207565, 17, 22, 207, 565, 'Taskent', NULL, 'Таскент', NULL, 'Таскент', NULL),
(1722207567, 17, 22, 207, 567, 'Ozod Vatan', NULL, 'Озод Ватан', NULL, 'Озод Ватан', NULL),
(1722207569, 17, 22, 207, 569, 'Chegarachi', NULL, 'Чегарачи', NULL, 'Чегарачи', NULL),
(1722207800, 17, 22, 207, 800, 'Muzrabot tumanining qishloq fuqarolar yig\'inlari', NULL, 'Музработ туманининг қишлоқ фуқаролар йиғинлари', NULL, 'Сельские сходы граждан Музpабадского района', NULL),
(1722207811, 17, 22, 207, 811, 'Beshqo\'ton', NULL, 'Бешқўтон', NULL, 'Бешкутан', NULL),
(1722207815, 17, 22, 207, 815, 'Boldir', NULL, 'Болдир', NULL, 'Больдыр', NULL),
(1722207822, 17, 22, 207, 822, 'Sarhad', NULL, 'Сарҳад', NULL, 'Сархад', NULL),
(1722207830, 17, 22, 207, 830, 'Qorakamar', NULL, 'Қоракамар', NULL, 'Каракамар', NULL),
(1722207833, 17, 22, 207, 833, 'Sharq yulduzi', NULL, 'Шарқ юлдузи', NULL, 'Шарк юлдузи', NULL),
(1722207844, 17, 22, 207, 844, 'Muzrabot', NULL, 'Музработ', NULL, 'Музрабад', NULL),
(1722207847, 17, 22, 207, 847, 'Navbahor', NULL, 'Навбаҳор', NULL, 'Навбахор', NULL),
(1722207849, 17, 22, 207, 849, 'Obodon', NULL, 'Ободон', NULL, 'Абадан', NULL),
(1722207863, 17, 22, 207, 863, 'Sho\'rob', NULL, 'Шўроб', NULL, 'Шураб', NULL),
(1722210500, 17, 22, 210, 500, 'Denov tumanining tuman ahamiyatiga ega shaharlari', NULL, 'Денов туманининг туман аҳамиятига эга шаҳарлари', NULL, 'Города районного подчинения Денауского района', NULL),
(1722210501, 17, 22, 210, 501, 'Denov', NULL, 'Денов', NULL, 'Денау', NULL),
(1722210550, 17, 22, 210, 550, 'Denov tumanining shaharchalari', NULL, 'Денов туманининг шаҳарчалари', NULL, 'Городские поселки Денауского района', NULL),
(1722210554, 17, 22, 210, 554, 'Do\'stlik', NULL, 'Дўстлик', NULL, 'Дустлик', NULL),
(1722210556, 17, 22, 210, 556, 'Yurchi', NULL, 'Юрчи', NULL, 'Юрчи', NULL),
(1722210558, 17, 22, 210, 558, 'Qiziljar', NULL, 'Қизилжар', NULL, 'Кизилжар', NULL),
(1722210562, 17, 22, 210, 562, 'Xolchayon', NULL, 'Холчаён', NULL, 'Холчаен', NULL),
(1722210564, 17, 22, 210, 564, 'Xitoyan', NULL, 'Хитоян', NULL, 'Китоян', NULL),
(1722210566, 17, 22, 210, 566, 'Paxtakurash', NULL, 'Пахтакураш', NULL, 'Пахтакураш', NULL),
(1722210568, 17, 22, 210, 568, 'Namozgoh', NULL, 'Намозгоҳ', NULL, 'Намазгах', NULL),
(1722210572, 17, 22, 210, 572, 'Jamatak', NULL, 'Жаматак', NULL, 'Джаматак', NULL),
(1722210574, 17, 22, 210, 574, 'Yangi Hazorbog\'', NULL, 'Янги Ҳазорбоғ', NULL, 'Янги Хазарбаг', NULL),
(1722210576, 17, 22, 210, 576, 'Yangibog\'', NULL, 'Янгибоғ', NULL, 'Янгибаг', NULL),
(1722210578, 17, 22, 210, 578, 'Dahana', NULL, 'Даҳана', NULL, 'Дахана', NULL),
(1722210582, 17, 22, 210, 582, 'Yangiobod', NULL, 'Янгиобод', NULL, 'Янгиабад', NULL),
(1722210800, 17, 22, 210, 800, 'Denov tumanining qishloq fuqarolar yig\'inlari', NULL, 'Денов туманининг қишлоқ фуқаролар йиғинлари', NULL, 'Сельские сходы граждан Денауского района', NULL),
(1722210806, 17, 22, 210, 806, 'Anbarsoy', NULL, 'Анбарсой', NULL, 'Анбарсай', NULL),
(1722210823, 17, 22, 210, 823, 'Denov', NULL, 'Денов', NULL, 'Денау', NULL),
(1722210830, 17, 22, 210, 830, 'Kenagas', NULL, 'Кенагас', NULL, 'Кенагас', NULL),
(1722210834, 17, 22, 210, 834, 'Qiziljar', NULL, 'Қизилжар', NULL, 'Кызылжаp', NULL),
(1722210838, 17, 22, 210, 838, 'Farg\'ona', NULL, 'Фарғона', NULL, 'Фергана', NULL),
(1722210840, 17, 22, 210, 840, 'Tortuvli', NULL, 'Тортувли', NULL, 'Тоpтувли', NULL),
(1722210845, 17, 22, 210, 845, 'Pistamozor', NULL, 'Пистамозор', NULL, 'Пистамазар', NULL),
(1722210850, 17, 22, 210, 850, 'Sina', NULL, 'Сина', NULL, 'Сина', NULL),
(1722210864, 17, 22, 210, 864, 'Xayrabot', NULL, 'Хайработ', NULL, 'Хайрабад', NULL),
(1722210868, 17, 22, 210, 868, 'Hazarbog\'', NULL, 'Ҳазарбоғ', NULL, 'Хазарбаг', NULL),
(1722210870, 17, 22, 210, 870, 'Xolchayon', NULL, 'Холчаён', NULL, 'Халчиян', NULL),
(1722210873, 17, 22, 210, 873, 'Yangibog\'', NULL, 'Янгибоғ', NULL, 'Янгибаг', NULL),
(1722210875, 17, 22, 210, 875, 'Yangizamon', NULL, 'Янгизамон', NULL, 'Янгизамон', NULL),
(1722210879, 17, 22, 210, 879, 'Yurchi', NULL, 'Юрчи', NULL, 'Юрчи', NULL),
(1722210881, 17, 22, 210, 881, 'Yangiobod', NULL, 'Янгиобод', NULL, 'Янгиабад', NULL),
(1722210883, 17, 22, 210, 883, 'Binokor', NULL, 'Бинокор', NULL, 'Бинокоp', NULL),
(1722210885, 17, 22, 210, 885, 'Dahana', NULL, 'Даҳана', NULL, 'Дахана', NULL),
(1722212500, 17, 22, 212, 500, 'Jarqo\'rg\'on tumanining tuman ahamiyatiga ega shaharlari', NULL, 'Жарқўрғон туманининг туман аҳамиятига эга шаҳарлари', NULL, 'Города районного подчинения Джаркурганского района', NULL),
(1722212501, 17, 22, 212, 501, 'Jarqo\'rg\'on', NULL, 'Жарқўрғон', NULL, 'Джаркурган', NULL),
(1722212550, 17, 22, 212, 550, 'Jarqo\'rg\'on tumanining shaharchalari', NULL, 'Жарқўрғон туманининг шаҳарчалари', NULL, 'Городские поселки Джаркурганского района', NULL),
(1722212554, 17, 22, 212, 554, 'Kakaydi', NULL, 'Какайди', NULL, 'Какайды', NULL),
(1722212558, 17, 22, 212, 558, 'Minor', NULL, 'Минор', NULL, 'Минор', NULL),
(1722212564, 17, 22, 212, 564, 'Qoraqursoq', NULL, 'Қорақурсоқ', NULL, 'Каракурсак', NULL);
INSERT INTO `soato` (`MHOBT_cod`, `res_id`, `region_id`, `district_id`, `qfi_id`, `name_lot`, `center_lot`, `name_cyr`, `center_cyr`, `name_ru`, `center_ru`) VALUES
(1722212568, 17, 22, 212, 568, 'Markaziy Surxon', NULL, 'Марказий Сурхон', NULL, 'Марказий Сурхан', NULL),
(1722212574, 17, 22, 212, 574, 'Kafrun', NULL, 'Кафрун', NULL, 'Кофрун', NULL),
(1722212800, 17, 22, 212, 800, 'Jarqo\'rg\'on tumanining qishloq fuqarolar yig\'inlari', NULL, 'Жарқўрғон туманининг қишлоқ фуқаролар йиғинлари', NULL, 'Сельские сходы граждан Джаркурганского района', NULL),
(1722212811, 17, 22, 212, 811, 'Oqqo\'rg\'on', NULL, 'Оққўрғон', NULL, 'Аккурган', NULL),
(1722212833, 17, 22, 212, 833, 'Jarqo\'rg\'on', NULL, 'Жарқўрғон', NULL, 'Джаркурган', NULL),
(1722212855, 17, 22, 212, 855, 'Dehqonobod', NULL, 'Деҳқонобод', NULL, 'Дехканабад', NULL),
(1722212866, 17, 22, 212, 866, 'Minor', NULL, 'Минор', NULL, 'Минор', NULL),
(1722212877, 17, 22, 212, 877, 'Surxon', NULL, 'Сурхон', NULL, 'Сурхан', NULL),
(1722212880, 17, 22, 212, 880, 'Chorjo\'y', NULL, 'Чоржўй', NULL, 'Чаpджуй', NULL),
(1722212889, 17, 22, 212, 889, 'Sharq Yulduzi', NULL, 'Шарқ юлдузи', NULL, 'Шарк-Юлдузи', NULL),
(1722214500, 17, 22, 214, 500, 'Qumqo\'rg\'on tumanining tuman ahamiyatiga ega shaharlari', NULL, 'Қумқўрғон туманининг туман аҳамиятига эга шаҳарлари', NULL, 'Города районного подчинения Кумкурганского района', NULL),
(1722214501, 17, 22, 214, 501, 'Qumqo\'rg\'on', NULL, 'Қумқўрғон', NULL, 'Кумкурган', NULL),
(1722214550, 17, 22, 214, 550, 'Qumqo\'rg\'on tumanining shaharchalari', NULL, 'Қумқўрғон туманининг  шаҳарчалари', NULL, 'Городские поселки Кумкурганского района', NULL),
(1722214570, 17, 22, 214, 570, 'Hurriyat', NULL, 'Ҳуррият', NULL, 'Хуppият', NULL),
(1722214572, 17, 22, 214, 572, 'Elbayon', NULL, 'Элбаён', NULL, 'Элбаен', NULL),
(1722214574, 17, 22, 214, 574, 'Elobod', NULL, 'Элобод', NULL, 'Элобод', NULL),
(1722214576, 17, 22, 214, 576, 'Azlarsoy', NULL, 'Азларсой', NULL, 'Азларсай', NULL),
(1722214578, 17, 22, 214, 578, 'Bog\'ora', NULL, 'Боғора', NULL, 'Богара', NULL),
(1722214582, 17, 22, 214, 582, 'Oqsoy', NULL, 'Оқсой', NULL, 'Аксай', NULL),
(1722214584, 17, 22, 214, 584, 'Jiydali', NULL, 'Жийдали', NULL, 'Джийдали', NULL),
(1722214586, 17, 22, 214, 586, 'Navbahor', NULL, 'Навбаҳор', NULL, 'Навбахор', NULL),
(1722214588, 17, 22, 214, 588, 'Qarsoqli', NULL, 'Қарсоқли', NULL, 'Карсакли', NULL),
(1722214592, 17, 22, 214, 592, 'Yangiyer', NULL, 'Янгиер', NULL, 'Янгиер', NULL),
(1722214594, 17, 22, 214, 594, 'Jaloir', NULL, 'Жалоир', NULL, 'Джалойир', NULL),
(1722214800, 17, 22, 214, 800, 'Qumqo\'rg\'on tumanining qishloq fuqarolar yig\'inlari', NULL, 'Қумқўрғон туманининг қишлоқ фуқаролар йиғинлари', NULL, 'Сельские сходы граждан Кумкурганского района', NULL),
(1722214803, 17, 22, 214, 803, 'Oqqapchig\'ay', NULL, 'Оққапчиғай', NULL, 'Аккапчигай', NULL),
(1722214810, 17, 22, 214, 810, 'Jaloir Qo\'rg\'oni', NULL, 'Жалоир Қўрғони', NULL, 'Жалоир Кургони', NULL),
(1722214815, 17, 22, 214, 815, 'Sheroziy', NULL, 'Шерозий', NULL, 'Шерозий', NULL),
(1722214818, 17, 22, 214, 818, 'Oqjar', NULL, 'Оқжар', NULL, 'Акжаp', NULL),
(1722214820, 17, 22, 214, 820, 'Qumqo\'rg\'on', NULL, 'Қумқўрғон', NULL, 'Кумкурган', NULL),
(1722214830, 17, 22, 214, 830, 'Yuqori Kakaydi', NULL, 'Юқори Какайди', NULL, 'Юкары-Какайды', NULL),
(1722214833, 17, 22, 214, 833, 'Ketmon', NULL, 'Кетмон', NULL, 'Кетман', NULL),
(1722214836, 17, 22, 214, 836, 'Arslonboyli', NULL, 'Арслонбойли', NULL, 'Аpсланбайли', NULL),
(1722215550, 17, 22, 215, 550, 'Qiziriq tumanining shaharchalari', NULL, 'Қизириқ туманининг  шаҳарчалари', NULL, 'Городские поселки Кизирикского района', NULL),
(1722215551, 17, 22, 215, 551, 'Sariq', NULL, 'Сариқ', NULL, 'Сарик', NULL),
(1722215553, 17, 22, 215, 553, 'Kunchiqish', NULL, 'Кунчиқиш', NULL, 'Кунчикиш', NULL),
(1722215556, 17, 22, 215, 556, 'Yangi hayot', NULL, 'Янги ҳаёт', NULL, 'Янги хает', NULL),
(1722215559, 17, 22, 215, 559, 'Karmaki', NULL, 'Кармаки', NULL, 'Кармаки', NULL),
(1722215563, 17, 22, 215, 563, 'Istara', NULL, 'Истара', NULL, 'Истара', NULL),
(1722215800, 17, 22, 215, 800, 'Qiziriq tumanining qishloq fuqarolar yig\'inlari', NULL, 'Қизириқ туманининг қишлоқ фуқаролар йиғинлари', NULL, 'Сельские сходы граждан Кизирикского района', NULL),
(1722215805, 17, 22, 215, 805, 'Zarkamar', NULL, 'Заркамар', NULL, 'Заркамар', NULL),
(1722215841, 17, 22, 215, 841, 'Olmazor', NULL, 'Олмазор', NULL, 'Олмазор', NULL),
(1722215843, 17, 22, 215, 843, 'Bandixon', NULL, 'Бандихон', NULL, 'Бандихон', NULL),
(1722215845, 17, 22, 215, 845, 'Qiziriq', NULL, 'Қизириқ', NULL, 'Кизирик', NULL),
(1722215847, 17, 22, 215, 847, 'Kirshak', NULL, 'Киршак', NULL, 'Киршак', NULL),
(1722215849, 17, 22, 215, 849, 'Chorvador', NULL, 'Чорвадор', NULL, 'Чорвадор', NULL),
(1722215860, 17, 22, 215, 860, 'Paxtakor', NULL, 'Пахтакор', NULL, 'Пахтакор', NULL),
(1722215865, 17, 22, 215, 865, 'Sharq Istara', NULL, 'Шарқ Истара', NULL, 'Шарк Истара', NULL),
(1722215867, 17, 22, 215, 867, 'Yangi yo\'l', NULL, 'Янги йўл', NULL, 'Янгиюль', NULL),
(1722215870, 17, 22, 215, 870, 'Mehnatobod', NULL, 'Меҳнатобод', NULL, 'Мехнатабад', NULL),
(1722217500, 17, 22, 217, 500, 'Sariosiyo tumanining tuman ahamiyatiga ega shaharlari', NULL, 'Сариосиё туманининг туман аҳамиятига эга шаҳарлари', NULL, 'Города районного подчинения Сариасийского района', NULL),
(1722217505, 17, 22, 217, 505, 'Sharg\'un', NULL, 'Шарғун', NULL, 'Шаргунь', NULL),
(1722217550, 17, 22, 217, 550, 'Sariosiyo tumanining shaharchalari', NULL, 'Сариосиё туманининг шаҳарчалари', NULL, 'Городские поселки Сариасийского района', NULL),
(1722217551, 17, 22, 217, 551, 'Sariosiyo', NULL, 'Сариосиё', NULL, 'Сариасия', NULL),
(1722217554, 17, 22, 217, 554, 'Yangihayot', NULL, 'Янгиҳаёт', NULL, 'Янгихает', NULL),
(1722217558, 17, 22, 217, 558, 'Tortuli', NULL, 'Тортули', NULL, 'Тартули', NULL),
(1722217564, 17, 22, 217, 564, 'Bo\'yropo\'sht', NULL, 'Бўйропўшт', NULL, 'Буйрапушт', NULL),
(1722217800, 17, 22, 217, 800, 'Sariosiyo tumanining qishloq fuqarolar yig\'inlari', NULL, 'Сариосиё туманининг қишлоқ фуқаролар йиғинлари', NULL, 'Сельские сходы граждан Сариасийского района', NULL),
(1722217812, 17, 22, 217, 812, 'Dashnobod', NULL, 'Дашнобод', NULL, 'Дашнабад', NULL),
(1722217826, 17, 22, 217, 826, 'Navro\'z', NULL, 'Наврўз', NULL, 'Навруз', NULL),
(1722217828, 17, 22, 217, 828, 'Buyuk kelajak', NULL, 'Буюк келажак', NULL, 'Буюк келажак', NULL),
(1722217832, 17, 22, 217, 832, 'Sangardak', NULL, 'Сангардак', NULL, 'Сангардак', NULL),
(1722217835, 17, 22, 217, 835, 'Bog\'i iram', NULL, 'Боғи ирам', NULL, 'Боги ирам', NULL),
(1722217846, 17, 22, 217, 846, 'So\'fiyon', NULL, 'Сўфиён', NULL, 'Суфиян', NULL),
(1722217851, 17, 22, 217, 851, 'Toqchiyon', NULL, 'Тоқчиён', NULL, 'Такчиян', NULL),
(1722217862, 17, 22, 217, 862, 'O\'zbekiston', NULL, 'Ўзбекистон', NULL, 'Узбекистан', NULL),
(1722217880, 17, 22, 217, 880, 'Xufar', NULL, 'Хуфар', NULL, 'Хуфар', NULL),
(1722220550, 17, 22, 220, 550, 'Termiz tumanining shaharchalari', NULL, 'Термиз туманининг шаҳарчалари', NULL, 'Городские поселки Термезского района', NULL),
(1722220551, 17, 22, 220, 551, 'Uchqizil', NULL, 'Учқизил', NULL, 'Учкизил', NULL),
(1722220553, 17, 22, 220, 553, 'Limonchi', NULL, 'Лимончи', NULL, 'Лимончи', NULL),
(1722220555, 17, 22, 220, 555, 'Tajribakor', NULL, 'Тажрибакор', NULL, 'Тажрибакор', NULL),
(1722220557, 17, 22, 220, 557, 'Namuna', NULL, 'Намуна', NULL, 'Намуна', NULL),
(1722220559, 17, 22, 220, 559, 'At-Termiziy', NULL, 'Ат-Термизий', NULL, 'Ат-Термизий', NULL),
(1722220561, 17, 22, 220, 561, 'Mustaqillik', NULL, 'Мустақиллик', NULL, 'Мустакиллик', NULL),
(1722220563, 17, 22, 220, 563, 'Pattakesar', NULL, 'Паттакесар', NULL, 'Паттакесар', NULL),
(1722220565, 17, 22, 220, 565, 'Chegarachi', NULL, 'Чегарачи', NULL, 'Чегарачи', NULL),
(1722220567, 17, 22, 220, 567, 'Qizilboy', NULL, 'Қизилбой', NULL, 'Кизилбай', NULL),
(1722220800, 17, 22, 220, 800, 'Termiz tumanining qishloq fuqarolar yig\'inlari', NULL, 'Термиз туманининг қишлоқ фуқаролар йиғинлари', NULL, 'Сельские сходы граждан Термезского района', NULL),
(1722220844, 17, 22, 220, 844, 'Mehnatobod', NULL, 'Меҳнатобод', NULL, 'Мехнатобод', NULL),
(1722220855, 17, 22, 220, 855, 'Paxtaobod', NULL, 'Пахтаобод', NULL, 'Пахтаабад', NULL),
(1722220870, 17, 22, 220, 870, 'Uchqizil', NULL, 'Учқизил', NULL, 'Учкизил', NULL),
(1722220888, 17, 22, 220, 888, 'Yangiariq', NULL, 'Янгиариқ', NULL, 'Янгиарык', NULL),
(1722220895, 17, 22, 220, 895, 'Kokildorota', NULL, 'Кокилдорота', NULL, 'Кокилдорота', NULL),
(1722221550, 17, 22, 221, 550, 'Uzun tumanining shaharchalari', NULL, 'Узун туманининг шаҳарчалари', NULL, 'Городские поселки Узунского района', NULL),
(1722221551, 17, 22, 221, 551, 'Uzun', NULL, 'Узун', NULL, 'Узун', NULL),
(1722221553, 17, 22, 221, 553, 'Chinor', NULL, 'Чинор', NULL, 'Чинар', NULL),
(1722221556, 17, 22, 221, 556, 'Ulanqul', NULL, 'Уланқул', NULL, 'Уланкул', NULL),
(1722221559, 17, 22, 221, 559, 'Qarashiq', NULL, 'Қарашиқ', NULL, 'Карашик', NULL),
(1722221563, 17, 22, 221, 563, 'Yangi kuch', NULL, 'Янги куч', NULL, 'Янги куч', NULL),
(1722221566, 17, 22, 221, 566, 'Jonchekka', NULL, 'Жончекка', NULL, 'Джанчекка', NULL),
(1722221569, 17, 22, 221, 569, 'Malandiyon', NULL, 'Маландиён', NULL, 'Маландиян', NULL),
(1722221573, 17, 22, 221, 573, 'Mehnat', NULL, 'Меҳнат', NULL, 'Мехнат', NULL),
(1722221576, 17, 22, 221, 576, 'Yangi ro\'zg\'or', NULL, 'Янги рўзғор', NULL, 'Янги рузгор', NULL),
(1722221800, 17, 22, 221, 800, 'Uzun tumanining qishloq fuqarolar yig\'inlari', NULL, 'Узун туманининг қишлоқ фуқаролар йиғинлари', NULL, 'Сельские сходы граждан Узунского района', NULL),
(1722221806, 17, 22, 221, 806, 'Bobotog\'', NULL, 'Боботоғ', NULL, 'Бабатаг', NULL),
(1722221816, 17, 22, 221, 816, 'Jonchekka', NULL, 'Жончекка', NULL, 'Джанчека', NULL),
(1722221824, 17, 22, 221, 824, 'Fayzova', NULL, 'Файзова', NULL, 'им. Файзова', NULL),
(1722221856, 17, 22, 221, 856, 'Telpakchinor', NULL, 'Телпакчинор', NULL, 'Тельпакчинар', NULL),
(1722221868, 17, 22, 221, 868, 'Uzun', NULL, 'Узун', NULL, 'Узун', NULL),
(1722221875, 17, 22, 221, 875, 'Oq Ostona', NULL, 'Оқ Остона', NULL, 'Акастана', NULL),
(1722221880, 17, 22, 221, 880, 'Xonjiza', NULL, 'Хонжиза', NULL, 'Хондиза', NULL),
(1722223500, 17, 22, 223, 500, 'Sherobod tumanining tuman ahamiyatiga ega shaharlari', NULL, 'Шеробод туманининг туман аҳамиятига эга шаҳарлари', NULL, 'Города районного подчинения Шерабадского района', NULL),
(1722223501, 17, 22, 223, 501, 'Sherobod', NULL, 'Шеробод', NULL, 'Шерабад', NULL),
(1722223550, 17, 22, 223, 550, 'Sherobod tumanining shaharchalari', NULL, 'Шеробод туманининг шаҳарчалари', NULL, 'Городские поселки Шерабадского района', NULL),
(1722223552, 17, 22, 223, 552, 'Zarabog\'', NULL, 'Зарабоғ', NULL, 'Зарабаг', NULL),
(1722223554, 17, 22, 223, 554, 'Kilkon', NULL, 'Килкон', NULL, 'Килкон', NULL),
(1722223556, 17, 22, 223, 556, 'Navbog\'', NULL, 'Навбоғ', NULL, 'Навбаг', NULL),
(1722223558, 17, 22, 223, 558, 'Paxtaobod', NULL, 'Пахтаобод', NULL, 'Пахтаабад', NULL),
(1722223562, 17, 22, 223, 562, 'Sariqamish', NULL, 'Сариқамиш', NULL, 'Сарикамиш', NULL),
(1722223564, 17, 22, 223, 564, 'Cho\'yinchi', NULL, 'Чўйинчи', NULL, 'Чуйинчи', NULL),
(1722223566, 17, 22, 223, 566, 'Yangiariq', NULL, 'Янгиариқ', NULL, 'Янги арик', NULL),
(1722223800, 17, 22, 223, 800, 'Sherobod tumanining qishloq fuqarolar yig\'inlari', NULL, 'Шеробод туманининг қишлоқ фуқаролар йиғинлари', NULL, 'Сельские сходы граждан Шерабадского района', NULL),
(1722223810, 17, 22, 223, 810, 'Oqqo\'rg\'on', NULL, 'Оққўрғон', NULL, 'Аккурган', NULL),
(1722223822, 17, 22, 223, 822, 'Ko\'hitang', NULL, 'Кўҳитанг', NULL, 'Кухитанг', NULL),
(1722223833, 17, 22, 223, 833, 'Sariqamish', NULL, 'Сариқамиш', NULL, 'Саpикамиш', NULL),
(1722223854, 17, 22, 223, 854, 'Seplon', NULL, 'Сеплон', NULL, 'Сеплан', NULL),
(1722223856, 17, 22, 223, 856, 'Talloshqon', NULL, 'Таллошқон', NULL, 'Талашкан', NULL),
(1722223858, 17, 22, 223, 858, 'Rabatak', NULL, 'Рабатак', NULL, 'Рабатаг', NULL),
(1722223865, 17, 22, 223, 865, 'Yangiturmush', NULL, 'Янгитурмуш', NULL, 'Янгитурмуш', NULL),
(1722223867, 17, 22, 223, 867, 'Bo\'ston', NULL, 'Бўстон', NULL, 'Бустансай', NULL),
(1722223870, 17, 22, 223, 870, 'Chinobod', NULL, 'Чинобод', NULL, 'Чинабад', NULL),
(1722226500, 17, 22, 226, 500, 'Sho\'rchi tumanining tuman ahamiyatiga ega shaharlari', NULL, 'Шўрчи туманининг туман аҳамиятига эга шаҳарлари', NULL, 'Города районного подчинения Шурчинского района', NULL),
(1722226501, 17, 22, 226, 501, 'Sho\'rchi', NULL, 'Шўрчи', NULL, 'Шурчи', NULL),
(1722226550, 17, 22, 226, 550, 'Sho\'rchi tumanining shaharchalari', NULL, 'Шўрчи туманининг шаҳарчалари', NULL, 'Городские поселки Шурчинского района', NULL),
(1722226554, 17, 22, 226, 554, 'Elbayon', NULL, 'Элбаён', NULL, 'Элбаен', NULL),
(1722226558, 17, 22, 226, 558, 'To\'la', NULL, 'Тўла', NULL, 'Тула', NULL),
(1722226562, 17, 22, 226, 562, 'Yalti', NULL, 'Ялти', NULL, 'Ялти', NULL),
(1722226564, 17, 22, 226, 564, 'Xushchekka', NULL, 'Хушчекка', NULL, 'Хушчека', NULL),
(1722226566, 17, 22, 226, 566, 'Qo\'shtegirmon', NULL, 'Қўштегирмон', NULL, 'Куштегирмон', NULL),
(1722226568, 17, 22, 226, 568, 'Kattasovur', NULL, 'Каттасовур', NULL, 'Катта совур', NULL),
(1722226572, 17, 22, 226, 572, 'Karvon', NULL, 'Карвон', NULL, 'Карвон', NULL),
(1722226574, 17, 22, 226, 574, 'G\'armaqo\'rg\'on', NULL, 'Ғармақўрғон', NULL, 'Гармакурган', NULL),
(1722226576, 17, 22, 226, 576, 'Jarqishloq', NULL, 'Жарқишлоқ', NULL, 'Джаркишлок', NULL),
(1722226578, 17, 22, 226, 578, 'Joyilma', NULL, 'Жойилма', NULL, 'Джайилма', NULL),
(1722226800, 17, 22, 226, 800, 'Sho\'rchi tumanining qishloq fuqarolar yig\'inlari', NULL, 'Шўрчи туманининг қишлоқ фуқаролар йиғинлари', NULL, 'Сельские сходы граждан Шурчинского района', NULL),
(1722226816, 17, 22, 226, 816, 'Qo\'ldosh', NULL, 'Қўлдош', NULL, 'Кулдош', NULL),
(1722226820, 17, 22, 226, 820, 'Alpomish', NULL, 'Алпомиш', NULL, 'Алпомиш', NULL),
(1722226824, 17, 22, 226, 824, 'Baxtlitepa', NULL, 'Бахтлитепа', NULL, 'Бахтлитепа', NULL),
(1722226844, 17, 22, 226, 844, 'Savur', NULL, 'Савур', NULL, 'Совур', NULL),
(1722226852, 17, 22, 226, 852, 'Elobod', NULL, 'Элобод', NULL, 'Элабад', NULL),
(1722226863, 17, 22, 226, 863, 'Sohibkor', NULL, 'Соҳибкор', NULL, 'Сахибкор', NULL),
(1722226866, 17, 22, 226, 866, 'Dalvarzin', NULL, 'Далварзин', NULL, 'Дальверзин', NULL),
(1722226869, 17, 22, 226, 869, 'Jaloir', NULL, 'Жалоир', NULL, 'Джалаир', NULL),
(1722226872, 17, 22, 226, 872, 'Sho\'rchi', NULL, 'Шўрчи', NULL, 'Шурчи', NULL),
(1722226882, 17, 22, 226, 882, 'Yangibozor', NULL, 'Янгибозор', NULL, 'Янгибазар', NULL),
(1724206550, 17, 24, 206, 550, 'Oqoltin tumanining shaharchalari', NULL, 'Оқолтин туманининг шаҳарчалари', NULL, 'Городские поселки Акалтынского района', NULL),
(1724206551, 17, 24, 206, 551, 'Sardoba', NULL, 'Сардоба', NULL, 'Сардоба', NULL),
(1724206552, 17, 24, 206, 552, 'Farg\'ona', NULL, 'Фарғона', NULL, 'Фергана', NULL),
(1724206554, 17, 24, 206, 554, 'Andijon', NULL, 'Андижон', NULL, 'Андижон', NULL),
(1724206800, 17, 24, 206, 800, 'Oqoltin tumanining qishloq fuqarolar yig\'inlari', NULL, 'Оқолтин туманининг қишлоқ фуқаролар йиғинлари', NULL, 'Сельские сходы граждан Акалтынского pайона', NULL),
(1724206814, 17, 24, 206, 814, 'Bo\'ston', NULL, 'Бўстон', NULL, 'Бустан', NULL),
(1724206824, 17, 24, 206, 824, 'Ahillik', NULL, 'Аҳиллик', NULL, 'Ахиллик', NULL),
(1724206850, 17, 24, 206, 850, 'Shodlik', NULL, 'Шодлик', NULL, 'Шадлик', NULL),
(1724212550, 17, 24, 212, 550, 'Boyovut tumanining shaharchalari', NULL, 'Боёвут туманининг шаҳарчалари', NULL, 'Городские поселки Баяутского района', NULL),
(1724212551, 17, 24, 212, 551, 'Boyovut', NULL, 'Боёвут', NULL, 'Баяут', NULL),
(1724212552, 17, 24, 212, 552, 'Markaz', NULL, 'Марказ', NULL, 'Марказ', NULL),
(1724212553, 17, 24, 212, 553, 'Bekat', NULL, 'Бекат', NULL, 'Бекат', NULL),
(1724212554, 17, 24, 212, 554, 'Do\'stlik', NULL, 'Дўстлик', NULL, 'Дустлик', NULL),
(1724212800, 17, 24, 212, 800, 'Boyovut tumanining qishloq fuqarolar yig\'inlari', NULL, 'Боёвут туманининг қишлоқ фуқаролар йиғинлари', NULL, 'Сельские сходы граждан Баяутского района', NULL),
(1724212811, 17, 24, 212, 811, 'Boyovut', NULL, 'Боёвут', NULL, 'Баяут', NULL),
(1724212818, 17, 24, 212, 818, 'G\'allakor', NULL, 'Ғаллакор', NULL, 'Галлакор', NULL),
(1724212830, 17, 24, 212, 830, 'Darvazakir', NULL, 'Дарвазакир', NULL, 'Дарбазакыр', NULL),
(1724212834, 17, 24, 212, 834, 'Dehqonobod', NULL, 'Деҳқонобод', NULL, 'Дехканабад', NULL),
(1724212847, 17, 24, 212, 847, 'Olmazor', NULL, 'Олмазор', NULL, 'Алмазар', NULL),
(1724212850, 17, 24, 212, 850, 'Mingchinor', NULL, 'Мингчинор', NULL, 'Мингчинар', NULL),
(1724212855, 17, 24, 212, 855, 'Buyuk yurt', NULL, 'Буюк юрт', NULL, 'Буюк юрт', NULL),
(1724212861, 17, 24, 212, 861, 'Tabarruk', NULL, 'Табаррук', NULL, 'Табаррук', NULL),
(1724212865, 17, 24, 212, 865, 'Madaniyat', NULL, 'Маданият', NULL, 'Маданият', NULL),
(1724212868, 17, 24, 212, 868, 'Do\'stlik', NULL, 'Дўстлик', NULL, 'Дустлик', NULL),
(1724212875, 17, 24, 212, 875, 'Laylakko\'l', NULL, 'Лайлаккўл', NULL, 'Лайлакуль', NULL),
(1724212880, 17, 24, 212, 880, 'Tinchlik', NULL, 'Тинчлик', NULL, 'Тинчлик', NULL),
(1724216550, 17, 24, 216, 550, 'Sayxunobod tumanining shaharchalari', NULL, 'Сайхунобод туманининг шаҳарчалари', NULL, 'Городские поселки Сайхунабадского района', NULL),
(1724216551, 17, 24, 216, 551, 'Sayxun', NULL, 'Сайхун', NULL, 'Сайхун', NULL),
(1724216553, 17, 24, 216, 553, 'Sohil', NULL, 'Соҳил', NULL, 'Сохил', NULL),
(1724216555, 17, 24, 216, 555, 'Sho\'ro\'zak', NULL, 'Шўрўзак', NULL, 'Шурузак', NULL),
(1724216557, 17, 24, 216, 557, 'Paxtakon', NULL, 'Пахтакон', NULL, 'Пахтакон', NULL),
(1724216800, 17, 24, 216, 800, 'Sayxunobod tumanining qishloq fuqarolar yig\'inlari', NULL, 'Сайхунобод туманининг қишлоқ фуқаролар йиғинлари', NULL, 'Сельские сходы граждан Сайхунабадского района', NULL),
(1724216811, 17, 24, 216, 811, 'Ittifak', NULL, 'Иттифак', NULL, 'Иттифак', NULL),
(1724216822, 17, 24, 216, 822, 'Guliston', NULL, 'Гулистон', NULL, 'Гулистан', NULL),
(1724216827, 17, 24, 216, 827, 'Nurota', NULL, 'Нурота', NULL, 'Нурата', NULL),
(1724216830, 17, 24, 216, 830, 'O\'zbekiston', NULL, 'Ўзбекистон', NULL, 'Узбекистон', NULL),
(1724216833, 17, 24, 216, 833, 'Istiqlol', NULL, 'Истиқлол', NULL, 'Истиклол', NULL),
(1724216844, 17, 24, 216, 844, 'Sho\'ro\'zak', NULL, 'Шўрўзак', NULL, 'Шурузяк', NULL),
(1724216855, 17, 24, 216, 855, 'Yangi hayot', NULL, 'Янги ҳаёт', NULL, 'Янгихаят', NULL),
(1724220550, 17, 24, 220, 550, 'Guliston tumanining shaharchalari', NULL, 'Гулистон туманининг шаҳарчалари', NULL, 'Городские поселки Гулистанского района', NULL),
(1724220551, 17, 24, 220, 551, 'Dehqonobod', NULL, 'Деҳқонобод', NULL, 'Дехканабад', NULL),
(1724220552, 17, 24, 220, 552, 'Hulkar', NULL, 'Ҳулкар', NULL, 'Хулкар', NULL),
(1724220553, 17, 24, 220, 553, 'Beshbuloq', NULL, 'Бешбулоқ', NULL, 'Бешбулак', NULL),
(1724220554, 17, 24, 220, 554, 'Ulug\'bek', NULL, 'Улуғбек', NULL, 'Улугбек', NULL),
(1724220556, 17, 24, 220, 556, 'Xalqako\'l', NULL, 'Халқакўл', NULL, 'Халкакул', NULL),
(1724220800, 17, 24, 220, 800, 'Guliston tumanining qishloq fuqarolar yig\'inlari', NULL, 'Гулистон туманининг қишлоқ фуқаролар йиғинлари', NULL, 'Сельские сходы граждан Гулистанского района', NULL),
(1724220805, 17, 24, 220, 805, 'Oltintepa', NULL, 'Олтинтепа', NULL, 'Алтынтепа', NULL),
(1724220816, 17, 24, 220, 816, 'Soyibobod', NULL, 'Сойибобод', NULL, 'Саибобод', NULL),
(1724220820, 17, 24, 220, 820, 'Xumo', NULL, 'Хумо', NULL, 'Хумо', NULL),
(1724220823, 17, 24, 220, 823, 'Kunchi', NULL, 'Кунчи', NULL, 'Кунчи', NULL),
(1724220827, 17, 24, 220, 827, 'Beshbuloq', NULL, 'Бешбулоқ', NULL, 'Бешбулак', NULL),
(1724220835, 17, 24, 220, 835, 'Chortoq', NULL, 'Чортоқ', NULL, 'Чоpток', NULL),
(1724220846, 17, 24, 220, 846, 'Oltin O\'rda', NULL, 'Олтин Ўрда', NULL, 'Олтин Уpда', NULL),
(1724220879, 17, 24, 220, 879, 'Zarbdor', NULL, 'Зарбдор', NULL, 'Зарбдар', NULL),
(1724220882, 17, 24, 220, 882, 'Soxilobod', NULL, 'Сохилобод', NULL, 'Сахилабад', NULL),
(1724226550, 17, 24, 226, 550, 'Sardoba tumanining shaharchalari', NULL, 'Сардоба туманининг шаҳарчалари', NULL, 'Городские поселки  Сардобского района', NULL),
(1724226551, 17, 24, 226, 551, 'Paxtaobod', NULL, 'Пахтаобод', NULL, 'Пахтаабад', NULL),
(1724226800, 17, 24, 226, 800, 'Sardoba tumanining qishloq fuqarolar yig\'inlari', NULL, 'Сардоба туманининг қишлоқ фуқаролар йиғинлари', NULL, 'Сельские сходы граждан Сардобского района', NULL),
(1724226811, 17, 24, 226, 811, 'Cho\'lquvar', NULL, 'ЧўлҚувар', NULL, 'Чулкуваp', NULL),
(1724226822, 17, 24, 226, 822, 'Guliston', NULL, 'Гулистон', NULL, 'Гулистон', NULL),
(1724226833, 17, 24, 226, 833, 'Yangiqishloq', NULL, 'Янгиқишлоқ', NULL, 'Янгикишлак', NULL),
(1724226844, 17, 24, 226, 844, 'Gulzor', NULL, 'Гулзор', NULL, 'Гульзар', NULL),
(1724226855, 17, 24, 226, 855, 'Yangiobod', NULL, 'Янгиобод', NULL, 'Янгиабад', NULL),
(1724226865, 17, 24, 226, 865, 'Qo\'rg\'ontepa', NULL, 'Қўрғонтепа', NULL, 'Куpгантепа', NULL),
(1724228550, 17, 24, 228, 550, 'Mirzaobod tumanining shaharchalari', NULL, 'Мирзаобод туманининг шаҳарчалари', NULL, 'Городские поселки Мирзаабадского района', NULL),
(1724228551, 17, 24, 228, 551, 'Navro\'z', NULL, 'Наврўз', NULL, 'Навруз', NULL),
(1724228552, 17, 24, 228, 552, 'Oqoltin', NULL, 'Оқолтин', NULL, 'Акалтин', NULL),
(1724228800, 17, 24, 228, 800, 'Mirzaobod tumanining qishloq fuqarolar yig\'inlari', NULL, 'Мирзаобод туманининг қишлоқ фуқаролар йиғинлари', NULL, 'Сельские сходы граждан Мирзаабадского района', NULL),
(1724228805, 17, 24, 228, 805, 'Bahoriston', NULL, 'Баҳористон', NULL, 'Бахористан', NULL),
(1724228818, 17, 24, 228, 818, 'Oqoltin', NULL, 'Оқолтин', NULL, 'Акалтын', NULL),
(1724228830, 17, 24, 228, 830, 'Mehnatobod', NULL, 'Меҳнатобод', NULL, 'Мехнатабад', NULL),
(1724228832, 17, 24, 228, 832, 'Mirzacho\'l', NULL, 'Мирзачўл', NULL, 'Мирзачуль', NULL),
(1724228835, 17, 24, 228, 835, 'Navbahor', NULL, 'Навбаҳор', NULL, 'Навбахор', NULL),
(1724228838, 17, 24, 228, 838, 'Toshkent', NULL, 'Тошкент', NULL, 'Ташкент', NULL),
(1724228845, 17, 24, 228, 845, 'Birlashgan', NULL, 'Бирлашган', NULL, 'Биpлашган', NULL),
(1724228860, 17, 24, 228, 860, 'Nurafshon', NULL, 'Нурафшон', NULL, 'Нуpафшан', NULL),
(1724228869, 17, 24, 228, 869, 'Yo\'ldoshobod', NULL, 'Йўлдошобод', NULL, 'Юлдашабад', NULL),
(1724231500, 17, 24, 231, 500, 'Sirdaryo tumanining tuman ahamiyatiga ega shaharlari', NULL, 'Сирдарё туманининг туман аҳамиятига эга шаҳарлари', NULL, 'Города районного подчинения Сырдарьинского района', NULL),
(1724231501, 17, 24, 231, 501, 'Sirdaryo', NULL, 'Сирдарё', NULL, 'Сыpдаpья', NULL),
(1724231503, 17, 24, 231, 503, 'Baxt', NULL, 'Бахт', NULL, 'Бахт', NULL),
(1724231550, 17, 24, 231, 550, 'Sirdaryo tumanining shaharchalari', NULL, 'Сирдарё туманининг  шаҳарчалари', NULL, 'Городские поселки Сырдарьинского района', NULL),
(1724231552, 17, 24, 231, 552, 'Quyosh', NULL, 'Қуёш', NULL, 'Куеш', NULL),
(1724231553, 17, 24, 231, 553, 'Malik', NULL, 'Малик', NULL, 'Малек', NULL),
(1724231554, 17, 24, 231, 554, 'Ziyokor', NULL, 'Зиёкор', NULL, 'Зиекор', NULL),
(1724231555, 17, 24, 231, 555, 'J.Mamanov', NULL, 'Ж.Маманов', NULL, 'Дж.Маманов', NULL),
(1724231800, 17, 24, 231, 800, 'Sirdaryo tumanining qishloq fuqarolar yig\'inlari', NULL, 'Сирдарё туманининг қишлоқ фуқаролар йиғинлари', NULL, 'Сельские сходы граждан Сырдарьинского района', NULL),
(1724231811, 17, 24, 231, 811, 'Xaqiqat', NULL, 'Хақиқат', NULL, 'Хакикат', NULL),
(1724231822, 17, 24, 231, 822, 'Turon', NULL, 'Турон', NULL, 'Туpон', NULL),
(1724231827, 17, 24, 231, 827, 'Xalqobod', NULL, 'Халқобод', NULL, 'Халкабад', NULL),
(1724231833, 17, 24, 231, 833, 'Malik', NULL, 'Малик', NULL, 'Малик', NULL),
(1724231844, 17, 24, 231, 844, 'Oydin', NULL, 'Ойдин', NULL, 'Ойдин', NULL),
(1724231848, 17, 24, 231, 848, 'Paxtazor', NULL, 'Пахтазор', NULL, 'Пахтазор', NULL),
(1724231855, 17, 24, 231, 855, 'Sirdaryo', NULL, 'Сирдарё', NULL, 'Сырдарья', NULL),
(1724231866, 17, 24, 231, 866, 'Cho\'lto\'qay', NULL, 'Чўлтўқай', NULL, 'Чултукай', NULL),
(1724231870, 17, 24, 231, 870, 'Sholikor', NULL, 'Шоликор', NULL, 'Шаликор', NULL),
(1724235550, 17, 24, 235, 550, 'Xovos tumanining shaharchalari', NULL, 'Ховос туманининг шаҳарчалари', NULL, 'Городские поселки Хавасского района', NULL),
(1724235551, 17, 24, 235, 551, 'Xovos', NULL, 'Ховос', NULL, 'Хавас', NULL),
(1724235553, 17, 24, 235, 553, 'Gulbahor', NULL, 'Гулбаҳор', NULL, 'Гулбахор', NULL),
(1724235800, 17, 24, 235, 800, 'Xovos tumanining qishloq fuqarolar yig\'inlari', NULL, 'Ховос туманининг қишлоқ фуқаролар йиғинлари', NULL, 'Сельские сходы граждан Хавасского района', NULL),
(1724235805, 17, 24, 235, 805, 'Binokor', NULL, 'Бинокор', NULL, 'Бинокор', NULL),
(1724235808, 17, 24, 235, 808, 'Gulbahor', NULL, 'Гулбаҳор', NULL, 'Гульбахор', NULL),
(1724235813, 17, 24, 235, 813, 'Zafarobod', NULL, 'Зафаробод', NULL, 'Зафарабад', NULL),
(1724235817, 17, 24, 235, 817, 'Paxtakor', NULL, 'Пахтакор', NULL, 'Пахтакор', NULL),
(1724235820, 17, 24, 235, 820, 'Soxibkor', NULL, 'Сохибкор', NULL, 'Сахибкор', NULL),
(1724235821, 17, 24, 235, 821, 'Turkiston', NULL, 'Туркистон', NULL, 'Туpкистан', NULL),
(1724235822, 17, 24, 235, 822, 'Farxod', NULL, 'Фарход', NULL, 'Фархад', NULL),
(1724235835, 17, 24, 235, 835, 'Xovotog\'', NULL, 'Ховотоғ', NULL, 'Хаватаг', NULL),
(1724235837, 17, 24, 235, 837, 'Xusnobod', NULL, 'Хуснобод', NULL, 'Хуснабад', NULL),
(1724235839, 17, 24, 235, 839, 'Chamanzor', NULL, 'Чаманзор', NULL, 'Чаманзар', NULL),
(1724235843, 17, 24, 235, 843, 'Qahramon', NULL, 'Қаҳрамон', NULL, 'Кахрамон', NULL),
(1724401800, 17, 24, 401, 800, 'Guliston shahar hokimiyatiga qarashli qishloq fuqarolar yig\'inlari', NULL, 'Гулистон шаҳар ҳокимиятига қарашли қишлоқ фуқаролар йиғинлари', NULL, 'Сельские сходы гр-н, подч. Гулистанскому горхок-ту', NULL),
(1724401807, 17, 24, 401, 807, 'Ulug\'obod', NULL, 'Улуғобод', NULL, 'Улугабад', NULL),
(1724401810, 17, 24, 401, 810, 'Do\'stlik', NULL, 'Дўстлик', NULL, 'Дустлик', NULL),
(1724401815, 17, 24, 401, 815, 'Bahor', NULL, 'Баҳор', NULL, 'Бахор', NULL),
(1726269550, 17, 26, 269, 550, 'Mirzo Ulug\'bek tumani hokimiyatiga qarashli shaharlar', NULL, 'Мирзо Улуғбек тумани ҳокимиятига қарашли шаҳарлар', NULL, 'Городские поселки,подч. хок-ту М.Улугбекского р-на', NULL),
(1726269558, 17, 26, 269, 558, 'Ulug\'bek', NULL, 'Улуғбек', NULL, 'Улугбек', NULL),
(1727206500, 17, 27, 206, 500, 'Oqqo\'rg\'on tumanining tuman ahamiyatiga ega shaharlari', NULL, 'Оққўрғон туманининг туман аҳамиятига эга шаҳарлари', NULL, 'Города районного подчинения Аккурганского района', NULL),
(1727206501, 17, 27, 206, 501, 'Oqqo\'rg\'on', NULL, 'Оққўрғон', NULL, 'Аккурган', NULL),
(1727206550, 17, 27, 206, 550, 'Oqqo\'rg\'on tumanining shaharchalari', NULL, 'Оққўрғон туманининг шаҳарчалари', NULL, 'Городские поселки Аккуpганского pайона', NULL),
(1727206554, 17, 27, 206, 554, 'Olimkent', NULL, 'Олимкент', NULL, 'Алимкент', NULL),
(1727206558, 17, 27, 206, 558, 'Hamzaobod', NULL, 'Ҳамзаобод', NULL, 'Хамзаабад', NULL),
(1727206800, 17, 27, 206, 800, 'Oqqo\'rg\'on tumanining qishloq fuqarolar yig\'inlari', NULL, 'Оққўрғон туманининг қишлоқ фуқаролар йиғинлари', NULL, 'Сельские сходы граждан Аккурганского района', NULL),
(1727206804, 17, 27, 206, 804, 'Oytamg\'ali', NULL, 'Ойтамғали', NULL, 'Айтамгали', NULL),
(1727206806, 17, 27, 206, 806, 'Oqqo\'rg\'on', NULL, 'Оққўрғон', NULL, 'Аккурган', NULL),
(1727206808, 17, 27, 206, 808, 'Achchi', NULL, 'Аччи', NULL, 'Аччи', NULL),
(1727206820, 17, 27, 206, 820, 'Do\'stlik', NULL, 'Дўстлик', NULL, 'Дустлик', NULL),
(1727206822, 17, 27, 206, 822, 'Zarbdor', NULL, 'Зарбдор', NULL, 'Зарбдар', NULL),
(1727206824, 17, 27, 206, 824, 'Shoxruxiya', NULL, 'Шохрухия', NULL, 'Шохрухия', NULL),
(1727206838, 17, 27, 206, 838, 'Erkinlik', NULL, 'Эркинлик', NULL, 'Эpкинлик', NULL),
(1727206846, 17, 27, 206, 846, 'Zafar', NULL, 'Зафар', NULL, 'Зафар', NULL),
(1727206854, 17, 27, 206, 854, 'Toshto\'g\'on', NULL, 'Тоштўғон', NULL, 'Таштуган', NULL),
(1727206865, 17, 27, 206, 865, 'Eltamg\'ali', NULL, 'Элтамғали', NULL, 'Элтамгалы', NULL),
(1727212550, 17, 27, 212, 550, 'Ohangaron tumanining shaharchalari', NULL, 'Оҳангарон туманининг шаҳарчалари', NULL, 'Городские поселки Ахангаранского района', NULL),
(1727212552, 17, 27, 212, 552, 'Yon-ariq', NULL, 'Ён-ариқ', NULL, 'Ен-арик', NULL),
(1727212554, 17, 27, 212, 554, 'Qora Xitoy', NULL, 'Қора Хитой', NULL, 'Каракитай', NULL),
(1727212556, 17, 27, 212, 556, 'Telov', NULL, 'Телов', NULL, 'Телов', NULL),
(1727212558, 17, 27, 212, 558, 'Eyvalek', NULL, 'Эйвалек', NULL, 'Эйвалек', NULL),
(1727212800, 17, 27, 212, 800, 'Ohangaron tumanining qishloq fuqarolar yig\'inlari', NULL, 'Оҳангарон туманининг қишлоқ фуқаролар йиғинлари', NULL, 'Сельские сходы граждан Ахангаранского района', NULL),
(1727212811, 17, 27, 212, 811, 'Uvaq', NULL, 'Увақ', NULL, 'Увак', NULL),
(1727212814, 17, 27, 212, 814, 'Birlik', NULL, 'Бирлик', NULL, 'Бирлик', NULL),
(1727212820, 17, 27, 212, 820, 'Do\'stlik', NULL, 'Дўстлик', NULL, 'Дустлик', NULL),
(1727212822, 17, 27, 212, 822, 'Qurama', NULL, 'Қурама', NULL, 'Курама', NULL),
(1727212833, 17, 27, 212, 833, 'Qora xitoy', NULL, 'Қора хитой', NULL, 'Карахтай', NULL),
(1727212846, 17, 27, 212, 846, 'Ozodlik', NULL, 'Озодлик', NULL, 'Озодлик', NULL),
(1727212854, 17, 27, 212, 854, 'Susam', NULL, 'Сусам', NULL, 'Сусам', NULL),
(1727212865, 17, 27, 212, 865, 'Telov', NULL, 'Телов', NULL, 'Телав', NULL),
(1727220550, 17, 27, 220, 550, 'Bekobod tumanining shaharchalari', NULL, 'Бекобод туманининг шаҳарчалари', NULL, 'Городские поселки Бекабадского района', NULL),
(1727220551, 17, 27, 220, 551, 'Zafar', NULL, 'Зафар', NULL, 'Зафар', NULL),
(1727220553, 17, 27, 220, 553, 'Bobur', NULL, 'Бобур', NULL, 'Бобур', NULL),
(1727220557, 17, 27, 220, 557, 'Ko\'rkam', NULL, 'Кўркам', NULL, 'Куркам', NULL),
(1727220559, 17, 27, 220, 559, 'Xos', NULL, 'Хос', NULL, 'Хос', NULL),
(1727220561, 17, 27, 220, 561, 'Gulzor', NULL, 'Гулзор', NULL, 'Гулзор', NULL),
(1727220800, 17, 27, 220, 800, 'Bekobod tumanining qishloq fuqarolar yig\'inlari', NULL, 'Бекобод  туманининг қишлоқ фуқаролар йиғинлари', NULL, 'Сельские сходы граждан Бекабадского района', NULL),
(1727220804, 17, 27, 220, 804, 'Mo\'yinqum', NULL, 'Мўйинқум', NULL, 'Муйинкум', NULL),
(1727220808, 17, 27, 220, 808, 'Bahoriston', NULL, 'Баҳористон', NULL, 'Бахористан', NULL),
(1727220811, 17, 27, 220, 811, 'Bekobod', NULL, 'Бекобод', NULL, 'Бекабад', NULL),
(1727220822, 17, 27, 220, 822, 'Dalvarzin', NULL, 'Далварзин', NULL, 'Дальверзин', NULL),
(1727220825, 17, 27, 220, 825, 'Guliston', NULL, 'Гулистон', NULL, 'Гулистан', NULL),
(1727220827, 17, 27, 220, 827, 'Madaniyat', NULL, 'Маданият', NULL, 'Маданият', NULL),
(1727220835, 17, 27, 220, 835, 'Jumabozor', NULL, 'Жумабозор', NULL, 'Джумабазар', NULL),
(1727220846, 17, 27, 220, 846, 'Qiyot', NULL, 'Қиёт', NULL, 'Кият', NULL),
(1727220857, 17, 27, 220, 857, 'Mehnatobod', NULL, 'Меҳнатобод', NULL, 'Мехнатабад', NULL),
(1727220868, 17, 27, 220, 868, 'Yangiqo\'rg\'on', NULL, 'Янгиқўрғон', NULL, 'Янгикургон', NULL),
(1727220879, 17, 27, 220, 879, 'Chanoq', NULL, 'Чаноқ', NULL, 'Чанак', NULL),
(1727220890, 17, 27, 220, 890, 'Yangi hayot', NULL, 'Янги ҳаёт', NULL, 'Янгихаят', NULL),
(1727224500, 17, 27, 224, 500, 'Bo\'stonliq tumanining tuman ahamiyatiga ega shaharlari', NULL, 'Бўстонлиқ туманининг туман аҳамиятига эга шаҳарлари', NULL, 'Города районного подчинения Бостанлыкского района', NULL),
(1727224501, 17, 27, 224, 501, 'G\'azalkent', NULL, 'Ғазалкент', NULL, 'Газалкент', NULL),
(1727224550, 17, 27, 224, 550, 'Bo\'stonliq tumanining shaharchalari', NULL, 'Бўстонлиқ туманининг  шаҳарчалари', NULL, 'Городские поселки Бостанлыкского района', NULL),
(1727224554, 17, 27, 224, 554, 'Iskandar', NULL, 'Искандар', NULL, 'Искандар', NULL),
(1727224558, 17, 27, 224, 558, 'Chorvoq', NULL, 'Чорвоқ', NULL, 'Чарвак', NULL),
(1727224560, 17, 27, 224, 560, 'Burchmullo', NULL, 'Бурчмулло', NULL, 'Бурчмулло', NULL),
(1727224562, 17, 27, 224, 562, 'Pargos', NULL, 'Паргос', NULL, 'Паргос', NULL),
(1727224564, 17, 27, 224, 564, 'Sari qanli', NULL, 'Сари қанли', NULL, 'Сари Канли', NULL),
(1727224566, 17, 27, 224, 566, 'Sobir Raximov', NULL, 'Собир Рахимов', NULL, 'Собир Рахимов', NULL),
(1727224568, 17, 27, 224, 568, 'Soyliq', NULL, 'Сойлиқ', NULL, 'Сойлик', NULL),
(1727224572, 17, 27, 224, 572, 'Talpin', NULL, 'Талпин', NULL, 'Талпин', NULL),
(1727224574, 17, 27, 224, 574, 'Tulabe', NULL, 'Тулабе', NULL, 'Тулабе', NULL),
(1727224576, 17, 27, 224, 576, 'Uyenqulsoy', NULL, 'Уенқулсой', NULL, 'Уенкулсай', NULL),
(1727224578, 17, 27, 224, 578, 'Xumsan', NULL, 'Хумсан', NULL, 'Хумсон', NULL),
(1727224582, 17, 27, 224, 582, 'Ho\'ja', NULL, 'Ҳўжа', NULL, 'Хужа', NULL),
(1727224584, 17, 27, 224, 584, 'Xo\'jakent', NULL, 'Хўжакент', NULL, 'Хужакент', NULL),
(1727224586, 17, 27, 224, 586, 'Chinor', NULL, 'Чинор', NULL, 'Чинор', NULL),
(1727224588, 17, 27, 224, 588, 'Qoronqul', NULL, 'Қоронқул', NULL, 'Коронкул', NULL),
(1727224592, 17, 27, 224, 592, 'Qurbonov nomli', NULL, 'Қурбонов номли', NULL, 'Курбонов', NULL),
(1727224594, 17, 27, 224, 594, 'Qo\'shqo\'rg\'on', NULL, 'Қўшқўрғон', NULL, 'Кушкурган', NULL),
(1727224800, 17, 27, 224, 800, 'Bo\'stonliq tumanining qishloq fuqarolar yig\'inlari', NULL, 'Бўстонлиқ  туманининг қишлоқ фуқаролар йиғинлари', NULL, 'Сельские сходы граждан Бостанлыкского района', NULL),
(1727224810, 17, 27, 224, 810, 'Bo\'stonliq', NULL, 'Бўстонлиқ', NULL, 'Бостанлык', NULL),
(1727224815, 17, 27, 224, 815, 'Chimgan', NULL, 'Чимган', NULL, 'Чимган', NULL),
(1727224822, 17, 27, 224, 822, 'G\'azalkent', NULL, 'Ғазалкент', NULL, 'Газалкент', NULL),
(1727224827, 17, 27, 224, 827, 'Xumsan', NULL, 'Хумсан', NULL, 'Хумсан', NULL),
(1727224833, 17, 27, 224, 833, 'Dumaloq', NULL, 'Думалоқ', NULL, 'Думалак', NULL),
(1727224835, 17, 27, 224, 835, 'Nanay', NULL, 'Нанай', NULL, 'Нанай', NULL),
(1727224838, 17, 27, 224, 838, 'Qoramanas', NULL, 'Қораманас', NULL, 'Караманас', NULL),
(1727224845, 17, 27, 224, 845, 'Qo\'shqo\'rg\'on', NULL, 'Қўшқўрғон', NULL, 'Кошкурган', NULL),
(1727224850, 17, 27, 224, 850, 'Chimboyliq', NULL, 'Чимбойлиқ', NULL, 'Чимбайлык', NULL),
(1727224856, 17, 27, 224, 856, 'Soyliq', NULL, 'Сойлиқ', NULL, 'Сайлык', NULL),
(1727224860, 17, 27, 224, 860, 'Sijjak', NULL, 'Сижжак', NULL, 'Сиджак', NULL),
(1727224865, 17, 27, 224, 865, 'Pargos', NULL, 'Паргос', NULL, 'Паpгос', NULL),
(1727224867, 17, 27, 224, 867, 'Pskom', NULL, 'Пском', NULL, 'Пском', NULL),
(1727224878, 17, 27, 224, 878, 'Xo\'jakent', NULL, 'Хўжакент', NULL, 'Хужакент', NULL),
(1727224889, 17, 27, 224, 889, 'Xondoyliq', NULL, 'Хондойлиқ', NULL, 'Хандайлык', NULL),
(1727224893, 17, 27, 224, 893, 'Yangi ovul', NULL, 'Янги овул', NULL, 'Янгиаул', NULL),
(1727224895, 17, 27, 224, 895, 'Azadbash', NULL, 'Азадбаш', NULL, 'Азадбаш', NULL),
(1727224897, 17, 27, 224, 897, 'Bog\'iston', NULL, 'Боғистон', NULL, 'Богустан', NULL),
(1727228500, 17, 27, 228, 500, 'Bo\'ka tumanining tuman ahamiyatiga ega shaharlari', NULL, 'Бўка туманининг туман аҳамиятига эга шаҳарлари', NULL, 'Города районного подчинения Букинского района', NULL),
(1727228501, 17, 27, 228, 501, 'Bo\'ka', NULL, 'Бўка', NULL, 'Бука', NULL),
(1727228800, 17, 27, 228, 800, 'Bo\'ka tumanining qishloq fuqarolar yig\'inlari', NULL, 'Бўка  туманининг қишлоқ фуқаролар йиғинлари', NULL, 'Сельские сходы граждан Букинского района', NULL),
(1727228803, 17, 27, 228, 803, 'Iftixor', NULL, 'Ифтихор', NULL, 'Ифтихор', NULL),
(1727228811, 17, 27, 228, 811, 'Qoraqo\'yli', NULL, 'Қорақўйли', NULL, 'Каракуйли', NULL),
(1727228822, 17, 27, 228, 822, 'Turon', NULL, 'Турон', NULL, 'Туpон', NULL),
(1727228833, 17, 27, 228, 833, 'Ko\'korol', NULL, 'Кўкорол', NULL, 'Кокарал', NULL),
(1727228835, 17, 27, 228, 835, 'Qo\'shtepa', NULL, 'Қўштепа', NULL, 'Коштепа', NULL),
(1727228844, 17, 27, 228, 844, 'Namuna', NULL, 'Намуна', NULL, 'Намуна', NULL),
(1727228855, 17, 27, 228, 855, 'Rovot', NULL, 'Ровот', NULL, 'Рават', NULL),
(1727228866, 17, 27, 228, 866, 'Chig\'atoy', NULL, 'Чиғатой', NULL, 'Чигатай', NULL),
(1727233500, 17, 27, 233, 500, 'Quyichirchiq t-nining tuman ahamiyatiga ega sh-lari', NULL, 'Қуйичирчиқ т-нининг туман аҳамиятига эга ш-лари', NULL, 'Города районного подчинения Куйичирчикского района', NULL),
(1727233501, 17, 27, 233, 501, 'Do\'stobod', NULL, 'Дўстобод', NULL, 'Дустобод', NULL),
(1727233550, 17, 27, 233, 550, 'Quyichirchiq tumanining shaharchalari', NULL, 'Қуйичирчиқ туманининг шаҳарчалари', NULL, 'Городские поселки Куйичирчикского района', NULL),
(1727233552, 17, 27, 233, 552, 'Qo\'rg\'oncha', NULL, 'Қўрғонча', NULL, 'Курганча', NULL),
(1727233554, 17, 27, 233, 554, 'Paxtazor', NULL, 'Пахтазор', NULL, 'Пахтазор', NULL),
(1727233800, 17, 27, 233, 800, 'Quyichirchiq tumanining qishloq fuqarolar yig\'inlari', NULL, 'Қуйичирчиқ туманининг қишлоқ фуқаролар йиғинлари', NULL, 'Сельские сходы граждан Куйичирчикского района', NULL),
(1727233804, 17, 27, 233, 804, 'Gul', NULL, 'Гул', NULL, 'Гуль', NULL),
(1727233810, 17, 27, 233, 810, 'Ketmontepa', NULL, 'Кетмонтепа', NULL, 'Кетментепа', NULL),
(1727233815, 17, 27, 233, 815, 'Maydontol', NULL, 'Майдонтол', NULL, 'Майдантал', NULL),
(1727233830, 17, 27, 233, 830, 'Qo\'rg\'oncha', NULL, 'Қўрғонча', NULL, 'Курганча', NULL),
(1727233840, 17, 27, 233, 840, 'Ma\'naviyat', NULL, 'Маънавият', NULL, 'Маънавият', NULL),
(1727233850, 17, 27, 233, 850, 'Ma\'rifat', NULL, 'Маърифат', NULL, 'Маърифат', NULL),
(1727233860, 17, 27, 233, 860, 'O\'zbekiston', NULL, 'Ўзбекистон', NULL, 'Узбекистан', NULL),
(1727233870, 17, 27, 233, 870, 'Toshovul', NULL, 'Тошовул', NULL, 'Ташаул', NULL),
(1727233872, 17, 27, 233, 872, 'Toshloq', NULL, 'Тошлоқ', NULL, 'Ташлак', NULL),
(1727237550, 17, 27, 237, 550, 'Zangiota tumanining shaharchalari', NULL, 'Зангиота туманининг шаҳарчалари', NULL, 'Городские поселки Зангиатинского района', NULL),
(1727237552, 17, 27, 237, 552, 'Eshonguzar', NULL, 'Эшонгузар', NULL, 'Эшангузар', NULL),
(1727237558, 17, 27, 237, 558, 'O\'rtaovul', NULL, 'Ўртаовул', NULL, 'Уртааул', NULL),
(1727237562, 17, 27, 237, 562, 'Xonabod', NULL, 'Хонабод', NULL, 'Ханабад', NULL),
(1727237564, 17, 27, 237, 564, 'Erkin', NULL, 'Эркин', NULL, 'Эркин', NULL),
(1727237566, 17, 27, 237, 566, 'Quyoshli', NULL, 'Қуёшли', NULL, 'Куешли', NULL),
(1727237568, 17, 27, 237, 568, 'Daliguzar', NULL, 'Далигузар', NULL, 'Далигузар', NULL),
(1727237571, 17, 27, 237, 571, 'Pastdarxon', NULL, 'Пастдархон', NULL, 'Пасдархон', NULL),
(1727237572, 17, 27, 237, 572, 'Tarnov', NULL, 'Тарнов', NULL, 'Тарнов', NULL),
(1727237574, 17, 27, 237, 574, 'Zangiota', NULL, 'Зангиота', NULL, 'Зангиата', NULL),
(1727237576, 17, 27, 237, 576, 'Nazarbek', NULL, 'Назарбек', NULL, 'Назарбек', NULL),
(1727237578, 17, 27, 237, 578, 'Axmad Yassaviy', NULL, 'Ахмад Яссавий', NULL, 'Ахмад Яссавий', NULL),
(1727237582, 17, 27, 237, 582, 'Ulug\'bek', NULL, 'Улуғбек', NULL, 'Улугбек', NULL),
(1727237800, 17, 27, 237, 800, 'Zangiota tumanining qishloq fuqarolar yig\'inlari', NULL, 'Зангиота туманининг қишлоқ фуқаролар йиғинлари', NULL, 'Сельские сходы граждан Зангиатинского района', NULL),
(1727237809, 17, 27, 237, 809, 'Turkiston', NULL, 'Туркистон', NULL, 'Туркистон', NULL),
(1727237818, 17, 27, 237, 818, 'Qatortol', NULL, 'Қатортол', NULL, 'Катартал', NULL),
(1727237832, 17, 27, 237, 832, 'Chig\'atoy-Oqtepa', NULL, 'Чиғатой-Оқтепа', NULL, 'Чигатай-Актепа', NULL),
(1727237836, 17, 27, 237, 836, 'Nazarbek', NULL, 'Назарбек', NULL, 'Назарбек', NULL),
(1727237840, 17, 27, 237, 840, 'Zangiota', NULL, 'Зангиота', NULL, 'Зангиата', NULL),
(1727237852, 17, 27, 237, 852, 'O\'zgarish', NULL, 'Ўзгариш', NULL, 'Узгариш', NULL),
(1727237859, 17, 27, 237, 859, 'Boz-su', NULL, 'Боз-су', NULL, 'Боз-су', NULL),
(1727237870, 17, 27, 237, 870, 'Honobod', NULL, 'Ҳонобод', NULL, 'Ханабад', NULL),
(1727237875, 17, 27, 237, 875, 'Erkin', NULL, 'Эркин', NULL, 'Эркин', NULL),
(1727239550, 17, 27, 239, 550, 'Yuqorichirchiq tumanining shaharchalari', NULL, 'Юқоричирчиқ туманининг шаҳарчалари', NULL, 'Городские поселки Юкоричирчикского района', NULL),
(1727239551, 17, 27, 239, 551, 'Yangibozor', NULL, 'Янгибозор', NULL, 'Янгибазар', NULL),
(1727239553, 17, 27, 239, 553, 'Mirobod', NULL, 'Миробод', NULL, 'Мирабад', NULL),
(1727239555, 17, 27, 239, 555, 'Xitoy Tepa', NULL, 'Хитой Тепа', NULL, 'Китай тепа', NULL),
(1727239800, 17, 27, 239, 800, 'Yuqorichirchiq tumanining qishloq fuqarolar yig\'inlari', NULL, 'Юқоричирчиқ туманининг қишлоқ фуқаролар йиғинлари', NULL, 'Сельские сходы граждан Юкоричирчикского района', NULL),
(1727239806, 17, 27, 239, 806, 'Oqovul', NULL, 'Оқовул', NULL, 'Акаоул', NULL),
(1727239812, 17, 27, 239, 812, 'Arganchi', NULL, 'Арганчи', NULL, 'Арганчи', NULL),
(1727239823, 17, 27, 239, 823, 'Bordonko\'l', NULL, 'Бордонкўл', NULL, 'Барданкуль', NULL),
(1727239830, 17, 27, 239, 830, 'Jambul', NULL, 'Жамбул', NULL, 'Джамбул', NULL),
(1727239835, 17, 27, 239, 835, 'Sakson ota', NULL, 'Саксон ота', NULL, 'Саксан-ата', NULL),
(1727239840, 17, 27, 239, 840, 'Navro\'z', NULL, 'Наврўз', NULL, 'Навруз', NULL),
(1727239867, 17, 27, 239, 867, 'Istiqlol', NULL, 'Истиқлол', NULL, 'Истиклол', NULL),
(1727239882, 17, 27, 239, 882, 'Surnkent', NULL, 'Сурнкент', NULL, 'Суранкент', NULL),
(1727239885, 17, 27, 239, 885, 'Tinchlik', NULL, 'Тинчлик', NULL, 'Тинчлик', NULL),
(1727248550, 17, 27, 248, 550, 'Qibray tumanining shaharchalari', NULL, 'Қибрай туманининг шаҳарчалари', NULL, 'Городские поселки Кибрайского района', NULL),
(1727248551, 17, 27, 248, 551, 'Qibray', NULL, 'Қибрай', NULL, 'Кибрай', NULL),
(1727248556, 17, 27, 248, 556, 'Salar', NULL, 'Салар', NULL, 'Салар', NULL),
(1727248558, 17, 27, 248, 558, 'Argin', NULL, 'Аргин', NULL, 'Аргин', NULL),
(1727248559, 17, 27, 248, 559, 'Taraqqiyot', NULL, 'ТарақҚиёт', NULL, 'Тараккиет', NULL),
(1727248561, 17, 27, 248, 561, 'Alisherobod', NULL, 'Алишеробод', NULL, 'Алишерабад', NULL),
(1727248563, 17, 27, 248, 563, 'Geofizika', NULL, 'Геофизика', NULL, 'Геофизика', NULL),
(1727248565, 17, 27, 248, 565, 'Do\'rmon', NULL, 'Дўрмон', NULL, 'Дурмон', NULL),
(1727248567, 17, 27, 248, 567, 'Yoshlik', NULL, 'Ёшлик', NULL, 'Ешлик', NULL),
(1727248569, 17, 27, 248, 569, 'Ko\'prik boshi', NULL, 'Кўприк боши', NULL, 'Куприк боши', NULL),
(1727248571, 17, 27, 248, 571, 'Madaniyat', NULL, 'Маданият', NULL, 'Маданият', NULL),
(1727248573, 17, 27, 248, 573, 'Mustaqillik', NULL, 'Мустақиллик', NULL, 'Мустакиллик', NULL),
(1727248575, 17, 27, 248, 575, 'Nurafshon', NULL, 'Нурафшон', NULL, 'Нурафшон', NULL),
(1727248577, 17, 27, 248, 577, 'Uymaut', NULL, 'Уймаут', NULL, 'Уймамут', NULL),
(1727248579, 17, 27, 248, 579, 'Unqo\'rg\'on-1', NULL, 'Унқўрғон-1', NULL, 'Ункургон-1', NULL),
(1727248581, 17, 27, 248, 581, 'O\'tkir', NULL, 'Ўткир', NULL, 'Уткир', NULL),
(1727248583, 17, 27, 248, 583, 'X.Amirov', NULL, 'Х.Амиров', NULL, 'Х.Амиров', NULL),
(1727248800, 17, 27, 248, 800, 'Qibray tumanining qishloq fuqarolar yig\'inlari', NULL, 'Қибрай туманининг қишлоқ фуқаролар йиғинлари', NULL, 'Сельские сходы граждан Кибрайского района', NULL),
(1727248811, 17, 27, 248, 811, 'Baytqo\'rg\'on', NULL, 'Байтқўрғон', NULL, 'Байткурган', NULL),
(1727248820, 17, 27, 248, 820, 'Yangiobod', NULL, 'Янгиобод', NULL, 'Янгиабад', NULL),
(1727248844, 17, 27, 248, 844, 'Unqo\'rg\'on', NULL, 'Унқўрғон', NULL, 'Ункурган', NULL),
(1727248848, 17, 27, 248, 848, 'Qipchoq', NULL, 'Қипчоқ', NULL, 'Кипчак', NULL),
(1727248855, 17, 27, 248, 855, 'Zafarobod', NULL, 'Зафаробод', NULL, 'Зафаробод', NULL),
(1727248860, 17, 27, 248, 860, 'Oq-qovoq', NULL, 'Оқ-қовоқ', NULL, 'Окковок', NULL),
(1727248866, 17, 27, 248, 866, 'Do\'rmon', NULL, 'Дўрмон', NULL, 'Дурмон', NULL),
(1727248877, 17, 27, 248, 877, 'Tuzel', NULL, 'Тузел', NULL, 'Тузель', NULL),
(1727248888, 17, 27, 248, 888, 'Chinobod', NULL, 'Чинобод', NULL, 'Чинабад', NULL),
(1727248895, 17, 27, 248, 895, 'Yon-ariq', NULL, 'Ён-ариқ', NULL, 'Енарык', NULL),
(1727249500, 17, 27, 249, 500, 'Parkent tumanining tuman ahamiyatiga ega shaharlari', NULL, 'Паркент туманининг туман аҳамиятига эга шаҳарлари', NULL, 'Города районного подчинения Паркентского района', NULL),
(1727249501, 17, 27, 249, 501, 'Parkent', NULL, 'Паркент', NULL, 'Паркент', NULL),
(1727249550, 17, 27, 249, 550, 'Parkent tumanining shaharchalari', NULL, 'Паркент туманининг шаҳарчалари', NULL, 'Городские поселки Паркентского района', NULL),
(1727249553, 17, 27, 249, 553, 'Quyosh', NULL, 'Қуёш', NULL, 'Куеш', NULL),
(1727249555, 17, 27, 249, 555, 'Qo\'rg\'ontepa', NULL, 'Қўрғонтепа', NULL, 'Кургантепа', NULL),
(1727249557, 17, 27, 249, 557, 'Chinorli', NULL, 'Чинорли', NULL, 'Чинорли', NULL),
(1727249800, 17, 27, 249, 800, 'Parkent tumanining qishloq fuqarolar yig\'inlari', NULL, 'Паркент туманининг қишлоқ фуқаролар йиғинлари', NULL, 'Сельские сходы граждан Паркентского района', NULL),
(1727249811, 17, 27, 249, 811, 'Zarkent', NULL, 'Заркент', NULL, 'Заркент', NULL),
(1727249815, 17, 27, 249, 815, 'Qoraqalpoq', NULL, 'Қорақалпоқ', NULL, 'Каракалпак', NULL),
(1727249817, 17, 27, 249, 817, 'Bo\'ston', NULL, 'Бўстон', NULL, 'Бустан', NULL),
(1727249825, 17, 27, 249, 825, 'Nomdanak', NULL, 'Номданак', NULL, 'Намданак', NULL),
(1727249830, 17, 27, 249, 830, 'Parkent', NULL, 'Паркент', NULL, 'Паркент', NULL),
(1727249836, 17, 27, 249, 836, 'So\'qoq', NULL, 'Сўқоқ', NULL, 'Сукок', NULL),
(1727249850, 17, 27, 249, 850, 'Xisarak', NULL, 'Хисарак', NULL, 'Хисарак', NULL),
(1727249855, 17, 27, 249, 855, 'Boshqizilsoy', NULL, 'Бошқизилсой', NULL, 'Бошкизилсой', NULL),
(1727249860, 17, 27, 249, 860, 'Changi', NULL, 'Чанги', NULL, 'Чанги', NULL),
(1727250500, 17, 27, 250, 500, 'Pskent tumanining tuman ahamiyatiga ega shaharlari', NULL, 'Пскент туманининг туман аҳамиятига эга шаҳарлари', NULL, 'Города районного подчинения Пскентского района', NULL),
(1727250501, 17, 27, 250, 501, 'Pskent', NULL, 'Пскент', NULL, 'Пскент', NULL),
(1727250550, 17, 27, 250, 550, 'Pskent tumanining shaharchalari', NULL, 'Пскент туманининг  шаҳарчалари', NULL, 'Городские поселки Пскентского района', NULL),
(1727250554, 17, 27, 250, 554, 'Muratali', NULL, 'Муратали', NULL, 'Муротали', NULL),
(1727250558, 17, 27, 250, 558, 'Said', NULL, 'Саид', NULL, 'Саид', NULL),
(1727250800, 17, 27, 250, 800, 'Pskent tumanining qishloq fuqarolar yig\'inlari', NULL, 'Пскент туманининг қишлоқ фуқаролар йиғинлари', NULL, 'Сельские сходы граждан Пскентского района', NULL),
(1727250811, 17, 27, 250, 811, 'Oq tepa', NULL, 'Оқ тепа', NULL, 'Актепа', NULL),
(1727250822, 17, 27, 250, 822, 'Dungqo\'rg\'on', NULL, 'Дунгқўрғон', NULL, 'Дунгкурган', NULL),
(1727250833, 17, 27, 250, 833, 'Kelovchi', NULL, 'Келовчи', NULL, 'Керавчи', NULL),
(1727250844, 17, 27, 250, 844, 'Murotali', NULL, 'Муротали', NULL, 'Муратали', NULL),
(1727250855, 17, 27, 250, 855, 'Koriz', NULL, 'Кориз', NULL, 'Кариз', NULL),
(1727250860, 17, 27, 250, 860, 'Said', NULL, 'Саид', NULL, 'Саид', NULL),
(1727253550, 17, 27, 253, 550, 'O\'rtachirchiq tumanining shaharchalari', NULL, 'Ўртачирчиқ туманининг шаҳарчалари', NULL, 'Городские поселки Уртачирчикского района', NULL),
(1727253555, 17, 27, 253, 555, 'Tuyabo\'g\'iz', NULL, 'Туябўғиз', NULL, 'Туябугуз', NULL),
(1727253561, 17, 27, 253, 561, 'Kuchluk', NULL, 'Кучлук', NULL, 'Кучлик', NULL),
(1727253565, 17, 27, 253, 565, 'Qorasuv', NULL, 'Қорасув', NULL, 'Корасув', NULL),
(1727253569, 17, 27, 253, 569, 'Sholikor', NULL, 'Шоликор', NULL, 'Шоликор', NULL),
(1727253800, 17, 27, 253, 800, 'O\'rtachirchiq tumanining qishloq fuqarolar yig\'inlari', NULL, 'Ўртачирчиқ туманининг қишлоқ фуқаролар йиғинлари', NULL, 'Сельские сходы граждан Уртачирчикского района', NULL),
(1727253808, 17, 27, 253, 808, 'Angor', NULL, 'Ангор', NULL, 'Ангар', NULL),
(1727253813, 17, 27, 253, 813, 'Qumovul', NULL, 'Қумовул', NULL, 'Кумовул', NULL),
(1727253820, 17, 27, 253, 820, 'Qorasuv', NULL, 'Қорасув', NULL, 'Карасу', NULL),
(1727253832, 17, 27, 253, 832, 'Oq ota', NULL, 'Оқ ота', NULL, 'Ок- ота', NULL),
(1727253834, 17, 27, 253, 834, 'Haqiqat', NULL, 'Ҳақиқат', NULL, 'Хакикат', NULL),
(1727253841, 17, 27, 253, 841, 'Navoiy nomli', NULL, 'Навоий номли', NULL, 'им. Навои', NULL),
(1727253849, 17, 27, 253, 849, 'Yo\'ng\'ichqala', NULL, 'Йўнғичқала', NULL, 'Юнучкала', NULL),
(1727253860, 17, 27, 253, 860, 'Paxtaobod', NULL, 'Пахтаобод', NULL, 'Пахтаабад', NULL),
(1727253863, 17, 27, 253, 863, 'Paxtakor', NULL, 'Пахтакор', NULL, 'Пахтакор', NULL),
(1727253865, 17, 27, 253, 865, 'O\'rtasaroy', NULL, 'Ўртасарой', NULL, 'Урта-Сарай', NULL),
(1727253871, 17, 27, 253, 871, 'Istiqbol', NULL, 'Истиқбол', NULL, 'Истикбол', NULL),
(1727253875, 17, 27, 253, 875, 'Yangi turmush', NULL, 'Янги турмуш', NULL, 'Янгитурмуш', NULL),
(1727253880, 17, 27, 253, 880, 'Uyshun', NULL, 'Уйшун', NULL, 'Уйшун', NULL),
(1727256500, 17, 27, 256, 500, 'Chinoz tumanining tuman ahamiyatiga ega shaharlari', NULL, 'Чиноз  туманининг туман аҳамиятига эга шаҳарлари', NULL, 'Города районного подчинения Чиназского района', NULL),
(1727256501, 17, 27, 256, 501, 'Chinoz', NULL, 'Чиноз', NULL, 'Чиназ', NULL),
(1727256550, 17, 27, 256, 550, 'Chinoz tumanining shaharchalari', NULL, 'Чиноз  туманининг шаҳарчалари', NULL, 'Городские поселки Чиназского района', NULL),
(1727256553, 17, 27, 256, 553, 'Olmazor', NULL, 'Олмазор', NULL, 'Алмазар', NULL),
(1727256555, 17, 27, 256, 555, 'Yangi Chinoz', NULL, 'Янги Чиноз', NULL, 'Янги Чиназ', NULL),
(1727256557, 17, 27, 256, 557, 'Gulzorobod', NULL, 'Гулзоробод', NULL, 'Гулзорабад', NULL),
(1727256559, 17, 27, 256, 559, 'Do\'stlik', NULL, 'Дўстлик', NULL, 'Дустлик', NULL),
(1727256561, 17, 27, 256, 561, 'Paxta', NULL, 'Пахта', NULL, 'Пахта', NULL),
(1727256563, 17, 27, 256, 563, 'A.Temur', NULL, 'А.Темур', NULL, 'А.Темур', NULL),
(1727256565, 17, 27, 256, 565, 'Birlik', NULL, 'Бирлик', NULL, 'Бирлик', NULL),
(1727256567, 17, 27, 256, 567, 'Chorvador', NULL, 'Чорвадор', NULL, 'Чорвадор', NULL),
(1727256569, 17, 27, 256, 569, 'Kir', NULL, 'Кир', NULL, 'Кир', NULL),
(1727256800, 17, 27, 256, 800, 'Chinoz tumanining qishloq fuqarolar yig\'inlari', NULL, 'Чиноз туманининг қишлоқ фуқаролар йиғинлари', NULL, 'Сельские сходы граждан Чиназского района', NULL),
(1727256813, 17, 27, 256, 813, 'Isloxat', NULL, 'Ислохат', NULL, 'Ислохат', NULL),
(1727256815, 17, 27, 256, 815, 'Eshonobod', NULL, 'Эшонобод', NULL, 'Эшонобод', NULL),
(1727256826, 17, 27, 256, 826, 'Turkiston', NULL, 'Туркистон', NULL, 'Туpкистан', NULL),
(1727256836, 17, 27, 256, 836, 'O\'zbekiston', NULL, 'Ўзбекистон', NULL, 'Узбекистан', NULL),
(1727256840, 17, 27, 256, 840, 'Chinoz', NULL, 'Чиноз', NULL, 'Чиназ', NULL),
(1727256853, 17, 27, 256, 853, 'Eski Toshkent', NULL, 'Эски Тошкент', NULL, 'Эски-Ташкент', NULL),
(1727256860, 17, 27, 256, 860, 'Ko\'tarma', NULL, 'Кўтарма', NULL, 'Кутарма', NULL),
(1727256864, 17, 27, 256, 864, 'Yollama', NULL, 'Ёллама', NULL, 'Яллама', NULL),
(1727259550, 17, 27, 259, 550, 'Yangiyo\'l tumanining shaharchalari', NULL, 'Янгийўл туманининг шаҳарчалари', NULL, 'Городские поселки Янгиюльского района', NULL);
INSERT INTO `soato` (`MHOBT_cod`, `res_id`, `region_id`, `district_id`, `qfi_id`, `name_lot`, `center_lot`, `name_cyr`, `center_cyr`, `name_ru`, `center_ru`) VALUES
(1727259553, 17, 27, 259, 553, 'Gulbahor', NULL, 'Гулбаҳор', NULL, 'Гульбахор', NULL),
(1727259555, 17, 27, 259, 555, 'Bozsu', NULL, 'Бозсу', NULL, 'Бозсу', NULL),
(1727259557, 17, 27, 259, 557, 'Nov', NULL, 'Нов', NULL, 'Нов', NULL),
(1727259559, 17, 27, 259, 559, 'Kirsadoq', NULL, 'Кирсадоқ', NULL, 'Кирсадок', NULL),
(1727259563, 17, 27, 259, 563, 'Qovunchi', NULL, 'Қовунчи', NULL, 'Ковунчи', NULL),
(1727259800, 17, 27, 259, 800, 'Yangiyo\'l tumanining qishloq fuqarolar yig\'inlari', NULL, 'Янгийўл туманининг қишлоқ фуқаролар йиғинлари', NULL, 'Сельские сходы граждан Янгиюльского района', NULL),
(1727259804, 17, 27, 259, 804, 'Yo\'g\'ontepa', NULL, 'Йўғонтепа', NULL, 'Йугонтепа', NULL),
(1727259814, 17, 27, 259, 814, 'Halqobod', NULL, 'Ҳалқобод', NULL, 'Халкабад', NULL),
(1727259825, 17, 27, 259, 825, 'Xonqo\'rg\'on', NULL, 'Хонқўрғон', NULL, 'Хонкургон', NULL),
(1727259834, 17, 27, 259, 834, 'Navbahor', NULL, 'Навбаҳор', NULL, 'Навбахор', NULL),
(1727259837, 17, 27, 259, 837, 'Niyozbosh', NULL, 'Ниёзбош', NULL, 'Ниязбаш', NULL),
(1727259848, 17, 27, 259, 848, 'Qo\'sh yog\'och', NULL, 'Қўш ёғоч', NULL, 'Кушегоч', NULL),
(1727259871, 17, 27, 259, 871, 'Sho\'ralisoy', NULL, 'Шўралисой', NULL, 'Шуралисай', NULL),
(1727259882, 17, 27, 259, 882, 'Eski Qovunchi', NULL, 'Эски Қовунчи', NULL, 'Эски-Каунчи', NULL),
(1727265500, 17, 27, 265, 500, 'Toshkent tumanining tuman ahamiyatiga ega shaharlari', NULL, 'Тошкент туманининг туман аҳамиятига эга шаҳарлари', NULL, 'Города районного подчинения Ташкентского района', NULL),
(1727265501, 17, 27, 265, 501, 'Keles', NULL, 'Келес', NULL, 'Келес', NULL),
(1727265550, 17, 27, 265, 550, 'Toshkent tumanining shaharchalari', NULL, 'Тошкент туманининг шаҳарчалари', NULL, 'Городские поселки Ташкентского района', NULL),
(1727265553, 17, 27, 265, 553, 'Z.Jalilov', NULL, 'З.Жалилов', NULL, 'З.Жалилов', NULL),
(1727265555, 17, 27, 265, 555, 'Ko\'k saroy', NULL, 'Кўк сарой', NULL, 'Куксарай', NULL),
(1727265557, 17, 27, 265, 557, 'Kensoy', NULL, 'Кенсой', NULL, 'Кенсай', NULL),
(1727265559, 17, 27, 265, 559, 'Sabzavot', NULL, 'Сабзавот', NULL, 'Сабзавот', NULL),
(1727265563, 17, 27, 265, 563, 'M.Fozilov', NULL, 'М.Фозилов', NULL, 'М.Фозилов', NULL),
(1727265565, 17, 27, 265, 565, 'Shamsiobod', NULL, 'Шамсиобод', NULL, 'Шамсиабад', NULL),
(1727265567, 17, 27, 265, 567, 'Chig\'atoy', NULL, 'Чиғатой', NULL, 'Чигатай', NULL),
(1727265569, 17, 27, 265, 569, 'Hasanboy', NULL, 'Ҳасанбой', NULL, 'Хасанбой', NULL),
(1727265573, 17, 27, 265, 573, 'Qashqarlik', NULL, 'Қашқарлик', NULL, 'Кашкарлик', NULL),
(1727265800, 17, 27, 265, 800, 'Toshkent tumanining qishloq fuqarolar yig\'inlari', NULL, 'Тошкент туманининг қишлоқ фуқаролар йиғинлари', NULL, 'Сельские сходы граждан Ташкентского района', NULL),
(1727265811, 17, 27, 265, 811, 'Ko\'k-terak', NULL, 'Кўк-терак', NULL, 'Кук-Терак', NULL),
(1727265813, 17, 27, 265, 813, 'Chuvalachi', NULL, 'Чувалачи', NULL, 'Чувалачи', NULL),
(1727265816, 17, 27, 265, 816, 'Masalboy', NULL, 'Масалбой', NULL, 'Масалбай', NULL),
(1727265819, 17, 27, 265, 819, 'Qizg\'aldoq', NULL, 'Қизғалдоқ', NULL, 'Кизгалдак', NULL),
(1727265825, 17, 27, 265, 825, 'Ko\'k Saroy', NULL, 'Кўк Сарой', NULL, 'Куксарай', NULL),
(1727265828, 17, 27, 265, 828, 'Hasanboy', NULL, 'Ҳасанбой', NULL, 'Хасанбай', NULL),
(1727265833, 17, 27, 265, 833, 'Guliston', NULL, 'Гулистон', NULL, 'Гулистан', NULL),
(1727265836, 17, 27, 265, 836, 'Yunusobod', NULL, 'Юнусобод', NULL, 'Юнусабад', NULL),
(1727265839, 17, 27, 265, 839, 'Choshtepa', NULL, 'Чоштепа', NULL, 'Чаштепа', NULL),
(1727407500, 17, 27, 407, 500, 'Angren shahar xokimligiga qarashli shaharlar', NULL, 'Ангрен шаҳар хокимлигига қарашли шаҳарлар', NULL, 'Города, подчиненные Ангренскому горхокимияту', NULL),
(1727407505, 17, 27, 407, 505, 'Yangiobod', NULL, 'Янгиобод', NULL, 'Янгиабад', NULL),
(1727407550, 17, 27, 407, 550, 'Angren shahar xokimligiga qarashli shaharchalar', NULL, 'Ангрен шаҳар хокимлигига қарашли шаҳарчалар', NULL, 'Городские поселки, подч. Ангренскому горхокимияту', NULL),
(1727407554, 17, 27, 407, 554, 'Krasnogorsk', NULL, 'Красногорск', NULL, 'Красногорск', NULL),
(1727407558, 17, 27, 407, 558, 'Nurobod', NULL, 'Нуробод', NULL, 'Нурабад', NULL),
(1730203500, 17, 30, 203, 500, 'Oltiariq tumanining tuman ahamiyatiga ega shaharlari', NULL, 'Олтиариқ туманининг туман аҳамиятига эга шаҳарлари', NULL, 'Города районного подчинения Алтыарыкского района', NULL),
(1730203508, 17, 30, 203, 508, 'Tinchlik', NULL, 'Тинчлик', NULL, 'Тинчлик', NULL),
(1730203550, 17, 30, 203, 550, 'Oltiariq tumanining shaharchalari', NULL, 'Олтиариқ туманининг шаҳарчалари', NULL, 'Городские поселки Алтыарыкского района', NULL),
(1730203551, 17, 30, 203, 551, 'Oltiariq', NULL, 'Олтиариқ', NULL, 'Алтыарык', NULL),
(1730203552, 17, 30, 203, 552, 'Chinor', NULL, 'Чинор', NULL, 'Чинор', NULL),
(1730203554, 17, 30, 203, 554, 'Azimobod', NULL, 'Азимобод', NULL, 'Азимабад', NULL),
(1730203556, 17, 30, 203, 556, 'Bo\'rbaliq', NULL, 'Бўрбалиқ', NULL, 'Бурбалик', NULL),
(1730203558, 17, 30, 203, 558, 'Djurek', NULL, 'Джурек', NULL, 'Джурек', NULL),
(1730203562, 17, 30, 203, 562, 'Zilxa', NULL, 'Зилха', NULL, 'Зилха', NULL),
(1730203564, 17, 30, 203, 564, 'Katput', NULL, 'Катпут', NULL, 'Катпут', NULL),
(1730203566, 17, 30, 203, 566, 'Oqbo\'yra', NULL, 'Оқбўйра', NULL, 'Окбуйра', NULL),
(1730203568, 17, 30, 203, 568, 'Povulg\'on', NULL, 'Повулғон', NULL, 'Повулган', NULL),
(1730203570, 17, 30, 203, 570, 'Poloson', NULL, 'Полосон', NULL, 'Паласан', NULL),
(1730203572, 17, 30, 203, 572, 'Chordara', NULL, 'Чордара', NULL, 'Чордара', NULL),
(1730203574, 17, 30, 203, 574, 'Eskiarab', NULL, 'Эскиараб', NULL, 'Эскиараб', NULL),
(1730203576, 17, 30, 203, 576, 'Yangiarab', NULL, 'Янгиараб', NULL, 'Янгиараб', NULL),
(1730203578, 17, 30, 203, 578, 'Yangiqo\'rg\'on', NULL, 'Янгиқўрғон', NULL, 'Янгикурган', NULL),
(1730203800, 17, 30, 203, 800, 'Yangiyo\'l tumanining qishloq fuqarolar yig\'inlari', NULL, 'Янгийўл туманининг қишлоқ фуқаролар йиғинлари', NULL, 'Сельские сходы граждан Алтыарыкского района', NULL),
(1730203804, 17, 30, 203, 804, 'Oqbo\'yra', NULL, 'Оқбўйра', NULL, 'Акбуйра', NULL),
(1730203806, 17, 30, 203, 806, 'Oltiariq', NULL, 'Олтиариқ', NULL, 'Алтыарык', NULL),
(1730203810, 17, 30, 203, 810, 'Yangiarab', NULL, 'Янгиараб', NULL, 'Янгиараб', NULL),
(1730203812, 17, 30, 203, 812, 'Bo\'rbaliq', NULL, 'Бўрбалиқ', NULL, 'Бурбалык', NULL),
(1730203820, 17, 30, 203, 820, 'G\'ayrat', NULL, 'Ғайрат', NULL, 'Гайрат', NULL),
(1730203824, 17, 30, 203, 824, 'Djurek', NULL, 'Джурек', NULL, 'Джурек', NULL),
(1730203840, 17, 30, 203, 840, 'Qiziltepa', NULL, 'Қизилтепа', NULL, 'Кызылтепа', NULL),
(1730203842, 17, 30, 203, 842, 'Poloson', NULL, 'Полосон', NULL, 'Паласан', NULL),
(1730203848, 17, 30, 203, 848, 'Fayziobod', NULL, 'Файзиобод', NULL, 'Файзиабад', NULL),
(1730203870, 17, 30, 203, 870, 'Toshqo\'rg\'on', NULL, 'Тошқўрғон', NULL, 'Тошкургон', NULL),
(1730203875, 17, 30, 203, 875, 'Kapchugay', NULL, 'Капчугай', NULL, 'Капчугай', NULL),
(1730203881, 17, 30, 203, 881, 'Povulg\'on', NULL, 'Повулғон', NULL, 'Павулган', NULL),
(1730203885, 17, 30, 203, 885, 'Katput', NULL, 'Катпут', NULL, 'Катпут', NULL),
(1730203890, 17, 30, 203, 890, 'Zilxa', NULL, 'Зилха', NULL, 'Зилха', NULL),
(1730203895, 17, 30, 203, 895, 'Azimobod', NULL, 'Азимобод', NULL, 'Азимабад', NULL),
(1730206550, 17, 30, 206, 550, 'Qo\'shtepa tumanining shaharchalari', NULL, 'Қўштепа туманининг шаҳарчалари', NULL, 'Городские поселки Куштепинского района', NULL),
(1730206553, 17, 30, 206, 553, 'Boltako\'l', NULL, 'Болтакўл', NULL, 'Болтакул', NULL),
(1730206555, 17, 30, 206, 555, 'Gishtmon', NULL, 'Гиштмон', NULL, 'Гиштмон', NULL),
(1730206557, 17, 30, 206, 557, 'Do\'rmon', NULL, 'Дўрмон', NULL, 'Дурмон', NULL),
(1730206559, 17, 30, 206, 559, 'Katta Beshkapa', NULL, 'Катта Бешкапа', NULL, 'Катта бешкапа', NULL),
(1730206561, 17, 30, 206, 561, 'Qizil ariq', NULL, 'Қизил ариқ', NULL, 'Кизиларик', NULL),
(1730206563, 17, 30, 206, 563, 'Qorajiyda', NULL, 'Қоражийда', NULL, 'Каражийда', NULL),
(1730206565, 17, 30, 206, 565, 'Qorakaltak', NULL, 'Қоракалтак', NULL, 'Каракалтак', NULL),
(1730206567, 17, 30, 206, 567, 'Qumtepa', NULL, 'Қумтепа', NULL, 'Кумтепа', NULL),
(1730206569, 17, 30, 206, 569, 'Quyi Oqtepa', NULL, 'Қуйи Оқтепа', NULL, 'Куйи Октепа', NULL),
(1730206571, 17, 30, 206, 571, 'Sarmozor', NULL, 'Сармозор', NULL, 'Сармозор', NULL),
(1730206573, 17, 30, 206, 573, 'Xotinariq', NULL, 'Хотинариқ', NULL, 'Хотинарык', NULL),
(1730206575, 17, 30, 206, 575, 'Shahartepa', NULL, 'Шаҳартепа', NULL, 'Шахартепа', NULL),
(1730206577, 17, 30, 206, 577, 'Eshonguzar', NULL, 'Эшонгузар', NULL, 'Эшонгузар', NULL),
(1730206579, 17, 30, 206, 579, 'Yangiariq', NULL, 'Янгиариқ', NULL, 'Янгиарык', NULL),
(1730206800, 17, 30, 206, 800, 'Qo\'shtepa tumanining qishloq fuqarolar yig\'inlari', NULL, 'Қўштепа туманининг қишлоқ фуқаролар йиғинлари', NULL, 'Сельские сходы граждан Куштеринского района', NULL),
(1730206806, 17, 30, 206, 806, 'Fayz', NULL, 'Файз', NULL, 'Файз', NULL),
(1730206815, 17, 30, 206, 815, 'Do\'rmon', NULL, 'Дўрмон', NULL, 'Дуpман', NULL),
(1730206822, 17, 30, 206, 822, 'Qoraqo\'shchi', NULL, 'Қорақўшчи', NULL, 'Каракушчи', NULL),
(1730206825, 17, 30, 206, 825, 'Qumtepa', NULL, 'Қумтепа', NULL, 'Кумтепа', NULL),
(1730206827, 17, 30, 206, 827, 'Sarmozor', NULL, 'Сармозор', NULL, 'Саримазар', NULL),
(1730206830, 17, 30, 206, 830, 'Solijonobod', NULL, 'Солижонобод', NULL, 'Салиджанабад', NULL),
(1730206834, 17, 30, 206, 834, 'Langar', NULL, 'Лангар', NULL, 'Лянгар', NULL),
(1730206841, 17, 30, 206, 841, 'Paxtakor', NULL, 'Пахтакор', NULL, 'Пахтакор', NULL),
(1730206854, 17, 30, 206, 854, 'O\'qchi', NULL, 'Ўқчи', NULL, 'Укчи', NULL),
(1730206862, 17, 30, 206, 862, 'Xalqabod', NULL, 'Халқабод', NULL, 'Халкабад', NULL),
(1730206876, 17, 30, 206, 876, 'Shahartepa', NULL, 'Шаҳартепа', NULL, 'Шахартепа', NULL),
(1730206885, 17, 30, 206, 885, 'Yo\'ldoshobod', NULL, 'Йўлдошобод', NULL, 'Юлдашабад', NULL),
(1730206890, 17, 30, 206, 890, 'Loyson', NULL, 'Лойсон', NULL, 'Лайсан', NULL),
(1730206895, 17, 30, 206, 895, 'Boltako\'l', NULL, 'Болтакўл', NULL, 'Балтакуль', NULL),
(1730206898, 17, 30, 206, 898, 'G\'ishtmon', NULL, 'Ғиштмон', NULL, 'Гиштман', NULL),
(1730209550, 17, 30, 209, 550, 'Bog\'dod tumanining shaharchalari', NULL, 'Боғдод туманининг шаҳарчалари', NULL, 'Городские поселки Багдадского района', NULL),
(1730209551, 17, 30, 209, 551, 'Bog\'dod', NULL, 'Боғдод', NULL, 'Багдад', NULL),
(1730209553, 17, 30, 209, 553, 'Amirobod', NULL, 'Амиробод', NULL, 'Амиробод', NULL),
(1730209555, 17, 30, 209, 555, 'Maylavoy', NULL, 'Майлавой', NULL, 'Майлавой', NULL),
(1730209557, 17, 30, 209, 557, 'Oltin vodiy', NULL, 'Олтин водий', NULL, 'Олтин водий', NULL),
(1730209559, 17, 30, 209, 559, 'Bog\'ishamol', NULL, 'Боғишамол', NULL, 'Богишамол', NULL),
(1730209561, 17, 30, 209, 561, 'Bordon', NULL, 'Бордон', NULL, 'Бордон', NULL),
(1730209563, 17, 30, 209, 563, 'Do\'rmoncha', NULL, 'Дўрмонча', NULL, 'Дурманча', NULL),
(1730209565, 17, 30, 209, 565, 'Irgali', NULL, 'Иргали', NULL, 'Иргали', NULL),
(1730209567, 17, 30, 209, 567, 'Qaroqchitol', NULL, 'Қароқчитол', NULL, 'Каракчитол', NULL),
(1730209569, 17, 30, 209, 569, 'Kaxat', NULL, 'Кахат', NULL, 'Кахат', NULL),
(1730209571, 17, 30, 209, 571, 'Qirqboldi', NULL, 'Қирқболди', NULL, 'Киркболды', NULL),
(1730209573, 17, 30, 209, 573, 'Konizar', NULL, 'Конизар', NULL, 'Конизар', NULL),
(1730209575, 17, 30, 209, 575, 'Qo\'shtegirmon', NULL, 'Қўштегирмон', NULL, 'Куштегирмон', NULL),
(1730209577, 17, 30, 209, 577, 'Matqulobod', NULL, 'Матқулобод', NULL, 'Маткулабад', NULL),
(1730209579, 17, 30, 209, 579, 'Mirzaobod', NULL, 'Мирзаобод', NULL, 'Мирзаабад', NULL),
(1730209581, 17, 30, 209, 581, 'Samandarak', NULL, 'Самандарак', NULL, 'Самандарак', NULL),
(1730209583, 17, 30, 209, 583, 'Samarqand', NULL, 'Самарқанд', NULL, 'Самарканд', NULL),
(1730209585, 17, 30, 209, 585, 'O\'ltarma', NULL, 'Ўлтарма', NULL, 'Ултарма', NULL),
(1730209587, 17, 30, 209, 587, 'Xusnobod', NULL, 'Хуснобод', NULL, 'Хуснабад', NULL),
(1730209589, 17, 30, 209, 589, 'Chekmirzaobod', NULL, 'Чекмирзаобод', NULL, 'Чекмирзаабад', NULL),
(1730209591, 17, 30, 209, 591, 'Churindi', NULL, 'Чуринди', NULL, 'Чуринди', NULL),
(1730209800, 17, 30, 209, 800, 'Bog\'dod tumanining qishloq fuqarolar yig\'inlari', NULL, 'Боғдод туманининг қишлоқ фуқаролар йиғинлари', NULL, 'Сельские сходы граждан Багдадского района', NULL),
(1730209810, 17, 30, 209, 810, 'Zafarobod', NULL, 'Зафаробод', NULL, 'Зафарабад', NULL),
(1730209820, 17, 30, 209, 820, 'Amirobod', NULL, 'Амиробод', NULL, 'Амирабад', NULL),
(1730209823, 17, 30, 209, 823, 'Qaroqchitol', NULL, 'Қароқчитол', NULL, 'Каракчитал', NULL),
(1730209824, 17, 30, 209, 824, 'Matqulobod', NULL, 'Матқулобод', NULL, 'Маткулабад', NULL),
(1730209826, 17, 30, 209, 826, 'Tinchlik', NULL, 'Тинчлик', NULL, 'Тинчлик', NULL),
(1730209834, 17, 30, 209, 834, 'Paxtaobod', NULL, 'Пахтаобод', NULL, 'Пахтаабад', NULL),
(1730209845, 17, 30, 209, 845, 'O\'ltarma', NULL, 'Ўлтарма', NULL, 'Ультарма', NULL),
(1730209856, 17, 30, 209, 856, 'Chuvalanchi', NULL, 'Чуваланчи', NULL, 'Чуваланчи', NULL),
(1730209860, 17, 30, 209, 860, 'Do\'rmancha', NULL, 'Дўрманча', NULL, 'Дорманча', NULL),
(1730209865, 17, 30, 209, 865, 'Samarqand', NULL, 'Самарқанд', NULL, 'Самарканд', NULL),
(1730212550, 17, 30, 212, 550, 'Buvayda tumanining shaharchalari', NULL, 'Бувайда туманининг шаҳарчалари', NULL, 'Городские поселки Бувайдинского района', NULL),
(1730212551, 17, 30, 212, 551, 'Ibrat', NULL, 'Ибрат', NULL, 'Ибрат', NULL),
(1730212553, 17, 30, 212, 553, 'Yuqori Bachqir', NULL, 'Юқори Бачқир', NULL, 'Юкори Бачкир', NULL),
(1730212555, 17, 30, 212, 555, 'Quyi Bachqir', NULL, 'Қуйи Бачқир', NULL, 'Куйи Бачкир', NULL),
(1730212557, 17, 30, 212, 557, 'Chinobod', NULL, 'Чинобод', NULL, 'Чинабад', NULL),
(1730212559, 17, 30, 212, 559, 'Buvayda', NULL, 'Бувайда', NULL, 'Бувайда', NULL),
(1730212561, 17, 30, 212, 561, 'Zarbuloq', NULL, 'Зарбулоқ', NULL, 'Зарбулок', NULL),
(1730212563, 17, 30, 212, 563, 'Qum', NULL, 'Қум', NULL, 'Кум', NULL),
(1730212565, 17, 30, 212, 565, 'Yuqori Nayman', NULL, 'Юқори Найман', NULL, 'Юкори Найман', NULL),
(1730212567, 17, 30, 212, 567, 'Oqqo\'rg\'on', NULL, 'Оққўрғон', NULL, 'Аккурган', NULL),
(1730212569, 17, 30, 212, 569, 'Quyi Urganji', NULL, 'Қуйи Урганжи', NULL, 'Куйи Урганжи', NULL),
(1730212800, 17, 30, 212, 800, 'Buvayda tumanining qishloq fuqarolar yig\'inlari', NULL, 'Бувайда  туманининг қишлоқ фуқаролар йиғинлари', NULL, 'Сельские сходы граждан Бувайдинского района', NULL),
(1730212806, 17, 30, 212, 806, 'Oqqo\'rg\'on', NULL, 'Оққўрғон', NULL, 'Аккурган', NULL),
(1730212810, 17, 30, 212, 810, 'Alqor', NULL, 'Алқор', NULL, 'Алкар', NULL),
(1730212820, 17, 30, 212, 820, 'Begobod', NULL, 'Бегобод', NULL, 'Бекабад', NULL),
(1730212830, 17, 30, 212, 830, 'Beshterak', NULL, 'Бештерак', NULL, 'Бештерак', NULL),
(1730212840, 17, 30, 212, 840, 'Buvayda', NULL, 'Бувайда', NULL, 'Бувайда', NULL),
(1730212850, 17, 30, 212, 850, 'Jalayer', NULL, 'Жалаер', NULL, 'Джалаер', NULL),
(1730212860, 17, 30, 212, 860, 'Qo\'ng\'irot', NULL, 'Қўнғирот', NULL, 'Кунград', NULL),
(1730212862, 17, 30, 212, 862, 'Qo\'rg\'onobod', NULL, 'Қўрғонобод', NULL, 'Курганабад', NULL),
(1730212866, 17, 30, 212, 866, 'Uzumzor', NULL, 'Узумзор', NULL, 'Узумзар', NULL),
(1730212869, 17, 30, 212, 869, 'Yangiqadam', NULL, 'Янгиқадам', NULL, 'Янгикадам', NULL),
(1730212870, 17, 30, 212, 870, 'Yangiqo\'rg\'on', NULL, 'Янгиқўрғон', NULL, 'Янгикурган', NULL),
(1730215500, 17, 30, 215, 500, 'Beshariq tumanining tuman ahamiyatiga ega shaharlari', NULL, 'Бешариқ туманининг туман аҳамиятига эга шаҳарлари', NULL, 'Города районного подчинения Бешарыкского района', NULL),
(1730215501, 17, 30, 215, 501, 'Beshariq', NULL, 'Бешариқ', NULL, 'Бешарык', NULL),
(1730215550, 17, 30, 215, 550, 'Beshariq tumanining shaharchalari', NULL, 'Бешариқ туманининг шаҳарчалари', NULL, 'Городские поселки Бешарыкского района', NULL),
(1730215553, 17, 30, 215, 553, 'Nafosat', NULL, 'Нафосат', NULL, 'Нафосат', NULL),
(1730215556, 17, 30, 215, 556, 'Zarqaynar', NULL, 'Зарқайнар', NULL, 'Заркайнар', NULL),
(1730215559, 17, 30, 215, 559, 'Kapayangi', NULL, 'Капаянги', NULL, 'Капаянги', NULL),
(1730215563, 17, 30, 215, 563, 'Qumqishloq', NULL, 'Қумқишлоқ', NULL, 'Кумкишлак', NULL),
(1730215566, 17, 30, 215, 566, 'Oqtovuq', NULL, 'Оқтовуқ', NULL, 'Актовук', NULL),
(1730215569, 17, 30, 215, 569, 'Rapqon', NULL, 'Рапқон', NULL, 'Рапкан', NULL),
(1730215573, 17, 30, 215, 573, 'Tovul', NULL, 'Товул', NULL, 'Товул', NULL),
(1730215576, 17, 30, 215, 576, 'Uzun', NULL, 'Узун', NULL, 'Узун', NULL),
(1730215579, 17, 30, 215, 579, 'Chimboy', NULL, 'Чимбой', NULL, 'Чимбай', NULL),
(1730215583, 17, 30, 215, 583, 'Manguobod', NULL, 'Мангуобод', NULL, 'Мангуобод', NULL),
(1730215800, 17, 30, 215, 800, 'Beshariq tumanining qishloq fuqarolar yig\'inlari', NULL, 'Бешариқ  туманининг қишлоқ фуқаролар йиғинлари', NULL, 'Сельские сходы граждан Бешарыкского района', NULL),
(1730215804, 17, 30, 215, 804, 'Andarxon', NULL, 'Андархон', NULL, 'Андархан', NULL),
(1730215811, 17, 30, 215, 811, 'Beshariq', NULL, 'Бешариқ', NULL, 'Бешарык', NULL),
(1730215815, 17, 30, 215, 815, 'Vatan', NULL, 'Ватан', NULL, 'Ватан', NULL),
(1730215826, 17, 30, 215, 826, 'Qorajiyda', NULL, 'Қоражийда', NULL, 'Каражийда', NULL),
(1730215828, 17, 30, 215, 828, 'Qashqar', NULL, 'Қашқар', NULL, 'Кашкар', NULL),
(1730215839, 17, 30, 215, 839, 'Beshsari', NULL, 'Бешсари', NULL, 'Бешсари', NULL),
(1730215844, 17, 30, 215, 844, 'Rapqon', NULL, 'Рапқон', NULL, 'Рапкан', NULL),
(1730215848, 17, 30, 215, 848, 'Tovul', NULL, 'Товул', NULL, 'Тавул', NULL),
(1730215855, 17, 30, 215, 855, 'Yakkatut', NULL, 'Яккатут', NULL, 'Яккатут', NULL),
(1730218500, 17, 30, 218, 500, 'Quva tumanining tuman ahamiyatiga ega shaharlari', NULL, 'Қува туманининг туман аҳамиятига эга шаҳарлари', NULL, 'Города районного подчинения  Кувинского района', NULL),
(1730218501, 17, 30, 218, 501, 'Quva', NULL, 'Қува', NULL, 'Кува', NULL),
(1730218550, 17, 30, 218, 550, 'Quva tumanining shaharchalari', NULL, 'Қува туманининг шаҳарчалари', NULL, 'Городские поселки Кувинского района', NULL),
(1730218552, 17, 30, 218, 552, 'Sanoatchilar', NULL, 'Саноатчилар', NULL, 'Саноатчилар', NULL),
(1730218553, 17, 30, 218, 553, 'Guliston', NULL, 'Гулистон', NULL, 'Гулистон', NULL),
(1730218554, 17, 30, 218, 554, 'Damariq', NULL, 'Дамариқ', NULL, 'Дамарик', NULL),
(1730218555, 17, 30, 218, 555, 'Jalayer', NULL, 'Жалаер', NULL, 'Джалаер', NULL),
(1730218556, 17, 30, 218, 556, 'Qayirma', NULL, 'Қайирма', NULL, 'Кайирма', NULL),
(1730218557, 17, 30, 218, 557, 'Qaqir', NULL, 'Қақир', NULL, 'Какир', NULL),
(1730218558, 17, 30, 218, 558, 'Qandabuloq', NULL, 'Қандабулоқ', NULL, 'Кандабулок', NULL),
(1730218559, 17, 30, 218, 559, 'Qorashox', NULL, 'Қорашох', NULL, 'Карашох', NULL),
(1730218561, 17, 30, 218, 561, 'Mustaqillik', NULL, 'Мустақиллик', NULL, 'Мустакиллик', NULL),
(1730218562, 17, 30, 218, 562, 'Oltinariq', NULL, 'Олтинариқ', NULL, 'Олтинарик', NULL),
(1730218563, 17, 30, 218, 563, 'Pastki Xo\'ja Xasan', NULL, 'Пастки Хўжа Хасан', NULL, 'Пастки Хужа Хасан', NULL),
(1730218564, 17, 30, 218, 564, 'Tolmozor', NULL, 'Толмозор', NULL, 'Толмазор', NULL),
(1730218565, 17, 30, 218, 565, 'Turk', NULL, 'Турк', NULL, 'Турк', NULL),
(1730218567, 17, 30, 218, 567, 'O\'zbek', NULL, 'Ўзбек', NULL, 'Узбек', NULL),
(1730218569, 17, 30, 218, 569, 'Yuziya', NULL, 'Юзия', NULL, 'Юзия', NULL),
(1730218800, 17, 30, 218, 800, 'Quva tumanining qishloq fuqarolar yig\'inlari', NULL, 'Қува туманининг қишлоқ фуқаролар йиғинлари', NULL, 'Сельские сходы граждан Кувинского района', NULL),
(1730218804, 17, 30, 218, 804, 'Akbarabad', NULL, 'Акбарабад', NULL, 'Акбарабад', NULL),
(1730218813, 17, 30, 218, 813, 'Baynalminal', NULL, 'Байналминал', NULL, 'Байналминал', NULL),
(1730218826, 17, 30, 218, 826, 'Dehqonobod', NULL, 'Деҳқонобод', NULL, 'Дехканабад', NULL),
(1730218829, 17, 30, 218, 829, 'Ittifoq', NULL, 'Иттифоқ', NULL, 'Иттифок', NULL),
(1730218837, 17, 30, 218, 837, 'Madaniyat', NULL, 'Маданият', NULL, 'Маданият', NULL),
(1730218842, 17, 30, 218, 842, 'Iftixor', NULL, 'Ифтихор', NULL, 'Ифтихор', NULL),
(1730218851, 17, 30, 218, 851, 'Namuna', NULL, 'Намуна', NULL, 'Намуна', NULL),
(1730218862, 17, 30, 218, 862, 'Bahor', NULL, 'Баҳор', NULL, 'Бахор', NULL),
(1730218871, 17, 30, 218, 871, 'Turkrovot', NULL, 'Туркровот', NULL, 'Туркрават', NULL),
(1730218884, 17, 30, 218, 884, 'Soyguzar', NULL, 'Сойгузар', NULL, 'Сойгузар', NULL),
(1730218886, 17, 30, 218, 886, 'Yangihayot', NULL, 'Янгиҳаёт', NULL, 'Янгихаят', NULL),
(1730221550, 17, 30, 221, 550, 'Uchko\'prik tumanining shaharchalari', NULL, 'Учкўприк туманининг шаҳарчалари', NULL, 'Городские поселки Учкуприкского района', NULL),
(1730221551, 17, 30, 221, 551, 'Uchko\'prik', NULL, 'Учкўприк', NULL, 'Учкуприк', NULL),
(1730221553, 17, 30, 221, 553, 'Begobod', NULL, 'Бегобод', NULL, 'Бегабад', NULL),
(1730221555, 17, 30, 221, 555, 'G\'ijdan', NULL, 'Ғиждан', NULL, 'Гиждан', NULL),
(1730221557, 17, 30, 221, 557, 'Katta Qashqar', NULL, 'Катта Қашқар', NULL, 'Катта кашкар', NULL),
(1730221559, 17, 30, 221, 559, 'Qumariqobod', NULL, 'Қумариқобод', NULL, 'Кумарикобод', NULL),
(1730221561, 17, 30, 221, 561, 'Bog\'ibo\'ston', NULL, 'Боғибўстон', NULL, 'Богибустон', NULL),
(1730221563, 17, 30, 221, 563, 'Mirzaxo\'ja', NULL, 'Мирзахўжа', NULL, 'Мирзахужа', NULL),
(1730221565, 17, 30, 221, 565, 'Palaxon', NULL, 'Палахон', NULL, 'Палахон', NULL),
(1730221567, 17, 30, 221, 567, 'Sobirjon', NULL, 'Собиржон', NULL, 'Собиржан', NULL),
(1730221569, 17, 30, 221, 569, 'Turg\'oq', NULL, 'Турғоқ', NULL, 'Тургок', NULL),
(1730221571, 17, 30, 221, 571, 'Yangiqishloq', NULL, 'Янгиқишлоқ', NULL, 'Янгикишлок', NULL),
(1730221800, 17, 30, 221, 800, 'Uchko\'prik tumanining qishloq fuqarolar yig\'inlari', NULL, 'Учкўприк туманининг қишлоқ фуқаролар йиғинлари', NULL, 'Сельские сходы граждан Учкуприкского района', NULL),
(1730221816, 17, 30, 221, 816, 'G\'ijdon', NULL, 'Ғиждон', NULL, 'Гиждан', NULL),
(1730221828, 17, 30, 221, 828, 'Kenagas', NULL, 'Кенагас', NULL, 'Кенагас', NULL),
(1730221839, 17, 30, 221, 839, 'Navro\'z', NULL, 'Наврўз', NULL, 'Навруз', NULL),
(1730221851, 17, 30, 221, 851, 'Chorbog\'', NULL, 'Чорбоғ', NULL, 'Чарбог', NULL),
(1730221856, 17, 30, 221, 856, 'Palaxon', NULL, 'Палахон', NULL, 'Палахан', NULL),
(1730221859, 17, 30, 221, 859, 'Sariqo\'rg\'on', NULL, 'Сариқўрғон', NULL, 'Сарыкурган', NULL),
(1730221862, 17, 30, 221, 862, 'Uchko\'prik', NULL, 'Учкўприк', NULL, 'Учкуприк', NULL),
(1730221873, 17, 30, 221, 873, 'Yangiqishloq', NULL, 'Янгиқишлоқ', NULL, 'Янгикишлак', NULL),
(1730221876, 17, 30, 221, 876, 'Obod diyor', NULL, 'Обод диёр', NULL, 'Обод диер', NULL),
(1730224500, 17, 30, 224, 500, 'Rishton tumanining tuman ahamiyatiga ega shaharlari', NULL, 'Риштон туманининг туман аҳамиятига эга шаҳарлари', NULL, 'Города районного подчинения Риштанского района', NULL),
(1730224501, 17, 30, 224, 501, 'Rishton', NULL, 'Риштон', NULL, 'Риштан', NULL),
(1730224550, 17, 30, 224, 550, 'Rishton tumanining shaharchalari', NULL, 'Риштон туманининг шаҳарчалари', NULL, 'Городские поселки Риштанского района', NULL),
(1730224552, 17, 30, 224, 552, 'Avazboy', NULL, 'Авазбой', NULL, 'Авазбай', NULL),
(1730224554, 17, 30, 224, 554, 'Beshkapa', NULL, 'Бешкапа', NULL, 'Бешкапа', NULL),
(1730224556, 17, 30, 224, 556, 'Bujay', NULL, 'Бужай', NULL, 'Бужай', NULL),
(1730224558, 17, 30, 224, 558, 'Bo\'ston', NULL, 'Бўстон', NULL, 'Бустан', NULL),
(1730224562, 17, 30, 224, 562, 'Do\'tir', NULL, 'Дўтир', NULL, 'Дутир', NULL),
(1730224564, 17, 30, 224, 564, 'Saxovat', NULL, 'Саховат', NULL, 'Саховат', NULL),
(1730224566, 17, 30, 224, 566, 'Zoxidon', NULL, 'Зохидон', NULL, 'Зохидан', NULL),
(1730224568, 17, 30, 224, 568, 'Qayrag\'och', NULL, 'Қайрағоч', NULL, 'Кайрагач', NULL),
(1730224572, 17, 30, 224, 572, 'Oq-yer', NULL, 'Оқ-ер', NULL, 'Ак-ер', NULL),
(1730224574, 17, 30, 224, 574, 'Pandigon', NULL, 'Пандигон', NULL, 'Пандиган', NULL),
(1730224576, 17, 30, 224, 576, 'To\'da', NULL, 'Тўда', NULL, 'Туда', NULL),
(1730224578, 17, 30, 224, 578, 'O\'yrat', NULL, 'Ўйрат', NULL, 'Уйрат', NULL),
(1730224582, 17, 30, 224, 582, 'Xurramobod', NULL, 'Хуррамобод', NULL, 'Хуррамабад', NULL),
(1730224800, 17, 30, 224, 800, 'Rishton tumanining qishloq fuqarolar yig\'inlari', NULL, 'Риштон туманининг қишлоқ фуқаролар йиғинлари', NULL, 'Сельские сходы граждан Риштанского района', NULL),
(1730224804, 17, 30, 224, 804, 'Oq-oltin', NULL, 'Оқ-олтин', NULL, 'Акалтын', NULL),
(1730224806, 17, 30, 224, 806, 'Oq-yer', NULL, 'Оқ-ер', NULL, 'Акъер', NULL),
(1730224823, 17, 30, 224, 823, 'Beshkapa', NULL, 'Бешкапа', NULL, 'Бешкапа', NULL),
(1730224829, 17, 30, 224, 829, 'Bo\'ston', NULL, 'Бўстон', NULL, 'Бустан', NULL),
(1730224835, 17, 30, 224, 835, 'Mehnatobod', NULL, 'Меҳнатобод', NULL, 'Мехнатабад', NULL),
(1730224846, 17, 30, 224, 846, 'Rishton', NULL, 'Риштон', NULL, 'Риштан', NULL),
(1730224868, 17, 30, 224, 868, 'Zoxidon', NULL, 'Зохидон', NULL, 'Зохидон', NULL),
(1730224879, 17, 30, 224, 879, 'To\'da', NULL, 'Тўда', NULL, 'Туда', NULL),
(1730224890, 17, 30, 224, 890, 'O\'smonxo\'jayev', NULL, 'Ўсмонхўжаев', NULL, 'им. Б. Усманходжаева', NULL),
(1730224895, 17, 30, 224, 895, 'Yoyilma', NULL, 'Ёйилма', NULL, 'Яйилма', NULL),
(1730224897, 17, 30, 224, 897, 'Qayrag\'och', NULL, 'Қайрағоч', NULL, 'Кайрагач', NULL),
(1730226550, 17, 30, 226, 550, 'So\'x tumanining shaharchalari', NULL, 'Сўх туманининг шаҳарчалари', NULL, 'Городские поселки Сохского района', NULL),
(1730226551, 17, 30, 226, 551, 'Ravon', NULL, 'Равон', NULL, 'Равон', NULL),
(1730226554, 17, 30, 226, 554, 'Qal\'a', NULL, 'Қалъа', NULL, 'Калъа', NULL),
(1730226557, 17, 30, 226, 557, 'Sarikanda', NULL, 'Сариканда', NULL, 'Сариканда', NULL),
(1730226561, 17, 30, 226, 561, 'So\'x', NULL, 'Сўх', NULL, 'Сох', NULL),
(1730226564, 17, 30, 226, 564, 'Tul', NULL, 'Тул', NULL, 'Тул', NULL),
(1730226567, 17, 30, 226, 567, 'Hushyor', NULL, 'Ҳушёр', NULL, 'Хушер', NULL),
(1730226571, 17, 30, 226, 571, 'Tarovatli', NULL, 'Тароватли', NULL, 'Тароватли', NULL),
(1730226800, 17, 30, 226, 800, 'So\'x tumanining qishloq fuqarolar yig\'inlari', NULL, 'Сўх туманининг қишлоқ фуқаролар йиғинлари', NULL, 'Сельские сходы граждан Сохского района', NULL),
(1730226812, 17, 30, 226, 812, 'Sohibkor', NULL, 'Соҳибкор', NULL, 'Сохибкор', NULL),
(1730226840, 17, 30, 226, 840, 'Ravon', NULL, 'Равон', NULL, 'Раван', NULL),
(1730226857, 17, 30, 226, 857, 'So\'x', NULL, 'Сўх', NULL, 'Сох', NULL),
(1730226893, 17, 30, 226, 893, 'Hushyor', NULL, 'Ҳушёр', NULL, 'Хушъяр', NULL),
(1730227550, 17, 30, 227, 550, 'Toshloq tumanining shaharchalari', NULL, 'Тошлоқ туманининг шаҳарчалари', NULL, 'Городские поселки Ташлакского района', NULL),
(1730227551, 17, 30, 227, 551, 'Toshloq', NULL, 'Тошлоқ', NULL, 'Ташлак', NULL),
(1730227553, 17, 30, 227, 553, 'Arabmozor', NULL, 'Арабмозор', NULL, 'Арабмозор', NULL),
(1730227555, 17, 30, 227, 555, 'Axshak', NULL, 'Ахшак', NULL, 'Ахшак', NULL),
(1730227557, 17, 30, 227, 557, 'Varzak', NULL, 'Варзак', NULL, 'Варзак', NULL),
(1730227559, 17, 30, 227, 559, 'Zarkent', NULL, 'Заркент', NULL, 'Заркент', NULL),
(1730227561, 17, 30, 227, 561, 'Qumariq', NULL, 'Қумариқ', NULL, 'Кумарик', NULL),
(1730227563, 17, 30, 227, 563, 'Quyi Nayman', NULL, 'Қуйи Найман', NULL, 'Куйи Найман', NULL),
(1730227565, 17, 30, 227, 565, 'Sadda', NULL, 'Садда', NULL, 'Садда', NULL),
(1730227567, 17, 30, 227, 567, 'Turvat', NULL, 'Турват', NULL, 'Турват', NULL),
(1730227569, 17, 30, 227, 569, 'Yakkatut', NULL, 'Яккатут', NULL, 'Яккатут', NULL),
(1730227800, 17, 30, 227, 800, 'Toshloq tumanining qishloq fuqarolar yig\'inlari', NULL, 'Тошлоқ туманининг қишлоқ фуқаролар йиғинлари', NULL, 'Сельские сходы граждан Ташлакского района', NULL),
(1730227810, 17, 30, 227, 810, 'Axshak', NULL, 'Ахшак', NULL, 'Ахшак', NULL),
(1730227815, 17, 30, 227, 815, 'Quyi Yakkatut', NULL, 'Қуйи Яккатут', NULL, 'Куйи Яккатут', NULL),
(1730227823, 17, 30, 227, 823, 'Varzak', NULL, 'Варзак', NULL, 'Варзак', NULL),
(1730227836, 17, 30, 227, 836, 'Arabmozor', NULL, 'Арабмозор', NULL, 'Арабмазар', NULL),
(1730227849, 17, 30, 227, 849, 'Qumariq', NULL, 'Қумариқ', NULL, 'Кумарык', NULL),
(1730227853, 17, 30, 227, 853, 'Nayman', NULL, 'Найман', NULL, 'Найман', NULL),
(1730227855, 17, 30, 227, 855, 'Naymanbo\'ston', NULL, 'Найманбўстон', NULL, 'Найманбустан', NULL),
(1730227872, 17, 30, 227, 872, 'Sadda', NULL, 'Садда', NULL, 'Садда', NULL),
(1730227882, 17, 30, 227, 882, 'Zarkent', NULL, 'Заркент', NULL, 'Заркент', NULL),
(1730227885, 17, 30, 227, 885, 'Qo\'rg\'oncha', NULL, 'Қўрғонча', NULL, 'Курганча', NULL),
(1730230500, 17, 30, 230, 500, 'O\'zbekiston tumanining tuman ahamiyatiga ega shaharlari', NULL, 'Ўзбекистон туманининг туман аҳамиятига эга шаҳарлари', NULL, 'Города районного подчинения Узбекистанского района', NULL),
(1730230501, 17, 30, 230, 501, 'Yaypan', NULL, 'Яйпан', NULL, 'Яйпан', NULL),
(1730230550, 17, 30, 230, 550, 'O\'zbekiston tumanining shaharchalari', NULL, 'Ўзбекистон туманининг шаҳарчалари', NULL, 'Городские поселки Узбекистанского района', NULL),
(1730230556, 17, 30, 230, 556, 'Sho\'rsuv', NULL, 'Шўрсув', NULL, 'Шорсу', NULL),
(1730230558, 17, 30, 230, 558, 'Avg\'on', NULL, 'Авғон', NULL, 'Авгон', NULL),
(1730230562, 17, 30, 230, 562, 'Dahana Qaqir', NULL, 'Даҳана Қақир', NULL, 'Дахана какир', NULL),
(1730230564, 17, 30, 230, 564, 'Islom', NULL, 'Ислом', NULL, 'Ислам', NULL),
(1730230566, 17, 30, 230, 566, 'Katta Tagob', NULL, 'Катта Тагоб', NULL, 'Катта Тагаб', NULL),
(1730230568, 17, 30, 230, 568, 'Qizil Qaqir', NULL, 'Қизил Қақир', NULL, 'Кизил какир', NULL),
(1730230570, 17, 30, 230, 570, 'Kichik Tagob', NULL, 'Кичик Тагоб', NULL, 'Кичик Тагаб', NULL),
(1730230572, 17, 30, 230, 572, 'Sardoba', NULL, 'Сардоба', NULL, 'Сардоба', NULL),
(1730230574, 17, 30, 230, 574, 'Kudash', NULL, 'Кудаш', NULL, 'Кудаш', NULL),
(1730230576, 17, 30, 230, 576, 'Kul elash', NULL, 'Кул элаш', NULL, 'Кул элаш', NULL),
(1730230577, 17, 30, 230, 577, 'Qulibek', NULL, 'Қулибек', NULL, 'Кулибек', NULL),
(1730230578, 17, 30, 230, 578, 'Qumbosti', NULL, 'Қумбости', NULL, 'Кумбосди', NULL),
(1730230580, 17, 30, 230, 580, 'Qo\'shqo\'noq', NULL, 'Қўшқўноқ', NULL, 'Кушкунак', NULL),
(1730230582, 17, 30, 230, 582, 'Qo\'rg\'oncha', NULL, 'Қўрғонча', NULL, 'Курганча', NULL),
(1730230584, 17, 30, 230, 584, 'Nursux', NULL, 'Нурсух', NULL, 'Нурсух', NULL),
(1730230586, 17, 30, 230, 586, 'Ovchi', NULL, 'Овчи', NULL, 'Овчи', NULL),
(1730230588, 17, 30, 230, 588, 'Oyimcha Qaqir', NULL, 'Ойимча Қақир', NULL, 'Айимча какир', NULL),
(1730230590, 17, 30, 230, 590, 'Oqmachit', NULL, 'Оқмачит', NULL, 'Акмачит', NULL),
(1730230592, 17, 30, 230, 592, 'Oxta Tagob', NULL, 'Охта Тагоб', NULL, 'Ахта Тагаб', NULL),
(1730230594, 17, 30, 230, 594, 'O\'qchi Dasht', NULL, 'Ўқчи Дашт', NULL, 'Укчи Дашт', NULL),
(1730230596, 17, 30, 230, 596, 'O\'qchi Rajabgardi', NULL, 'Ўқчи Ражабгарди', NULL, 'Укчи Ражабгарди', NULL),
(1730230598, 17, 30, 230, 598, 'Iftixor', NULL, 'Ифтихор', NULL, 'Ифтихор', NULL),
(1730230800, 17, 30, 230, 800, 'O\'zbekiston tumanining qishloq fuqarolar yig\'inlari', NULL, 'Ўзбекистон туманининг қишлоқ фуқаролар йиғинлари', NULL, 'Сельские сходы граждан Узбекистанского района', NULL),
(1730230807, 17, 30, 230, 807, 'Ovchi', NULL, 'Овчи', NULL, 'Авчи', NULL),
(1730230811, 17, 30, 230, 811, 'Qorayozbobo', NULL, 'Қораёзбобо', NULL, 'Кораезбобо', NULL),
(1730230822, 17, 30, 230, 822, 'G\'aniobod', NULL, 'Ғаниобод', NULL, 'Ганиабад', NULL),
(1730230838, 17, 30, 230, 838, 'Konizar', NULL, 'Конизар', NULL, 'Конизор', NULL),
(1730230844, 17, 30, 230, 844, 'Qaynar', NULL, 'Қайнар', NULL, 'Кайнар', NULL),
(1730230855, 17, 30, 230, 855, 'Mingtut', NULL, 'Мингтут', NULL, 'Мингтут', NULL),
(1730230866, 17, 30, 230, 866, 'Nursux', NULL, 'Нурсух', NULL, 'Нурсук', NULL),
(1730230869, 17, 30, 230, 869, 'Rajabgardi', NULL, 'Ражабгарди', NULL, 'Раджабгарди', NULL),
(1730230873, 17, 30, 230, 873, 'Qizil Qaqir', NULL, 'Қизил Қақир', NULL, 'Кызыл какир', NULL),
(1730230875, 17, 30, 230, 875, 'Tagob', NULL, 'Тагоб', NULL, 'Тагаб', NULL),
(1730233550, 17, 30, 233, 550, 'Farg\'ona tumanining shaharchalari', NULL, 'Фарғона туманининг шаҳарчалари', NULL, 'Городские поселки Ферганского района', NULL),
(1730233555, 17, 30, 233, 555, 'Chimyon ( mavjud)', NULL, 'Чимён  ( мавжуд)', NULL, 'Чимион', NULL),
(1730233557, 17, 30, 233, 557, 'Avval', NULL, 'Аввал', NULL, 'Аввал', NULL),
(1730233559, 17, 30, 233, 559, 'Archa', NULL, 'Арча', NULL, 'Арча', NULL),
(1730233561, 17, 30, 233, 561, 'Vodil', NULL, 'Водил', NULL, 'Водил', NULL),
(1730233563, 17, 30, 233, 563, 'Yuqori Vodil', NULL, 'Юқори Водил', NULL, 'Юкори Водил', NULL),
(1730233565, 17, 30, 233, 565, 'Damko\'l', NULL, 'Дамкўл', NULL, 'Дамкул', NULL),
(1730233567, 17, 30, 233, 567, 'Yoshlarobod', NULL, 'Ёшларобод', NULL, 'Ешларабад', NULL),
(1730233569, 17, 30, 233, 569, 'Qo\'rg\'ontepa', NULL, 'Қўрғонтепа', NULL, 'Кургонтепа', NULL),
(1730233571, 17, 30, 233, 571, 'Langar', NULL, 'Лангар', NULL, 'Лангар', NULL),
(1730233573, 17, 30, 233, 573, 'Log\'on', NULL, 'Лоғон', NULL, 'Лаган', NULL),
(1730233575, 17, 30, 233, 575, 'Mindon', NULL, 'Миндон', NULL, 'Миндон', NULL),
(1730233577, 17, 30, 233, 577, 'Novkent', NULL, 'Новкент', NULL, 'Новкент', NULL),
(1730233579, 17, 30, 233, 579, 'Yuqori Oqtepa', NULL, 'Юқори Оқтепа', NULL, 'Юкори Октепа', NULL),
(1730233581, 17, 30, 233, 581, 'Parvoz', NULL, 'Парвоз', NULL, 'Парвоз', NULL),
(1730233583, 17, 30, 233, 583, 'Yuqori Soybo\'yi', NULL, 'Юқори Сойбўйи', NULL, 'Юкори Сойбуйи', NULL),
(1730233585, 17, 30, 233, 585, 'Bahor', NULL, 'Баҳор', NULL, 'Бахор', NULL),
(1730233587, 17, 30, 233, 587, 'Xonqiz', NULL, 'Хонқиз', NULL, 'Хонкиз', NULL),
(1730233589, 17, 30, 233, 589, 'Xo\'roba', NULL, 'Хўроба', NULL, 'Хуроба', NULL),
(1730233591, 17, 30, 233, 591, 'Neftchilar', NULL, 'Нефтчилар', NULL, 'Нефтчилар', NULL),
(1730233593, 17, 30, 233, 593, 'Shoximardonobod', NULL, 'Шохимардонобод', NULL, 'Шохимардонабад', NULL),
(1730233595, 17, 30, 233, 595, 'Yuqori Mindon', NULL, 'Юқори Миндон', NULL, 'Юкори миндан', NULL),
(1730233800, 17, 30, 233, 800, 'Farg\'ona tumanining qishloq fuqarolar yig\'inlari', NULL, 'Фарғона туманининг қишлоқ фуқаролар йиғинлари', NULL, 'Сельские сходы граждан Ферганского района', NULL),
(1730233804, 17, 30, 233, 804, 'Avval', NULL, 'Аввал', NULL, 'Ауваль', NULL),
(1730233816, 17, 30, 233, 816, 'Gulshan', NULL, 'Гулшан', NULL, 'Гульшан', NULL),
(1730233821, 17, 30, 233, 821, 'Qo\'rg\'ontepa', NULL, 'Қўрғонтепа', NULL, 'Кургантепа', NULL),
(1730233826, 17, 30, 233, 826, 'Soy bo\'yi', NULL, 'Сой бўйи', NULL, 'Сайбуйи', NULL),
(1730233830, 17, 30, 233, 830, 'Log\'on', NULL, 'Лоғон', NULL, 'Лаган', NULL),
(1730233836, 17, 30, 233, 836, 'Mindon', NULL, 'Миндон', NULL, 'Миндан', NULL),
(1730233839, 17, 30, 233, 839, 'Navkat', NULL, 'Навкат', NULL, 'Навкат', NULL),
(1730233847, 17, 30, 233, 847, 'Qaptarxona', NULL, 'Қаптархона', NULL, 'Каптаpхона', NULL),
(1730233864, 17, 30, 233, 864, 'Shoximardon', NULL, 'Шохимардон', NULL, 'Шахимаpдан', NULL),
(1730233870, 17, 30, 233, 870, 'Parvoz', NULL, 'Парвоз', NULL, 'Парвоз', NULL),
(1730233876, 17, 30, 233, 876, 'Chimyon', NULL, 'Чимён', NULL, 'Чимион', NULL),
(1730233880, 17, 30, 233, 880, 'Damko\'l', NULL, 'Дамкўл', NULL, 'Дамкуль', NULL),
(1730233885, 17, 30, 233, 885, 'Xonqiz', NULL, 'Хонқиз', NULL, 'Ханкыз', NULL),
(1730233890, 17, 30, 233, 890, 'Oqbilol', NULL, 'Оқбилол', NULL, 'Акбилал', NULL),
(1730233895, 17, 30, 233, 895, 'Yuqori Vodil', NULL, 'Юқори Водил', NULL, 'Юкоpи Вуадыл', NULL),
(1730233898, 17, 30, 233, 898, 'Vodil', NULL, 'Водил', NULL, 'Вуадыл', NULL),
(1730236550, 17, 30, 236, 550, 'Dang\'ara tumanining shaharchalari', NULL, 'Данғара туманининг шаҳарчалари', NULL, 'Городские поселки Дангаринского района', NULL),
(1730236551, 17, 30, 236, 551, 'Dang\'ara', NULL, 'Данғара', NULL, 'Дангара', NULL),
(1730236554, 17, 30, 236, 554, 'Doimobod', NULL, 'Доимобод', NULL, 'Доимабад', NULL),
(1730236557, 17, 30, 236, 557, 'Katta Ganjiravon', NULL, 'Катта Ганжиравон', NULL, 'Катта ганжиравон', NULL),
(1730236561, 17, 30, 236, 561, 'Katta Turk', NULL, 'Катта Турк', NULL, 'Катта турк', NULL),
(1730236564, 17, 30, 236, 564, 'Qum Qiyali', NULL, 'Қум Қияли', NULL, 'Кум кияли', NULL),
(1730236567, 17, 30, 236, 567, 'Toptiqsaroy', NULL, 'Топтиқсарой', NULL, 'Топтиксарай', NULL),
(1730236571, 17, 30, 236, 571, 'Tumor', NULL, 'Тумор', NULL, 'Тумор', NULL),
(1730236574, 17, 30, 236, 574, 'Yuqori Urganji', NULL, 'Юқори Урганжи', NULL, 'Юкори Урганжи', NULL),
(1730236577, 17, 30, 236, 577, 'Yangi zamon', NULL, 'Янги замон', NULL, 'Янги замон', NULL),
(1730236800, 17, 30, 236, 800, 'Dang\'ara tumanining qishloq fuqarolar yig\'inlari', NULL, 'Данғара туманининг қишлоқ фуқаролар йиғинлари', NULL, 'Сельские сходы граждан Дангаринского района', NULL),
(1730236803, 17, 30, 236, 803, 'Oqdjar', NULL, 'Оқджар', NULL, 'Акджар', NULL),
(1730236808, 17, 30, 236, 808, 'Sohil', NULL, 'Соҳил', NULL, 'Сохил', NULL),
(1730236822, 17, 30, 236, 822, 'Naymancha', NULL, 'Найманча', NULL, 'Найманча', NULL),
(1730236830, 17, 30, 236, 830, 'Qiyali', NULL, 'Қияли', NULL, 'Кияли', NULL),
(1730236833, 17, 30, 236, 833, 'Mulkobod', NULL, 'Мулкобод', NULL, 'Мулкабад', NULL),
(1730236841, 17, 30, 236, 841, 'Sanam', NULL, 'Санам', NULL, 'Санам', NULL),
(1730236844, 17, 30, 236, 844, 'Chinobod', NULL, 'Чинобод', NULL, 'Чинабад', NULL),
(1730236855, 17, 30, 236, 855, 'Taypoq', NULL, 'Тайпоқ', NULL, 'Тайпак', NULL),
(1730238550, 17, 30, 238, 550, 'Furqat tumanining shaharchalari', NULL, 'Фурқат туманининг шаҳарчалари', NULL, 'Городские поселки Фуркатского района', NULL),
(1730238551, 17, 30, 238, 551, 'Navbahor', NULL, 'Навбаҳор', NULL, 'Навбахор', NULL),
(1730238553, 17, 30, 238, 553, 'Kaldo\'shan', NULL, 'Калдўшан', NULL, 'Калдушан', NULL),
(1730238555, 17, 30, 238, 555, 'Qo\'qonboy', NULL, 'Қўқонбой', NULL, 'Куконбай', NULL),
(1730238557, 17, 30, 238, 557, 'Tomosha', NULL, 'Томоша', NULL, 'Томоша', NULL),
(1730238559, 17, 30, 238, 559, 'Chek chuvaldak', NULL, 'Чек чувалдак', NULL, 'Чек чувалдак', NULL),
(1730238561, 17, 30, 238, 561, 'Shoyinbek', NULL, 'Шойинбек', NULL, 'Шойинбек', NULL),
(1730238563, 17, 30, 238, 563, 'Eski', NULL, 'Эски', NULL, 'Эски', NULL),
(1730238565, 17, 30, 238, 565, 'Eshon', NULL, 'Эшон', NULL, 'Эшон', NULL),
(1730238800, 17, 30, 238, 800, 'Furqat tumanining qishloq fuqarolar yig\'inlari', NULL, 'Фурқат туманининг қишлоқ фуқаролар йиғинлари', NULL, 'Сельские сходы граждан Фуркатского района', NULL),
(1730238810, 17, 30, 238, 810, 'G\'allakor', NULL, 'Ғаллакор', NULL, 'Галлакор', NULL),
(1730238830, 17, 30, 238, 830, 'Qo\'qon', NULL, 'Қўқон', NULL, 'Коканд', NULL),
(1730238835, 17, 30, 238, 835, 'Navbahor', NULL, 'Навбаҳор', NULL, 'Навбахор', NULL),
(1730238840, 17, 30, 238, 840, 'Tomosha', NULL, 'Томоша', NULL, 'Тамаша', NULL),
(1730238850, 17, 30, 238, 850, 'Shunkor', NULL, 'Шункор', NULL, 'Шункар', NULL),
(1730238855, 17, 30, 238, 855, 'G\'uncha', NULL, 'Ғунча', NULL, 'Гунча', NULL),
(1730242550, 17, 30, 242, 550, 'Yozyovon tumanining shaharchalari', NULL, 'Ёзёвон туманининг шаҳарчалари', NULL, 'Городские поселки Язъяванского района', NULL),
(1730242551, 17, 30, 242, 551, 'Yozyovon', NULL, 'Ёзёвон', NULL, 'Язъяван', NULL),
(1730242554, 17, 30, 242, 554, 'Yozyovon chek', NULL, 'Ёзёвон чек', NULL, 'Езевон чек', NULL),
(1730242557, 17, 30, 242, 557, 'Yo\'ldoshobod', NULL, 'Йўлдошобод', NULL, 'Йулдошабад', NULL),
(1730242561, 17, 30, 242, 561, 'Qorasoqol', NULL, 'Қорасоқол', NULL, 'Карасакал', NULL),
(1730242564, 17, 30, 242, 564, 'Qoratepa', NULL, 'Қоратепа', NULL, 'Коратепа', NULL),
(1730242567, 17, 30, 242, 567, 'Kelajak', NULL, 'Келажак', NULL, 'Келажак', NULL),
(1730242571, 17, 30, 242, 571, 'Quyi Soybo\'yi', NULL, 'Қуйи Сойбўйи', NULL, 'Куйи Сойбуйи', NULL),
(1730242574, 17, 30, 242, 574, 'Toshxovuz', NULL, 'Тошховуз', NULL, 'Тошховуз', NULL),
(1730242577, 17, 30, 242, 577, 'Xonobod', NULL, 'Хонобод', NULL, 'Хонабад', NULL),
(1730242800, 17, 30, 242, 800, 'Yozyovon tumanining qishloq fuqarolar yig\'inlari', NULL, 'Ёзёвон туманининг қишлоқ фуқаролар йиғинлари', NULL, 'Сельские сходы граждан Язъяванского района', NULL),
(1730242806, 17, 30, 242, 806, 'Guliston', NULL, 'Гулистон', NULL, 'Гулистан', NULL),
(1730242810, 17, 30, 242, 810, 'Qatortol', NULL, 'Қатортол', NULL, 'Катартал', NULL),
(1730242817, 17, 30, 242, 817, 'Karatepa', NULL, 'Каратепа', NULL, 'Каpатепа', NULL),
(1730242830, 17, 30, 242, 830, 'Xonobod', NULL, 'Хонобод', NULL, 'Ханабад', NULL),
(1730242832, 17, 30, 242, 832, 'Istiqlol', NULL, 'Истиқлол', NULL, 'Истиклол', NULL),
(1730242848, 17, 30, 242, 848, 'Yozyovon', NULL, 'Ёзёвон', NULL, 'Язъяван', NULL),
(1730242852, 17, 30, 242, 852, 'Yangiobod', NULL, 'Янгиобод', NULL, 'Янгиабад', NULL),
(1730242855, 17, 30, 242, 855, 'Ishtirxon', NULL, 'Иштирхон', NULL, 'Иштиpхон', NULL),
(1730242860, 17, 30, 242, 860, 'Qorasoqol', NULL, 'Қорасоқол', NULL, 'Карасакал', NULL),
(1730242865, 17, 30, 242, 865, 'Yangibo\'ston', NULL, 'Янгибўстон', NULL, 'Янгибустан', NULL),
(1730405550, 17, 30, 405, 550, 'Qo\'qon shahar xokimligiga qarashli shaharchalar', NULL, 'Қўқон шаҳар хокимлигига қарашли шаҳарчалар', NULL, 'Городские поселки, подч. Кокандскому горхокимияту', NULL),
(1730405555, 17, 30, 405, 555, 'Muqimiy', NULL, 'Муқимий', NULL, 'Мукими', NULL),
(1730408550, 17, 30, 408, 550, 'Quvasoy shahar xokimligiga qarashli shaharchalar', NULL, 'Қувасой шаҳар хокимлигига қарашли шаҳарчалар', NULL, 'Городские поселки подч. Кувасайскому горхокимияту', NULL),
(1730408555, 17, 30, 408, 555, 'Do\'stlik', NULL, 'Дўстлик', NULL, 'Дустлик', NULL),
(1730408800, 17, 30, 408, 800, 'Quvasoy shahar xokimligiga qarashli qishloq fuqarolar yig\'inlari', NULL, 'Қувасой шаҳар хокимлигига қарашли қишлоқ фуқаролар йиғинлари', NULL, 'Сельские сходы гр-н, подч. Кувасайскому горхок-ту', NULL),
(1730408811, 17, 30, 408, 811, 'Arsif', NULL, 'Арсиф', NULL, 'Арсив', NULL),
(1730408822, 17, 30, 408, 822, 'Valik', NULL, 'Валик', NULL, 'Валик', NULL),
(1730408829, 17, 30, 408, 829, 'Qo\'chqorchi', NULL, 'Қўчқорчи', NULL, 'Кучкаpчи', NULL),
(1730408833, 17, 30, 408, 833, 'Muyon', NULL, 'Муён', NULL, 'Муян', NULL),
(1730408841, 17, 30, 408, 841, 'Isfayramsoy', NULL, 'Исфайрамсой', NULL, 'Исфайрамсой', NULL),
(1730408845, 17, 30, 408, 845, 'So\'fon', NULL, 'Сўфон', NULL, 'Суфан', NULL),
(1730412550, 17, 30, 412, 550, 'Marg\'ilon shahar xokimligiga qarashli shaharchalar', NULL, 'Марғилон шаҳар хокимлигига қарашли шаҳарчалар', NULL, 'Городкие поселки, подч. Маргиланскому горхокимияту', NULL),
(1730412557, 17, 30, 412, 557, 'Yangi Marg\'ilon', NULL, 'Янги Марғилон', NULL, 'Янги Маpгилан', NULL),
(1733204550, 17, 33, 204, 550, 'Bog\'ot tumanining shaharchalari', NULL, 'Боғот туманининг шаҳарчалари', NULL, 'Городские поселки Багатского района', NULL),
(1733204551, 17, 33, 204, 551, 'Bog\'ot', NULL, 'Боғот', NULL, 'Багат', NULL),
(1733204553, 17, 33, 204, 553, 'Nurafshon', NULL, 'Нурафшон', NULL, 'Нурафшон', NULL),
(1733204555, 17, 33, 204, 555, 'Oltinqum', NULL, 'Олтинқум', NULL, 'Олтинкум', NULL),
(1733204557, 17, 33, 204, 557, 'Uzumzor', NULL, 'Узумзор', NULL, 'Узумзор', NULL),
(1733204559, 17, 33, 204, 559, 'Yangiqadam', NULL, 'Янгиқадам', NULL, 'Янгикадам', NULL),
(1733204800, 17, 33, 204, 800, 'Bog\'ot tumanining qishloq fuqarolar yig\'inlari', NULL, 'Боғот туманининг қишлоқ фуқаролар йиғинлари', NULL, 'Сельские сходы граждан Багатского района', NULL),
(1733204805, 17, 33, 204, 805, 'Qorayong\'oq', NULL, 'Қораёнғоқ', NULL, 'Караянтак', NULL),
(1733204813, 17, 33, 204, 813, 'Beshariq', NULL, 'Бешариқ', NULL, 'Бешарык', NULL),
(1733204822, 17, 33, 204, 822, 'Dehqonbozor', NULL, 'Деҳқонбозор', NULL, 'Дехканбазар', NULL),
(1733204833, 17, 33, 204, 833, 'Qulonqorabog\'', NULL, 'Қулонқорабоғ', NULL, 'Куланкарабаг', NULL),
(1733204844, 17, 33, 204, 844, 'O\'g\'uzrabot', NULL, 'Ўғузработ', NULL, 'Угузработ', NULL),
(1733204849, 17, 33, 204, 849, 'Madaniyat', NULL, 'Маданият', NULL, 'Маданият', NULL),
(1733204855, 17, 33, 204, 855, 'Nayman', NULL, 'Найман', NULL, 'Найман', NULL),
(1733204866, 17, 33, 204, 866, 'Mirishkor', NULL, 'Миришкор', NULL, 'Миришкор', NULL),
(1733204870, 17, 33, 204, 870, 'Xo\'jalik', NULL, 'Хўжалик', NULL, 'Хужалик', NULL),
(1733204875, 17, 33, 204, 875, 'Qipchoq', NULL, 'Қипчоқ', NULL, 'Кипчак', NULL),
(1733208550, 17, 33, 208, 550, 'Gurlan tumanining shaharchalari', NULL, 'Гурлан туманининг шаҳарчалари', NULL, 'Городские поселки Гурленского района', NULL),
(1733208551, 17, 33, 208, 551, 'Gurlan', NULL, 'Гурлан', NULL, 'Гурлен', NULL),
(1733208554, 17, 33, 208, 554, 'Chakkalar', NULL, 'Чаккалар', NULL, 'Чаккалар', NULL),
(1733208557, 17, 33, 208, 557, 'Bo\'zqal\'a', NULL, 'Бўзқалъа', NULL, 'Бузкалъа', NULL),
(1733208561, 17, 33, 208, 561, 'Nurzamin', NULL, 'Нурзамин', NULL, 'Нурзамин', NULL),
(1733208564, 17, 33, 208, 564, 'Nukus yop', NULL, 'Нукус ёп', NULL, 'Нукус еп', NULL),
(1733208567, 17, 33, 208, 567, 'Markaziy Guliston', NULL, 'Марказий Гулистон', NULL, 'Марказий Гулистан', NULL),
(1733208571, 17, 33, 208, 571, 'Do\'simbiy', NULL, 'Дўсимбий', NULL, 'Дусимбий', NULL),
(1733208574, 17, 33, 208, 574, 'Taxtako\'pir', NULL, 'Тахтакўпир', NULL, 'Тахтакупир', NULL),
(1733208577, 17, 33, 208, 577, 'Yormish', NULL, 'Ёрмиш', NULL, 'Ермиш', NULL),
(1733208800, 17, 33, 208, 800, 'Gurlan tumanining qishloq fuqarolar yig\'inlari', NULL, 'Гурлан туманининг қишлоқ фуқаролар йиғинлари', NULL, 'Сельские сходы граждан Гурленского района', NULL),
(1733208803, 17, 33, 208, 803, 'Olg\'a', NULL, 'Олға', NULL, 'Алга', NULL),
(1733208820, 17, 33, 208, 820, 'Vazir', NULL, 'Вазир', NULL, 'Вазир', NULL),
(1733208825, 17, 33, 208, 825, 'Guliston', NULL, 'Гулистон', NULL, 'Гулистан', NULL),
(1733208826, 17, 33, 208, 826, 'Xizireli', NULL, 'Хизирели', NULL, 'Хизирэли', NULL),
(1733208835, 17, 33, 208, 835, 'Birlashgan', NULL, 'Бирлашган', NULL, 'Бирлашган', NULL),
(1733208855, 17, 33, 208, 855, 'Saxtiyon', NULL, 'Сахтиён', NULL, 'Сахтиян', NULL),
(1733208857, 17, 33, 208, 857, 'Do\'simbiy', NULL, 'Дўсимбий', NULL, 'Досимбий', NULL),
(1733208874, 17, 33, 208, 874, 'Sholikor', NULL, 'Шоликор', NULL, 'Шаликор', NULL),
(1733208881, 17, 33, 208, 881, 'Eshimjiron', NULL, 'Эшимжирон', NULL, 'Эшимжиран', NULL),
(1733212550, 17, 33, 212, 550, 'Qo\'shko\'pir tumanining shaharchalari', NULL, 'Қўшкўпир туманининг шаҳарчалари', NULL, 'Городские поселки Кошкупырского района', NULL),
(1733212551, 17, 33, 212, 551, 'Qo\'shko\'pir', NULL, 'Қўшкўпир', NULL, 'Кошкупыр', NULL),
(1733212553, 17, 33, 212, 553, 'Qoromon', NULL, 'Қоромон', NULL, 'Караман', NULL),
(1733212555, 17, 33, 212, 555, 'O\'rta qishloq', NULL, 'Ўрта қишлоқ', NULL, 'Урта кишлак', NULL),
(1733212557, 17, 33, 212, 557, 'Xonbod', NULL, 'Хонбод', NULL, 'Хонабад', NULL),
(1733212559, 17, 33, 212, 559, 'Shixmashhad', NULL, 'Шихмашҳад', NULL, 'Шихмашхад', NULL),
(1733212561, 17, 33, 212, 561, 'Sherobod', NULL, 'Шеробод', NULL, 'Шерабад', NULL),
(1733212800, 17, 33, 212, 800, 'Qo\'shko\'pir tumanining qishloq fuqarolar yig\'inlari', NULL, 'Қўшкўпир туманининг қишлоқ фуқаролар йиғинлари', NULL, 'Сельские сходы граждан Кошкупырского района', NULL),
(1733212811, 17, 33, 212, 811, 'Shix', NULL, 'Ших', NULL, 'Ших', NULL),
(1733212822, 17, 33, 212, 822, 'G\'ozovot', NULL, 'Ғозовот', NULL, 'Газават', NULL),
(1733212827, 17, 33, 212, 827, 'Oqdarband', NULL, 'Оқдарбанд', NULL, 'Акдарбанд', NULL),
(1733212833, 17, 33, 212, 833, 'Qotog\'on', NULL, 'Қотоғон', NULL, 'Котогон', NULL),
(1733212840, 17, 33, 212, 840, 'Kenagas', NULL, 'Кенагас', NULL, 'Кенегес', NULL),
(1733212856, 17, 33, 212, 856, 'O\'zbekyap', NULL, 'Ўзбекяп', NULL, 'Узбекяб', NULL),
(1733212867, 17, 33, 212, 867, 'O\'rtayap', NULL, 'Ўртаяп', NULL, 'Уртаяп', NULL),
(1733212878, 17, 33, 212, 878, 'Xadra', NULL, 'Хадра', NULL, 'Хадра', NULL),
(1733212889, 17, 33, 212, 889, 'Xonobod', NULL, 'Хонобод', NULL, 'Ханабад', NULL),
(1733212891, 17, 33, 212, 891, 'Xosiyon', NULL, 'Хосиён', NULL, 'Хасиян', NULL),
(1733212893, 17, 33, 212, 893, 'Xayrobod', NULL, 'Хайробод', NULL, 'Хайрабад', NULL),
(1733212895, 17, 33, 212, 895, 'Yangilik', NULL, 'Янгилик', NULL, 'Янгилик', NULL),
(1733217550, 17, 33, 217, 550, 'Urganch tumanining shaharchalari', NULL, 'Урганч туманининг шаҳарчалари', NULL, 'Городские поселки Ургенчского района', NULL),
(1733217554, 17, 33, 217, 554, 'Cholish', NULL, 'Чолиш', NULL, 'Чалыш', NULL),
(1733217558, 17, 33, 217, 558, 'Oq oltin', NULL, 'Оқ олтин', NULL, 'Ак алтин', NULL),
(1733217562, 17, 33, 217, 562, 'Chandir', NULL, 'Чандир', NULL, 'Чондир', NULL),
(1733217566, 17, 33, 217, 566, 'Ko\'palik', NULL, 'Кўпалик', NULL, 'Купалик', NULL),
(1733217572, 17, 33, 217, 572, 'Gardonlar', NULL, 'Гардонлар', NULL, 'Гардонлар', NULL),
(1733217800, 17, 33, 217, 800, 'Urganch tumanining qishloq fuqarolar yig\'inlari', NULL, 'Урганч туманининг қишлоқ фуқаролар йиғинлари', NULL, 'Сельские сходы граждан Ургенчского района', NULL),
(1733217822, 17, 33, 217, 822, 'Bekobod', NULL, 'Бекобод', NULL, 'Бекабад', NULL),
(1733217833, 17, 33, 217, 833, 'G\'aybu', NULL, 'Ғайбу', NULL, 'Гайбу', NULL),
(1733217844, 17, 33, 217, 844, 'Qoromon', NULL, 'Қоромон', NULL, 'Караман', NULL),
(1733217855, 17, 33, 217, 855, 'Qoroul', NULL, 'Қороул', NULL, 'Караул', NULL),
(1733217863, 17, 33, 217, 863, 'Chatko\'pir', NULL, 'Чаткўпир', NULL, 'Чаткупыр', NULL),
(1733217869, 17, 33, 217, 869, 'Chakkasholikor', NULL, 'Чаккашоликор', NULL, 'Чаккашаликар', NULL),
(1733217872, 17, 33, 217, 872, 'Chandirkiyat', NULL, 'Чандиркият', NULL, 'Чандиркият', NULL),
(1733217882, 17, 33, 217, 882, 'Yuqori bog\'', NULL, 'Юқори боғ', NULL, 'Юкарибаг', NULL),
(1733217890, 17, 33, 217, 890, 'Yuqori do\'rman', NULL, 'Юқори дўрман', NULL, 'Юкары-Дорман', NULL),
(1733217895, 17, 33, 217, 895, 'G\'alaba', NULL, 'Ғалаба', NULL, 'Галаба', NULL),
(1733220550, 17, 33, 220, 550, 'Xazorasp tumanining shaharchalari', NULL, 'Хазорасп туманининг шаҳарчалари', NULL, 'Городские поселки Хазараспского района', NULL),
(1733220551, 17, 33, 220, 551, 'Xazorasp', NULL, 'Хазорасп', NULL, 'Хазарасп', NULL),
(1733220553, 17, 33, 220, 553, 'Oq yop', NULL, 'Оқ ёп', NULL, 'Ак еп', NULL),
(1733220555, 17, 33, 220, 555, 'Oyok ovvo', NULL, 'Оёк овво', NULL, 'Аек-авва', NULL),
(1733220557, 17, 33, 220, 557, 'Nurxayot', NULL, 'Нурхаёт', NULL, 'Нурхаёт', NULL),
(1733220800, 17, 33, 220, 800, 'Xazorasp tumanining qishloq fuqarolar yig\'inlari', NULL, 'Хазорасп туманининг қишлоқ фуқаролар йиғинлари', NULL, 'Сельские сходы граждан Хазараспского района', NULL),
(1733220803, 17, 33, 220, 803, 'Ovshar', NULL, 'Овшар', NULL, 'Авшар', NULL),
(1733220806, 17, 33, 220, 806, 'Karvak', NULL, 'Карвак', NULL, 'Карвак', NULL),
(1733220812, 17, 33, 220, 812, 'Beshta', NULL, 'Бешта', NULL, 'Бешта', NULL),
(1733220814, 17, 33, 220, 814, 'Bo\'ston', NULL, 'Бўстон', NULL, 'Бустан', NULL);
INSERT INTO `soato` (`MHOBT_cod`, `res_id`, `region_id`, `district_id`, `qfi_id`, `name_lot`, `center_lot`, `name_cyr`, `center_cyr`, `name_ru`, `center_ru`) VALUES
(1733220822, 17, 33, 220, 822, 'Pitnak', NULL, 'Питнак', NULL, 'Питнак', NULL),
(1733220830, 17, 33, 220, 830, 'Pichoqchi', NULL, 'Пичоқчи', NULL, 'Пичакчи', NULL),
(1733220845, 17, 33, 220, 845, 'Sanoat', NULL, 'Саноат', NULL, 'Саноат', NULL),
(1733220852, 17, 33, 220, 852, 'Sarimoy', NULL, 'Саримой', NULL, 'Саримай', NULL),
(1733220862, 17, 33, 220, 862, 'Tuproqqal\'a', NULL, 'Тупроққалъа', NULL, 'Тупраккала', NULL),
(1733220868, 17, 33, 220, 868, 'Muxomon', NULL, 'Мухомон', NULL, 'Мухаман', NULL),
(1733220879, 17, 33, 220, 879, 'Yangibozor', NULL, 'Янгибозор', NULL, 'Янгибазар', NULL),
(1733221500, 17, 33, 221, 500, 'Tuproqqal\'a tumanining tuman ahamiyatiga ega shaharlari', NULL, 'Тупроққалъа туманининг туман аҳамиятига эга шаҳарлари', NULL, 'Города районного подчинения Тупроккалинского района', NULL),
(1733221501, 17, 33, 221, 501, 'Pitnak', NULL, 'Питнак', NULL, 'Питнак', NULL),
(1733221550, 17, 33, 221, 550, 'Tuproqqal\'a tumanining shaharchalari', NULL, 'Тупроққалъа туманининг шаҳарчалари', NULL, 'Городские поселки Тупроккалинского района', NULL),
(1733221800, 17, 33, 221, 800, 'Tuproqqal\'a tumanining qishloq fuqarolar yig\'inlari', NULL, 'Тупроққалъа туманининг қишлоқ фуқаролар йиғинлари', NULL, 'Сельские сходы граждан Тупроккалинского района', NULL),
(1733223550, 17, 33, 223, 550, 'Xonqa tumanining shaharchalari', NULL, 'Хонқа туманининг шаҳарчалари', NULL, 'Городские поселки Ханкинского pайона', NULL),
(1733223551, 17, 33, 223, 551, 'Xonqa', NULL, 'Хонқа', NULL, 'Ханка', NULL),
(1733223553, 17, 33, 223, 553, 'Istiqlol', NULL, 'Истиқлол', NULL, 'Истиклол', NULL),
(1733223555, 17, 33, 223, 555, 'Madaniy yer', NULL, 'Маданий ер', NULL, 'Маданий ер', NULL),
(1733223557, 17, 33, 223, 557, 'Birlashgan', NULL, 'Бирлашган', NULL, 'Бирлашган', NULL),
(1733223559, 17, 33, 223, 559, 'Yosh kuch', NULL, 'Ёш куч', NULL, 'Еш куч', NULL),
(1733223800, 17, 33, 223, 800, 'Xonqa tumanining qishloq fuqarolar yig\'inlari', NULL, 'Хонқа туманининг қишлоқ фуқаролар йиғинлари', NULL, 'Сельские сходы граждан Ханкинского района', NULL),
(1733223803, 17, 33, 223, 803, 'Amudaryo', NULL, 'Амударё', NULL, 'Амударья', NULL),
(1733223810, 17, 33, 223, 810, 'Qoraqosh', NULL, 'Қорақош', NULL, 'Каракош', NULL),
(1733223812, 17, 33, 223, 812, 'Katta Jirmiz', NULL, 'Катта Жирмиз', NULL, 'Катта Жирмиз', NULL),
(1733223820, 17, 33, 223, 820, 'Madir', NULL, 'Мадир', NULL, 'Мадир', NULL),
(1733223830, 17, 33, 223, 830, 'Qirq-yop', NULL, 'Қирқ-ёп', NULL, 'Кыркяп', NULL),
(1733223835, 17, 33, 223, 835, 'Navxos', NULL, 'Навхос', NULL, 'Навхас', NULL),
(1733223840, 17, 33, 223, 840, 'Namuna', NULL, 'Намуна', NULL, 'Намуна', NULL),
(1733223860, 17, 33, 223, 860, 'Sarapoyon', NULL, 'Сарапоён', NULL, 'Сарыпаян', NULL),
(1733223870, 17, 33, 223, 870, 'Tomadurgadik', NULL, 'Томадургадик', NULL, 'Тамадургадык', NULL),
(1733223890, 17, 33, 223, 890, 'Olaja', NULL, 'Олажа', NULL, 'Аладжа', NULL),
(1733226550, 17, 33, 226, 550, 'Xiva tumanining shaharchalari', NULL, 'Хива туманининг шаҳарчалари', NULL, 'Городские поселки Хивинского района', NULL),
(1733226552, 17, 33, 226, 552, 'Gullanbog\'', NULL, 'Гулланбоғ', NULL, 'Гулланбаг', NULL),
(1733226554, 17, 33, 226, 554, 'Parchanxos', NULL, 'Парчанхос', NULL, 'Парчанхас', NULL),
(1733226562, 17, 33, 226, 562, 'Iftixor', NULL, 'Ифтихор', NULL, 'Ифтихор', NULL),
(1733226564, 17, 33, 226, 564, 'Sho\'r-Qal\'a', NULL, 'Шўр-қалъа', NULL, 'Шуркалъа', NULL),
(1733226566, 17, 33, 226, 566, 'Yuqori qo\'m', NULL, 'Юқори қўм', NULL, 'Юкориком', NULL),
(1733226568, 17, 33, 226, 568, 'Hamkor', NULL, 'Ҳамкор', NULL, 'Хамкор', NULL),
(1733226800, 17, 33, 226, 800, 'Xiva tumanining qishloq fuqarolar yig\'inlari', NULL, 'Хива туманининг қишлоқ фуқаролар йиғинлари', NULL, 'Сельские сходы граждан Хивинского района', NULL),
(1733226805, 17, 33, 226, 805, 'Oq-yop', NULL, 'Оқ-ёп', NULL, 'Акяп', NULL),
(1733226810, 17, 33, 226, 810, 'Gandimyon', NULL, 'Гандимён', NULL, 'Гандимян', NULL),
(1733226820, 17, 33, 226, 820, 'Dashyoq', NULL, 'Дашёқ', NULL, 'Дашьяк', NULL),
(1733226826, 17, 33, 226, 826, 'Juryon', NULL, 'Журён', NULL, 'Журян', NULL),
(1733226834, 17, 33, 226, 834, 'Irdinzon', NULL, 'Ирдинзон', NULL, 'Ирдимзан', NULL),
(1733226845, 17, 33, 226, 845, 'Eski-Qiyot', NULL, 'Эски-Қиёт', NULL, 'Эски кият', NULL),
(1733226856, 17, 33, 226, 856, 'Sayot', NULL, 'Саёт', NULL, 'Саят', NULL),
(1733226867, 17, 33, 226, 867, 'Shomoxulum', NULL, 'Шомохулум', NULL, 'Шамахулум', NULL),
(1733226878, 17, 33, 226, 878, 'Chinobod', NULL, 'Чинобод', NULL, 'Чинабад', NULL),
(1733230550, 17, 33, 230, 550, 'Shovot tumanining shaharchalari', NULL, 'Шовот туманининг шаҳарчалари', NULL, 'Городские поселки Шаватского района', NULL),
(1733230551, 17, 33, 230, 551, 'Shovot', NULL, 'Шовот', NULL, 'Шават', NULL),
(1733230554, 17, 33, 230, 554, 'Bo\'yrochi', NULL, 'Бўйрочи', NULL, 'Буйрачи', NULL),
(1733230557, 17, 33, 230, 557, 'Ipakchi', NULL, 'Ипакчи', NULL, 'Ипакчи', NULL),
(1733230561, 17, 33, 230, 561, 'Kangli', NULL, 'Кангли', NULL, 'Кангли', NULL),
(1733230564, 17, 33, 230, 564, 'Qat-qal\'a', NULL, 'Қат-қалъа', NULL, 'Кат-калъа', NULL),
(1733230567, 17, 33, 230, 567, 'Monoq', NULL, 'Моноқ', NULL, 'Монак', NULL),
(1733230571, 17, 33, 230, 571, 'Chig\'atoy', NULL, 'Чиғатой', NULL, 'Чигатай', NULL),
(1733230800, 17, 33, 230, 800, 'Shovot tumanining qishloq fuqarolar yig\'inlari', NULL, 'Шовот туманининг қишлоқ фуқаролар йиғинлари', NULL, 'Сельские сходы граждан Шаватского района', NULL),
(1733230811, 17, 33, 230, 811, 'Qat-qal\'a', NULL, 'Қат-қалъа', NULL, 'Каткала', NULL),
(1733230822, 17, 33, 230, 822, 'Hurriyat', NULL, 'Ҳуррият', NULL, 'Хуррият', NULL),
(1733230825, 17, 33, 230, 825, 'Bo\'yroqchi', NULL, 'Бўйроқчи', NULL, 'Буйрачи', NULL),
(1733230830, 17, 33, 230, 830, 'Beshmergan', NULL, 'Бешмерган', NULL, 'Бешмерган', NULL),
(1733230833, 17, 33, 230, 833, 'Ijtimoyat', NULL, 'Ижтимоят', NULL, 'Ижтимаят', NULL),
(1733230839, 17, 33, 230, 839, 'Kangli', NULL, 'Кангли', NULL, 'Кангли', NULL),
(1733230844, 17, 33, 230, 844, 'Qiyot', NULL, 'Қиёт', NULL, 'Кият', NULL),
(1733230855, 17, 33, 230, 855, 'Chig\'atoyqal\'a', NULL, 'Чиғатойқалъа', NULL, 'Чигатай кала', NULL),
(1733230866, 17, 33, 230, 866, 'O\'zbekiston', NULL, 'Ўзбекистон', NULL, 'Узбекистан', NULL),
(1733230877, 17, 33, 230, 877, 'Cho\'qli', NULL, 'Чўқли', NULL, 'Чоклы', NULL),
(1733230888, 17, 33, 230, 888, 'Shovotqal\'a', NULL, 'Шовотқалъа', NULL, 'Шават кала', NULL),
(1733233550, 17, 33, 233, 550, 'Yangiariq tumanining shaharchalari', NULL, 'Янгиариқ туманининг шаҳарчалари', NULL, 'Городские поселки Янгиарыкского района', NULL),
(1733233551, 17, 33, 233, 551, 'Yangiariq', NULL, 'Янгиариқ', NULL, 'Янгиарык', NULL),
(1733233553, 17, 33, 233, 553, 'Gulbog\'', NULL, 'Гулбоғ', NULL, 'Гулбог', NULL),
(1733233555, 17, 33, 233, 555, 'Soburzon', NULL, 'Собурзон', NULL, 'Собурзан', NULL),
(1733233557, 17, 33, 233, 557, 'Suvgan', NULL, 'Сувган', NULL, 'Сувган', NULL),
(1733233561, 17, 33, 233, 561, 'Tagan', NULL, 'Таган', NULL, 'Таган', NULL),
(1733233563, 17, 33, 233, 563, 'Qo\'shloq', NULL, 'Қўшлоқ', NULL, 'Кушлок', NULL),
(1733233800, 17, 33, 233, 800, 'Yangiariq tumanining qishloq fuqarolar yig\'inlari', NULL, 'Янгиариқ туманининг қишлоқ фуқаролар йиғинлари', NULL, 'Сельские сходы граждан Янгиарыкского района', NULL),
(1733233811, 17, 33, 233, 811, 'Qarmish', NULL, 'Қармиш', NULL, 'Кармиш', NULL),
(1733233822, 17, 33, 233, 822, 'Ostona', NULL, 'Остона', NULL, 'Астана', NULL),
(1733233833, 17, 33, 233, 833, 'Kattabog\'', NULL, 'Каттабоғ', NULL, 'Каттабаг', NULL),
(1733233844, 17, 33, 233, 844, 'Gulobod', NULL, 'Гулобод', NULL, 'Гулобод', NULL),
(1733233855, 17, 33, 233, 855, 'Gullanbog\'', NULL, 'Гулланбоғ', NULL, 'Гулланбаг', NULL),
(1733233872, 17, 33, 233, 872, 'Tagan', NULL, 'Таган', NULL, 'Таган', NULL),
(1733233884, 17, 33, 233, 884, 'Qo\'riqtom', NULL, 'Қўриқтом', NULL, 'Куриктам', NULL),
(1733233897, 17, 33, 233, 897, 'Chiriqchi', NULL, 'Чириқчи', NULL, 'Чикирчи', NULL),
(1733236550, 17, 33, 236, 550, 'Yangibozor tumanining shaharchalari', NULL, 'Янгибозор туманининг шаҳарчалари', NULL, 'Городские поселки Янгибазарского района', NULL),
(1733236551, 17, 33, 236, 551, 'Yangibozor', NULL, 'Янгибозор', NULL, 'Янгибазар', NULL),
(1733236554, 17, 33, 236, 554, 'Yangi yop', NULL, 'Янги ёп', NULL, 'Янги-еп', NULL),
(1733236558, 17, 33, 236, 558, 'Mangitlar', NULL, 'Мангитлар', NULL, 'Мангитлар', NULL),
(1733236800, 17, 33, 236, 800, 'Yangibozor tumanining qishloq fuqarolar yig\'inlari', NULL, 'Янгибозор туманининг қишлоқ фуқаролар йиғинлари', NULL, 'Сельские сходы граждан Янгибазарского района', NULL),
(1733236803, 17, 33, 236, 803, 'Oyoqdo\'rman', NULL, 'Оёқдўрман', NULL, 'Аякдорман', NULL),
(1733236805, 17, 33, 236, 805, 'Bog\'olon', NULL, 'Боғолон', NULL, 'Багалан', NULL),
(1733236806, 17, 33, 236, 806, 'Boshkirshix', NULL, 'Бошкирших', NULL, 'Башкирших', NULL),
(1733236808, 17, 33, 236, 808, 'Bo\'zqal\'a', NULL, 'Бўзқалъа', NULL, 'Бозкала', NULL),
(1733236812, 17, 33, 236, 812, 'Qalandardo\'rman', NULL, 'Қаландардўрман', NULL, 'Каландардорман', NULL),
(1733236830, 17, 33, 236, 830, 'Uyg\'ur', NULL, 'Уйғур', NULL, 'Уйгур', NULL),
(1733236834, 17, 33, 236, 834, 'Cho\'bolonchi', NULL, 'Чўболончи', NULL, 'Чубаланчи', NULL),
(1733236836, 17, 33, 236, 836, 'Shirinqo\'ng\'irot', NULL, 'ШиринҚўнғирот', NULL, 'Ширинкунград', NULL),
(1735204500, 17, 35, 204, 500, 'Amudaryo tumanining tuman ahamiyatiga ega shaharlari', NULL, 'Амударё туманининг туман аҳамиятига эга шаҳарлари', NULL, 'Города районного подчинения Амударьинского района', NULL),
(1735204501, 17, 35, 204, 501, 'Mang\'it', NULL, 'Манғит', NULL, 'Мангит', NULL),
(1735204550, 17, 35, 204, 550, 'Amudaryo tumanining shaharchalari', NULL, 'Амударё туманининг шаҳарчалари', NULL, 'Гоpодские поселки Амударьинского района', NULL),
(1735204554, 17, 35, 204, 554, 'Jumurtov', NULL, 'Жумуртов', NULL, 'Джумуртау', NULL),
(1735204555, 17, 35, 204, 555, 'Kipshak', NULL, 'Кипшак', NULL, 'Кипчок', NULL),
(1735204556, 17, 35, 204, 556, 'Kilichboy', NULL, 'Киличбой', NULL, 'Киличбай', NULL),
(1735204557, 17, 35, 204, 557, 'Xitoy', NULL, 'Хитой', NULL, 'Китай', NULL),
(1735204800, 17, 35, 204, 800, 'Amudaryo tumanining qishloq fuqarolar yig\'inlari', NULL, 'Амударё туманининг қишлоқ фуқаролар йиғинлари', NULL, 'Сельские сходы граждан Амударьинского района', NULL),
(1735204805, 17, 35, 204, 805, 'Nazarxon', NULL, 'Назархон', NULL, 'Назаpхан', NULL),
(1735204811, 17, 35, 204, 811, 'O\'rta-qala', NULL, 'Ўрта-қала', NULL, 'Оpта - кала', NULL),
(1735204822, 17, 35, 204, 822, 'Qipchaq', NULL, 'Қипчақ', NULL, 'Кипчак', NULL),
(1735204833, 17, 35, 204, 833, 'Quyuq-kupir', NULL, 'Қуюқ-купир', NULL, 'Куюк- Купиp', NULL),
(1735204844, 17, 35, 204, 844, 'Xitay', NULL, 'Хитай', NULL, 'Ктай', NULL),
(1735204848, 17, 35, 204, 848, 'Oq oltin', NULL, 'Оқ олтин', NULL, 'Ок олтин', NULL),
(1735204855, 17, 35, 204, 855, 'Chaykul', NULL, 'Чайкул', NULL, 'Чайкол', NULL),
(1735204866, 17, 35, 204, 866, 'Qlichboy', NULL, 'Қличбой', NULL, 'Кличбай', NULL),
(1735204870, 17, 35, 204, 870, 'Kangli', NULL, 'Кангли', NULL, 'Канлы', NULL),
(1735204874, 17, 35, 204, 874, 'Amir Temur', NULL, 'Амир Темур', NULL, 'Амир Темур', NULL),
(1735204875, 17, 35, 204, 875, 'Durman', NULL, 'Дурман', NULL, 'Дурман', NULL),
(1735204880, 17, 35, 204, 880, 'Bobur nomli', NULL, 'Бобур номли', NULL, 'им. Бабура', NULL),
(1735204883, 17, 35, 204, 883, 'Buzyop', NULL, 'Бузёп', NULL, 'Бузяп', NULL),
(1735204887, 17, 35, 204, 887, 'To\'lqin', NULL, 'Тўлқин', NULL, 'Тулкин', NULL),
(1735204889, 17, 35, 204, 889, 'Tashyop', NULL, 'Ташёп', NULL, 'Ташеп', NULL),
(1735204892, 17, 35, 204, 892, 'Xolimbeg', NULL, 'Холимбег', NULL, 'Холимбег', NULL),
(1735207500, 17, 35, 207, 500, 'Beruniy tumanining tuman ahamiyatiga ega shaharlari', NULL, 'Беруний туманининг туман аҳамиятига эга шаҳарлари', NULL, 'Города районного подчинения Берунийского района', NULL),
(1735207501, 17, 35, 207, 501, 'Beruniy', NULL, 'Беруний', NULL, 'Беруни', NULL),
(1735207550, 17, 35, 207, 550, 'Beruniy tumanining shaharchalari', NULL, 'Беруний туманининг шаҳарчалари', NULL, 'Городские поселки Берунийского района', NULL),
(1735207552, 17, 35, 207, 552, 'Bulish', NULL, 'Булиш', NULL, 'Булиш', NULL),
(1735207800, 17, 35, 207, 800, 'Beruniy tumanining qishloq fuqarolar yig\'inlari', NULL, 'Беруний туманининг қишлоқ фуқаролар йиғинлари', NULL, 'Сельские сходы граждан Берунийского района', NULL),
(1735207807, 17, 35, 207, 807, 'Abay', NULL, 'Абай', NULL, 'Абай', NULL),
(1735207811, 17, 35, 207, 811, 'Ozod', NULL, 'Озод', NULL, 'Азад', NULL),
(1735207814, 17, 35, 207, 814, 'Sarkop', NULL, 'Саркоп', NULL, 'Саpкоп', NULL),
(1735207816, 17, 35, 207, 816, 'Navoiy', NULL, 'Навоий', NULL, 'Навои', NULL),
(1735207818, 17, 35, 207, 818, 'Beruniy', NULL, 'Беруний', NULL, 'Беpуни', NULL),
(1735207822, 17, 35, 207, 822, 'Maxtumquli', NULL, 'Махтумқули', NULL, 'Махтумкули', NULL),
(1735207827, 17, 35, 207, 827, 'Biybazar', NULL, 'Бийбазар', NULL, 'Бийбазар', NULL),
(1735207829, 17, 35, 207, 829, 'Do\'stlik', NULL, 'Дўстлик', NULL, 'Дустлик', NULL),
(1735207832, 17, 35, 207, 832, 'Altinsay', NULL, 'Алтинсай', NULL, 'Алтынсай', NULL),
(1735207843, 17, 35, 207, 843, 'Qizilqal\'a', NULL, 'Қизилқалъа', NULL, 'Кызылкала', NULL),
(1735207865, 17, 35, 207, 865, 'Shabaz', NULL, 'Шабаз', NULL, 'Шабаз', NULL),
(1735207876, 17, 35, 207, 876, 'Shimam', NULL, 'Шимам', NULL, 'Шимам', NULL),
(1735207880, 17, 35, 207, 880, 'Tinchlik', NULL, 'Тинчлик', NULL, 'Тинчлик', NULL),
(1735209550, 17, 35, 209, 550, 'Bo\'zatov tumanining shaharchalari', NULL, 'Бўзатов туманининг  шаҳарчалари', NULL, 'Гоpодские поселки Бозатауского района', NULL),
(1735209551, 17, 35, 209, 551, 'Bo\'zatov', NULL, 'Бўзатов', NULL, 'Бозатау', NULL),
(1735209800, 17, 35, 209, 800, 'Bo\'zatov tumanining qishloq fuqarolar yig\'inlari', NULL, 'Бўзатов туманининг қишлоқ фуқаролар йиғинлари', NULL, 'Сельские сходы граждан Бозатауского района', NULL),
(1735209804, 17, 35, 209, 804, 'Aspantay', NULL, 'Аспантай', NULL, 'Аспантай', NULL),
(1735209808, 17, 35, 209, 808, 'Yerkindarya', NULL, 'Еркиндаря', NULL, 'Еркиндарья', NULL),
(1735209812, 17, 35, 209, 812, 'Ko\'k-suv', NULL, 'Кўк-сув', NULL, 'Кук-су', NULL),
(1735209818, 17, 35, 209, 818, 'Qusqanatov', NULL, 'Қусқанатов', NULL, 'Кусканатау', NULL),
(1735211550, 17, 35, 211, 550, 'Qorao\'zak tumanining shaharchalari', NULL, 'Қораўзак туманининг  шаҳарчалари', NULL, 'Гоpодские поселки Караузякского района', NULL),
(1735211551, 17, 35, 211, 551, 'Qorao\'zak', NULL, 'Қораўзак', NULL, 'Караузяк', NULL),
(1735211800, 17, 35, 211, 800, 'Qorao\'zak tumanining qishloq fuqarolar yig\'inlari', NULL, 'Қораўзак туманининг қишлоқ фуқаролар йиғинлари', NULL, 'Сельские сходы граждан Караузякского района', NULL),
(1735211803, 17, 35, 211, 803, 'Olgabas', NULL, 'Олгабас', NULL, 'Алгабас', NULL),
(1735211815, 17, 35, 211, 815, 'Yesimuzak', NULL, 'Есимузак', NULL, 'Есимозек', NULL),
(1735211823, 17, 35, 211, 823, 'Qarakul', NULL, 'Қаракул', NULL, 'Каpакуль', NULL),
(1735211826, 17, 35, 211, 826, 'Qarabug\'a', NULL, 'Қарабуға', NULL, 'Карабуга', NULL),
(1735211828, 17, 35, 211, 828, 'Qorauzek', NULL, 'Қораузек', NULL, 'Караузяк', NULL),
(1735211830, 17, 35, 211, 830, 'Qoyboq', NULL, 'Қойбоқ', NULL, 'Койбак', NULL),
(1735211835, 17, 35, 211, 835, 'Madeniyat', NULL, 'Маденият', NULL, 'Маденият', NULL),
(1735211837, 17, 35, 211, 837, 'Berdax', NULL, 'Бердах', NULL, 'им. Бердах', NULL),
(1735212500, 17, 35, 212, 500, 'Kegeyli tumanining tuman ahamiyatiga ega shaharlari', NULL, 'Кегейли туманининг туман аҳамиятига эга шаҳарлари', NULL, 'Города районного подчинения Кегейлийского района', NULL),
(1735212505, 17, 35, 212, 505, 'Xalqobod', NULL, 'Халқобод', NULL, 'Халкабад', NULL),
(1735212550, 17, 35, 212, 550, 'Kegeyli tumanining shaharchalari', NULL, 'Кегейли туманининг шаҳарчалари', NULL, 'Гоpодские поселки Кегейлийского района', NULL),
(1735212551, 17, 35, 212, 551, 'Kegeyli', NULL, 'Кегейли', NULL, 'Кегейли', NULL),
(1735212800, 17, 35, 212, 800, 'Kegeyli tumanining qishloq fuqarolar yig\'inlari', NULL, 'Кегейли туманининг қишлоқ фуқаролар йиғинлари', NULL, 'Сельские сходы граждан Кегейлийского района', NULL),
(1735212806, 17, 35, 212, 806, 'Aktuba', NULL, 'Актуба', NULL, 'Актуба', NULL),
(1735212815, 17, 35, 212, 815, 'Janabazar', NULL, 'Жанабазар', NULL, 'Жанабазар', NULL),
(1735212833, 17, 35, 212, 833, 'Jalpak jap', NULL, 'Жалпак жап', NULL, 'Жалпакжап', NULL),
(1735212834, 17, 35, 212, 834, 'Кок Озек', NULL, 'Kok Ozek', NULL, 'Кок Озек', NULL),
(1735212835, 17, 35, 212, 835, 'Kumshunkul', NULL, 'Кумшункул', NULL, 'Кумшункуль', NULL),
(1735212839, 17, 35, 212, 839, 'Juzim bag\'', NULL, 'Жузим бағ', NULL, 'Жузим баг', NULL),
(1735212841, 17, 35, 212, 841, 'Ийшан кала', NULL, 'Iyshan kala', NULL, 'Ийшан кала', NULL),
(1735212855, 17, 35, 212, 855, 'Obad', NULL, 'Обад', NULL, 'Абад', NULL),
(1735215500, 17, 35, 215, 500, 'Qo\'ng\'irot tumanining tuman ahamiyatiga ega shaharlari', NULL, 'Қўнғирот туманининг туман аҳамиятига эга шаҳарлари', NULL, 'Города районного подчинения Кунградского района', NULL),
(1735215501, 17, 35, 215, 501, 'Qo\'ng\'irot', NULL, 'Қўнғирот', NULL, 'Кунград', NULL),
(1735215550, 17, 35, 215, 550, 'Qo\'ng\'irot tumanining shaharchalari', NULL, 'Қўнғирот туманининг шаҳарчалари', NULL, 'Гоpодские поселки Кунградского района', NULL),
(1735215552, 17, 35, 215, 552, 'Jasliq', NULL, 'Жаслиқ', NULL, 'Жаслык', NULL),
(1735215554, 17, 35, 215, 554, 'Qaraqalpaqstan', NULL, 'Қарақалпақстан', NULL, 'Каракалпакстан', NULL),
(1735215560, 17, 35, 215, 560, 'Qiriqqiz', NULL, 'Қириққиз', NULL, 'Кырыккыз', NULL),
(1735215562, 17, 35, 215, 562, 'Oltinko\'l', NULL, 'Олтинкўл', NULL, 'Алтынкуль', NULL),
(1735215567, 17, 35, 215, 567, 'Yelabad', NULL, 'Елабад', NULL, 'Елабад', NULL),
(1735215800, 17, 35, 215, 800, 'Qo\'ng\'irot tumanining qishloq fuqarolar yig\'inlari', NULL, 'Қўнғирот туманининг қишлоқ фуқаролар йиғинлари', NULL, 'Сельские сходы граждан Кунградского района', NULL),
(1735215806, 17, 35, 215, 806, 'Adebiyat', NULL, 'Адебият', NULL, 'Адебият', NULL),
(1735215809, 17, 35, 215, 809, 'Ajaniyaz-ata nomli', NULL, 'Ажанияз-ата номли', NULL, 'им.Ажинияза', NULL),
(1735215811, 17, 35, 215, 811, 'Qo\'ng\'irot', NULL, 'Қўнғирот', NULL, 'Кунгpад', NULL),
(1735215814, 17, 35, 215, 814, 'Kanli', NULL, 'Канли', NULL, 'Канлы', NULL),
(1735215818, 17, 35, 215, 818, 'Urnek', NULL, 'Урнек', NULL, 'Орнек', NULL),
(1735215822, 17, 35, 215, 822, 'Raushan', NULL, 'Раушан', NULL, 'Раушан', NULL),
(1735215826, 17, 35, 215, 826, 'Suuyenli', NULL, 'Сууенли', NULL, 'Сууенли', NULL),
(1735215830, 17, 35, 215, 830, 'Ustyurt', NULL, 'Устюрт', NULL, 'Устирт', NULL),
(1735215834, 17, 35, 215, 834, 'Xorezm', NULL, 'Хорезм', NULL, 'Хорезм', NULL),
(1735215841, 17, 35, 215, 841, 'Kokdarya', NULL, 'Кокдаря', NULL, 'Кокдарья', NULL),
(1735215845, 17, 35, 215, 845, 'Miynetabad', NULL, 'Мийнетабад', NULL, 'Мийнетабад', NULL),
(1735215847, 17, 35, 215, 847, 'Qipshaq', NULL, 'Қипшақ', NULL, 'Кыпшак', NULL),
(1735218550, 17, 35, 218, 550, 'Qanliko\'l tumanining shaharchalari', NULL, 'Қанликўл туманининг шаҳарчалари', NULL, 'Гоpодские поселки Канлыкульского района', NULL),
(1735218551, 17, 35, 218, 551, 'Qanliko\'l', NULL, 'Қанликўл', NULL, 'Канлыкуль', NULL),
(1735218800, 17, 35, 218, 800, 'Qanliko\'l tumanining qishloq fuqarolar yig\'inlari', NULL, 'Қанликўл туманининг қишлоқ фуқаролар йиғинлари', NULL, 'Сельские сходы граждан Канлыкульского района', NULL),
(1735218805, 17, 35, 218, 805, 'Arzimbet qum', NULL, 'Арзимбет қум', NULL, 'Арзымбет кум', NULL),
(1735218808, 17, 35, 218, 808, 'Bustan', NULL, 'Бустан', NULL, 'Бостон', NULL),
(1735218816, 17, 35, 218, 816, 'Qanliko\'l', NULL, 'Қанликўл', NULL, 'Канлыкуль', NULL),
(1735218817, 17, 35, 218, 817, 'Kosjap', NULL, 'Косжап', NULL, 'Косжап', NULL),
(1735218819, 17, 35, 218, 819, 'Beskupir', NULL, 'Бескупир', NULL, 'Бескопыр', NULL),
(1735218821, 17, 35, 218, 821, 'Navriz', NULL, 'Навриз', NULL, 'Наурыз', NULL),
(1735218823, 17, 35, 218, 823, 'Jana qal\'a', NULL, 'Жана қалъа', NULL, 'Жана кала', NULL),
(1735222500, 17, 35, 222, 500, 'Mo\'ynoq tumanining tuman ahamiyatiga ega shaharlari', NULL, 'Мўйноқ туманининг туман аҳамиятига эга шаҳарлари', NULL, 'Города районного подчинения Муйнакского района', NULL),
(1735222501, 17, 35, 222, 501, 'Mo\'ynoq', NULL, 'Мўйноқ', NULL, 'Муйнак', NULL),
(1735222800, 17, 35, 222, 800, 'Mo\'ynoq tumanining qishloq fuqarolar yig\'inlari', NULL, 'Мўйноқ туманининг қишлоқ фуқаролар йиғинлари', NULL, 'Сельские сходы граждан Муйнакского района', NULL),
(1735222811, 17, 35, 222, 811, 'Bozatau', NULL, 'Бозатау', NULL, 'Бозатау', NULL),
(1735222822, 17, 35, 222, 822, 'Kazax-darya', NULL, 'Казах-даря', NULL, 'Казахдарья', NULL),
(1735222833, 17, 35, 222, 833, 'Madeli', NULL, 'Мадели', NULL, 'Мадели', NULL),
(1735222844, 17, 35, 222, 844, 'Tik-uzyak', NULL, 'Тик-узяк', NULL, 'Тикузяк', NULL),
(1735222855, 17, 35, 222, 855, 'Uchsay', NULL, 'Учсай', NULL, 'Учсай', NULL),
(1735222866, 17, 35, 222, 866, 'Xakim-ata', NULL, 'Хаким-ата', NULL, 'Хаким-ата', NULL),
(1735222877, 17, 35, 222, 877, 'Qizil jar', NULL, 'Қизил жар', NULL, 'Кизил жар', NULL),
(1735225550, 17, 35, 225, 550, 'Nukus tumanining shaharchalari', NULL, 'Нукус туманининг шаҳарчалари', NULL, 'Гоpодские поселки Нукусского района', NULL),
(1735225551, 17, 35, 225, 551, 'Oqmang\'it', NULL, 'Оқманғит', NULL, 'Акмангит', NULL),
(1735225800, 17, 35, 225, 800, 'Nukus tumanining qishloq fuqarolar yig\'inlari', NULL, 'Нукус туманининг қишлоқ фуқаролар йиғинлари', NULL, 'Сельские сходы граждан Нукусского района', NULL),
(1735225822, 17, 35, 225, 822, 'Bakanshakli', NULL, 'Баканшакли', NULL, 'Баканшаклы', NULL),
(1735225835, 17, 35, 225, 835, 'Krantau', NULL, 'Крантау', NULL, 'Крантау', NULL),
(1735225843, 17, 35, 225, 843, 'Takirkul', NULL, 'Такиркул', NULL, 'Такыркол', NULL),
(1735225846, 17, 35, 225, 846, 'Samanbay', NULL, 'Саманбай', NULL, 'Саманбай', NULL),
(1735225854, 17, 35, 225, 854, 'Arbashi', NULL, 'Арбаши', NULL, 'Арбаши', NULL),
(1735225858, 17, 35, 225, 858, 'Kerder', NULL, 'Кердер', NULL, 'Кеpдеp', NULL),
(1735228500, 17, 35, 228, 500, 'Taxiatosh tumanining tuman ahamiyatiga ega shaharlari', NULL, 'Тахиатош туманининг туман аҳамиятига эга шаҳарлари', NULL, 'Города районного подчинения Тахиаташского района', NULL),
(1735228501, 17, 35, 228, 501, 'Taxiatosh', NULL, 'Тахиатош ', NULL, 'Тахиаташ', NULL),
(1735228550, 17, 35, 228, 550, 'Taxiatosh tumanining shaharchalari', NULL, 'Тахиатош туманининг шаҳарчалари', NULL, 'Гоpодские поселки Тахиаташского района', NULL),
(1735228553, 17, 35, 228, 553, 'Naymanko\'l', NULL, 'Найманкўл', NULL, 'Найманкул', NULL),
(1735228800, 17, 35, 228, 800, 'Taxiatosh tumanining qishloq fuqarolar yig\'inlari', NULL, 'Тахиатош туманининг қишлоқ фуқаролар йиғинлари', NULL, 'Сельские сходы граждан Тахиаташского района', NULL),
(1735228806, 17, 35, 228, 806, 'Kenеgеs', NULL, 'Кенегес', NULL, 'Кенегес', NULL),
(1735228809, 17, 35, 228, 809, 'Naymanko\'l', NULL, 'Найманкўл', NULL, 'Найманкул', NULL),
(1735228812, 17, 35, 228, 812, 'Sarаyko\'l', NULL, 'Сарайкўл', NULL, 'Сарайкул', NULL),
(1735230550, 17, 35, 230, 550, 'Taxtako\'pir tumanining shaharchalari', NULL, 'Тахтакўпир туманининг шаҳарчалари', NULL, 'Гоpодские поселки Тахтакупырского района', NULL),
(1735230551, 17, 35, 230, 551, 'Taxtako\'pir', NULL, 'Тахтакўпир', NULL, 'Тахтакупыр', NULL),
(1735230800, 17, 35, 230, 800, 'Taxtako\'pir tumanining qishloq fuqarolar yig\'inlari', NULL, 'Тахтакўпир туманининг қишлоқ фуқаролар йиғинлари', NULL, 'Сельские сходы граждан Тахтакупырского района', NULL),
(1735230803, 17, 35, 230, 803, 'Atakul', NULL, 'Атакул', NULL, 'Атакуль', NULL),
(1735230820, 17, 35, 230, 820, 'Qara-oy', NULL, 'Қара-ой', NULL, 'Караой', NULL),
(1735230833, 17, 35, 230, 833, 'Mulik', NULL, 'Мулик', NULL, 'Мулик', NULL),
(1735230835, 17, 35, 230, 835, 'Qungrat kul', NULL, 'Қунграт кул', NULL, 'Коныраткол', NULL),
(1735230837, 17, 35, 230, 837, 'Janadarya', NULL, 'Жанадаря', NULL, 'Жанадаpья', NULL),
(1735230840, 17, 35, 230, 840, 'Beltau', NULL, 'Белтау', NULL, 'Белтау', NULL),
(1735230844, 17, 35, 230, 844, 'Qarateren', NULL, 'Қаратерен', NULL, 'Каратерен', NULL),
(1735230877, 17, 35, 230, 877, 'Taxtako\'pir', NULL, 'Тахтакўпир', NULL, 'Тахтакупыр', NULL),
(1735233500, 17, 35, 233, 500, 'To\'rtko\'l tumanining tuman ahamiyatiga ega shaharlari', NULL, 'Тўрткўл туманининг туман аҳамиятига эга шаҳарлари', NULL, 'Города районного подчинения Турткульского района', NULL),
(1735233501, 17, 35, 233, 501, 'To\'rtko\'l', NULL, 'Тўрткўл', NULL, 'Турткуль', NULL),
(1735233550, 17, 35, 233, 550, 'To\'rtko\'l tumanining shaharchalari', NULL, 'Тўрткўл туманининг шаҳарчалари', NULL, 'Городские поселки Турткульского района', NULL),
(1735233552, 17, 35, 233, 552, 'Miskin', NULL, 'Мискин', NULL, 'Мискин', NULL),
(1735233554, 17, 35, 233, 554, 'Turkmankuli', NULL, 'Туркманкули', NULL, 'Туркманкули', NULL),
(1735233556, 17, 35, 233, 556, 'Tozabog\'', NULL, 'Тозабоғ', NULL, 'Тозабог', NULL),
(1735233558, 17, 35, 233, 558, 'Nurli yo\'l', NULL, 'Нурли йўл', NULL, 'Нурли-йул', NULL),
(1735233560, 17, 35, 233, 560, 'Amirobod', NULL, 'Амиробод', NULL, 'Амирабад', NULL),
(1735233800, 17, 35, 233, 800, 'To\'rtko\'l tumanining qishloq fuqarolar yig\'inlari', NULL, 'Тўрткўл туманининг қишлоқ фуқаролар йиғинлари', NULL, 'Сельские сходы граждан Турткульского района', NULL),
(1735233804, 17, 35, 233, 804, 'Aqboshli', NULL, 'Ақбошли', NULL, 'Акбашлы', NULL),
(1735233806, 17, 35, 233, 806, 'Aqqamish', NULL, 'Аққамиш', NULL, 'Аккамыш', NULL),
(1735233808, 17, 35, 233, 808, 'Paxtaabad', NULL, 'Пахтаабад', NULL, 'Пахтаабад', NULL),
(1735233812, 17, 35, 233, 812, 'Ata uba', NULL, 'Ата уба', NULL, 'Атауба', NULL),
(1735233816, 17, 35, 233, 816, 'Kana Turtkul', NULL, 'Кана Турткул', NULL, 'Кана Турткул', NULL),
(1735233828, 17, 35, 233, 828, 'Yonboshqal\'a', NULL, 'Ёнбошқалъа', NULL, 'Джамбаскала', NULL),
(1735233830, 17, 35, 233, 830, 'A.Durdiyeva', NULL, 'А.Дурдиева', NULL, 'им. Дурдыева', NULL),
(1735233840, 17, 35, 233, 840, 'Kelteminar', NULL, 'Келтеминар', NULL, 'Кельтеминар', NULL),
(1735233842, 17, 35, 233, 842, 'Kukcha', NULL, 'Кукча', NULL, 'Кокча', NULL),
(1735233844, 17, 35, 233, 844, 'Qumbaskan', NULL, 'Қумбаскан', NULL, 'Кумбаскан', NULL),
(1735233878, 17, 35, 233, 878, 'O\'zbekiston', NULL, 'Ўзбекистон', NULL, 'Узбекистон', NULL),
(1735233880, 17, 35, 233, 880, 'Paxtachi', NULL, 'Пахтачи', NULL, 'Пахтачи', NULL),
(1735233881, 17, 35, 233, 881, 'Tazabogyap', NULL, 'Тазабогяп', NULL, 'Тазабагяб', NULL),
(1735233892, 17, 35, 233, 892, 'Ullubog\'', NULL, 'Уллубоғ', NULL, 'Уллубаг', NULL),
(1735233896, 17, 35, 233, 896, 'Shuraxan', NULL, 'Шурахан', NULL, 'Шурахан', NULL),
(1735236500, 17, 35, 236, 500, 'Xo\'jayli tumanining tuman ahamiyatiga ega shaharlari', NULL, 'Хўжайли туманининг туман аҳамиятига эга шаҳарлари', NULL, 'Города районного подчинения Ходжелийского района', NULL),
(1735236501, 17, 35, 236, 501, 'Xo\'jayli', NULL, 'Хўжайли', NULL, 'Ходжейли', NULL),
(1735236550, 17, 35, 236, 550, 'Xo\'jayli tumanining shaharchalari', NULL, 'Хўжайли туманининг  шаҳарчалари', NULL, 'Городские поселки, подч. Ходжелийскому горхок-ту', NULL),
(1735236553, 17, 35, 236, 553, 'Vodnik', NULL, 'Водник', NULL, 'Водник', NULL),
(1735236800, 17, 35, 236, 800, 'Xo\'jayli tumanining qishloq fuqarolar yig\'inlari', NULL, 'Хўжайли туманининг қишлоқ фуқаролар йиғинлари', NULL, 'Сельские сходы граждан Ходжейлийского района', NULL),
(1735236811, 17, 35, 236, 811, 'Amudarya', NULL, 'Амударя', NULL, 'Амударья', NULL),
(1735236819, 17, 35, 236, 819, 'Janajap', NULL, 'Жанажап', NULL, 'Жанажап', NULL),
(1735236833, 17, 35, 236, 833, 'Kulyab', NULL, 'Куляб', NULL, 'Куляб', NULL),
(1735236839, 17, 35, 236, 839, 'Mustaqillik', NULL, 'Мустақиллик', NULL, 'Мустакиллик', NULL),
(1735236855, 17, 35, 236, 855, 'Samankol', NULL, 'Саманкол', NULL, 'Саманкуль', NULL),
(1735236877, 17, 35, 236, 877, 'Sarishunkul', NULL, 'Саришункул', NULL, 'Сарычункуль', NULL),
(1735236888, 17, 35, 236, 888, 'Qumjiqqin', NULL, 'Қумжиққин', NULL, 'Кумжиккин', NULL),
(1735240500, 17, 35, 240, 500, 'Chimboy tumanining tuman ahamiyatiga ega shaharlari', NULL, 'Чимбой туманининг туман аҳамиятига эга шаҳарлари', NULL, 'Города районного подчинения Чимбайского района', NULL),
(1735240501, 17, 35, 240, 501, 'Chimboy', NULL, 'Чимбой', NULL, 'Чимбай', NULL),
(1735240550, 17, 35, 240, 550, 'Chimboy tumanining shaharchalari', NULL, 'Чимбой туманининг шаҳарчалари', NULL, 'Городские поселки Чимбайского района', NULL),
(1735240553, 17, 35, 240, 553, 'Ayteke', NULL, 'Айтеке', NULL, 'Айтеке', NULL),
(1735240800, 17, 35, 240, 800, 'Chimboy tumanining qishloq fuqarolar yig\'inlari', NULL, 'Чимбой туманининг қишлоқ фуқаролар йиғинлари', NULL, 'Сельские сходы граждан Чимбайского района', NULL),
(1735240802, 17, 35, 240, 802, 'Kizil uzek', NULL, 'Кизил узек', NULL, 'Кызыл Озек', NULL),
(1735240812, 17, 35, 240, 812, 'Kamisarik', NULL, 'Камисарик', NULL, 'Камыс арык', NULL),
(1735240822, 17, 35, 240, 822, 'Baxitli', NULL, 'Бахитли', NULL, 'Бахытлы', NULL),
(1735240833, 17, 35, 240, 833, 'Kenes', NULL, 'Кенес', NULL, 'Кенес', NULL),
(1735240844, 17, 35, 240, 844, 'Mayjap', NULL, 'Майжап', NULL, 'Майжап', NULL),
(1735240848, 17, 35, 240, 848, 'Pashen tov', NULL, 'Пашен тов', NULL, 'Пашент тау', NULL),
(1735240855, 17, 35, 240, 855, 'Tazgara', NULL, 'Тазгара', NULL, 'Тазгаpа', NULL),
(1735240862, 17, 35, 240, 862, 'Tagjap', NULL, 'Тагжап', NULL, 'Тагжап', NULL),
(1735240866, 17, 35, 240, 866, 'Tazajol', NULL, 'Тазажол', NULL, 'Тазажол', NULL),
(1735240870, 17, 35, 240, 870, 'Kosterek', NULL, 'Костерек', NULL, 'Костеpек', NULL),
(1735243500, 17, 35, 243, 500, 'Shumanay tumanining tuman ahamiyatiga ega shaharlari', NULL, 'Шуманай туманининг туман аҳамиятига эга шаҳарлари', NULL, 'Города районного подчинения Шуманайского района', NULL),
(1735243501, 17, 35, 243, 501, 'Shumanay', NULL, 'Шуманай', NULL, 'Шуманай', NULL),
(1735243800, 17, 35, 243, 800, 'Shumanay tumanining qishloq fuqarolar yig\'inlari', NULL, 'Шуманай туманининг қишлоқ фуқаролар йиғинлари', NULL, 'Сельские сходы граждан Шуманайского района', NULL),
(1735243805, 17, 35, 243, 805, 'Birleshik', NULL, 'Бирлешик', NULL, 'Бирлешик', NULL),
(1735243809, 17, 35, 243, 809, 'Begjap', NULL, 'Бегжап', NULL, 'Бегжап', NULL),
(1735243812, 17, 35, 243, 812, 'Diyxanabad', NULL, 'Дийханабад', NULL, 'Дийханабад', NULL),
(1735243818, 17, 35, 243, 818, 'Mamiy', NULL, 'Мамий', NULL, 'Мамый', NULL),
(1735243821, 17, 35, 243, 821, 'Sarmanbaykol', NULL, 'Сарманбайкол', NULL, 'Сарманбайкол', NULL),
(1735243825, 17, 35, 243, 825, 'Ak jap', NULL, 'Ак жап', NULL, 'Акжап', NULL),
(1735243830, 17, 35, 243, 830, 'Ketenler', NULL, 'Кетенлер', NULL, 'Кетенлер', NULL),
(1735250500, 17, 35, 250, 500, 'Ellikkala tumanining tuman ahamiyatiga ega shaharlari', NULL, 'Элликкала туманининг туман аҳамиятига эга шаҳарлари', NULL, 'Города районного подчинения Элликкалинского района', NULL),
(1735250501, 17, 35, 250, 501, 'Bo\'ston', NULL, 'Бўстон', NULL, 'Бустан', NULL),
(1735250550, 17, 35, 250, 550, 'Ellikkala tumanining shaharchalari', NULL, 'Элликкала туманининг шаҳарчалари', NULL, 'Городские поселки Элликкалинского района', NULL),
(1735250555, 17, 35, 250, 555, 'Saxtiyon', NULL, 'Сахтиён', NULL, 'Сахтиен', NULL),
(1735250800, 17, 35, 250, 800, 'Ellikkala tumanining qishloq fuqarolar yig\'inlari', NULL, 'Элликкала туманининг қишлоқ фуқаролар йиғинлари', NULL, 'Сельские сходы граждан Элликкалинского района', NULL),
(1735250803, 17, 35, 250, 803, 'Aqchakul', NULL, 'Ақчакул', NULL, 'Акчакуль', NULL),
(1735250807, 17, 35, 250, 807, 'Gulistan', NULL, 'Гулистан', NULL, 'Гулистан', NULL),
(1735250808, 17, 35, 250, 808, 'Guldursun', NULL, 'Гулдурсун', NULL, 'Гульдирсин', NULL),
(1735250812, 17, 35, 250, 812, 'Taza bog\'', NULL, 'Таза боғ', NULL, 'Тазабог', NULL),
(1735250815, 17, 35, 250, 815, 'Sarabiy', NULL, 'Сарабий', NULL, 'Саpабий', NULL),
(1735250820, 17, 35, 250, 820, 'Qizil qum', NULL, 'Қизил қум', NULL, 'Кызылкум', NULL),
(1735250823, 17, 35, 250, 823, 'Qirqqiz', NULL, 'Қирққиз', NULL, 'Кырккыз', NULL),
(1735250827, 17, 35, 250, 827, 'Navoiy nomli', NULL, 'Навоий номли', NULL, 'им. Навои', NULL),
(1735250830, 17, 35, 250, 830, 'Qilchinok', NULL, 'Қилчинок', NULL, 'Килчинак', NULL),
(1735250835, 17, 35, 250, 835, 'Amirabad', NULL, 'Амирабад', NULL, 'Амирабад', NULL),
(1735250850, 17, 35, 250, 850, 'Sharq Yulduzi', NULL, 'Шарқ юлдузи', NULL, 'Шарк-Юлдузи', NULL),
(1735250855, 17, 35, 250, 855, 'Ellikkala', NULL, 'Элликкала', NULL, 'Элликкала', NULL),
(1735250860, 17, 35, 250, 860, 'Do\'stlik', NULL, 'Дўстлик', NULL, 'Дустлик', NULL),
(1735401550, 17, 35, 401, 550, 'Nukus shahar hokimiyatiga qarashli shaharchalar', NULL, 'Нукус шаҳар ҳокимиятига қарашли шаҳарчалар', NULL, 'Городские поселки, подч. Нукусскому горхокимияту', NULL),
(1735401554, 17, 35, 401, 554, 'Karatau', NULL, 'Каратау', NULL, 'Каратау', NULL);

-- --------------------------------------------------------

--
-- Table structure for table `source_message`
--

CREATE TABLE `source_message` (
  `id` int(11) NOT NULL,
  `category` varchar(255) COLLATE utf8_unicode_ci DEFAULT NULL,
  `message` text COLLATE utf8_unicode_ci DEFAULT NULL
) ENGINE=InnoDB DEFAULT CHARSET=utf8 COLLATE=utf8_unicode_ci;

--
-- Dumping data for table `source_message`
--

INSERT INTO `source_message` (`id`, `category`, `message`) VALUES
(1, 'food', 'Namunalar ro\'yhati'),
(2, 'food', 'ID'),
(3, 'food', 'Direktor'),
(4, 'food', 'Labaratoriya mudiri'),
(5, 'food', 'Bajaruvchi'),
(6, 'food', 'Muddat'),
(7, 'food', 'Izoh'),
(8, 'food', 'Holat'),
(9, 'food', 'Yaratildi'),
(10, 'food', 'O\'zgartirildi'),
(11, 'food', 'Namuna'),
(12, 'food', 'Ariza'),
(13, 'food', 'Status'),
(14, 'model.samples', 'ID'),
(15, 'model.samples', 'Kod'),
(16, 'model.samples', 'Namuna belgisi'),
(17, 'model.samples', 'Namuna turi'),
(18, 'model.samples', 'Namuna o\'rami'),
(19, 'model.samples', 'Hayvon'),
(20, 'model.samples', 'Dalolatnoma raqami'),
(21, 'model.samples', 'Gumonlangan kasallik'),
(22, 'model.samples', 'Tahlil usuli'),
(23, 'model.samples', 'Mas\'ul shaxs'),
(24, 'model.samples', 'Takroriy tahlil'),
(25, 'model.samples', 'Status'),
(26, 'lab', 'Holati:'),
(27, 'lab', 'Jinsi:'),
(28, 'lab', 'Tug\'ilgan sanasi:'),
(29, 'model', 'ID'),
(30, 'model', 'Raqami'),
(31, 'model', 'Code ID'),
(32, 'model', 'Xona tempraturasi'),
(33, 'model', 'Xona namligi'),
(34, 'model', 'Reaktiv nomi'),
(35, 'model', 'Reaktiv seriyasi'),
(36, 'model', 'Shartoit'),
(37, 'model', 'Test tugash vaqti'),
(38, 'model', 'Izoh'),
(39, 'model', 'Labarant'),
(40, 'model', 'Tasdiqladi'),
(41, 'model', 'Yaratildi'),
(42, 'model', 'O\'zgartirildi'),
(43, 'model', 'Holati'),
(44, 'lab', 'Parametr nomi'),
(45, 'lab', 'Birliki'),
(46, 'lab', 'Maksimal-minimal oraliq'),
(47, 'lab', 'Qiymat'),
(48, 'lab', 'Emlashga aloqadorligi'),
(49, 'model', 'Natija'),
(50, 'model', 'Turi'),
(51, 'model', 'Shablon'),
(52, 'lab', 'Natijani kiriting'),
(53, 'menu', 'Hayvon kasalliklari tashhisi'),
(54, 'menu', 'Oziq-ovqat havsizligi'),
(55, 'login', 'Tizimga kirish'),
(56, 'login', 'Hayvon kasalliklari tashhisi va oziq-ovqat xavfsizligiga oid laboratoriya tekshiruvlari Yagona elektron ma\'lumotlar bazasini yurishish tizimi (VIS-Sayyor)'),
(57, 'login', 'Boshqaruv tizimiga xush kelibsiz!'),
(58, 'login', 'Email'),
(59, 'login', 'Parol'),
(60, 'login', 'Kirish'),
(61, 'login', 'Axborot tizimini yaratish Yevropa Ittifoqi tomonidan moliyalashtirilgan'),
(62, 'cp', 'Tarjimalar'),
(63, 'cp.menu', 'Bosh sahifa'),
(64, 'cp.menu', 'Dalolatnomalar'),
(65, 'cp.menu', 'Ma\'lumotnoma'),
(66, 'cp.menu', 'Ichki'),
(67, 'cp.menu', 'Tashqi'),
(68, 'cp.menu', 'Shablonlar'),
(69, 'cp.menu', 'Kontragentlar'),
(70, 'cp.menu', 'Yuridik shaxslar'),
(71, 'cp.menu', 'Jismoniy shaxslar'),
(72, 'cp.menu', 'Sozlamalar'),
(73, 'cp.menu', 'Foydalanuvchilar'),
(74, 'cp.menu', 'Lavozimlar ro\'yhati'),
(75, 'cp.menu', 'Foydalanuvchilar huquqlari'),
(76, 'cp.menu', 'Tashkilotlar'),
(77, 'cp.menu', 'Tashkilot turlari'),
(78, 'cp', 'Tarjimalar'),
(79, 'cp.menu', 'Bosh sahifa'),
(80, 'cp.menu', 'Dalolatnomalar'),
(81, 'cp.menu', 'Ma\'lumotnoma'),
(82, 'cp.menu', 'Ichki'),
(83, 'cp.menu', 'Tashqi'),
(84, 'cp.menu', 'Shablonlar'),
(85, 'cp.menu', 'Kontragentlar'),
(86, 'cp.menu', 'Yuridik shaxslar'),
(87, 'cp.menu', 'Jismoniy shaxslar'),
(88, 'cp.menu', 'Sozlamalar'),
(89, 'cp.menu', 'Foydalanuvchilar'),
(90, 'cp.menu', 'Lavozimlar ro\'yhati'),
(91, 'cp.menu', 'Foydalanuvchilar huquqlari'),
(92, 'cp.menu', 'Tashkilotlar'),
(93, 'cp.menu', 'Tashkilot turlari'),
(94, 'cp.sertificates', 'The requested page does not exist.'),
(95, 'cp.menu', 'Arizalar ro\'yhati'),
(96, 'cp.menu', 'Hayvon kasalliklari tashhilari'),
(97, 'cp.menu', 'Oziq-ovqat ekspertizalari'),
(98, 'reg', 'Muvvofaqiyatli'),
(99, 'client', 'Hayvon kasalliklari tashhisi bo\'yicha namuna olish dalolatnomalari'),
(100, 'client', 'Dalolatnoma qo\'shish'),
(101, 'model.sertificates', 'Dalolatnoma'),
(102, 'model.sertificates', 'Dalolatnoma raqami(Qog\'ozdagi yoki registondagi)'),
(103, 'model.sertificates', 'Sana'),
(104, 'model.sertificates', 'PNFL'),
(105, 'model.sertificates', 'Egasi'),
(106, 'model.sertificates', 'Hayvon egasi'),
(107, 'model.sertificates', 'Vet uchstka'),
(108, 'model.sertificates', 'Operator'),
(109, 'model.sertificates', 'INN(STIR)'),
(110, 'model.sertificates', 'Viloyat'),
(111, 'model.sertificates', 'Tuman'),
(112, 'model.sertificates', 'QFI'),
(113, 'model.sertificates', 'Lavozim'),
(114, 'model.sertificates', 'Namuna olgan shaxs'),
(115, 'model', 'Nomi'),
(116, 'model', 'STIR(INN)'),
(117, 'model', 'JSH SHIR(PINFL)'),
(118, 'model', 'Passport'),
(119, 'model', 'Kontragent turi'),
(120, 'login', 'Pasport seriya raqami'),
(121, 'client', 'Yuridik shaxs ma\'lumotlari'),
(122, 'model.legal_entities', 'TSHX'),
(123, 'model.legal_entities', 'Manzil'),
(124, 'model.legal_entities', 'Soato'),
(125, 'cp.sertificates', 'O\'zgartirish'),
(126, 'cp.sertificates', 'Arizani yuborish'),
(127, 'client', 'Umumiy {n} ta namuna. Shundan {m} tasiga ariza berilmagan'),
(128, 'client', 'Arizani kuzatish'),
(129, 'cp.food_sampling_certificate', 'Mahsulot ekspertizasi uchun namuma olish dalolatnomalari '),
(130, 'cp', 'Export'),
(131, 'cp', 'Excel'),
(132, 'cp', 'Pdf'),
(133, 'client', 'Buyurtmachi'),
(134, 'client', 'Namuna oluvchi'),
(135, 'model.food_sampling_certificate', 'Food ID'),
(136, 'model.food_sampling_certificate', 'JSHSHIR(PNFL)'),
(137, 'model.food_sampling_certificate', 'Namuna beruvchi vet uchaska'),
(138, 'model.food_sampling_certificate', 'Namuna olish manzil'),
(139, 'model.food_sampling_certificate', 'STIR(PNFL)'),
(140, 'model.food_sampling_certificate', 'Namunani tekshirtirishdan maqsad'),
(141, 'model.food_sampling_certificate', 'Namuna olish sanasi'),
(142, 'model.food_sampling_certificate', 'Namuna yuborilgan sana'),
(143, 'model.food_sampling_certificate', 'Xabar asosida tuzilgan'),
(144, 'model.food_sampling_certificate', 'Namunani yuborish sharoiti'),
(145, 'model.food_sampling_certificate', 'Xabar raqami'),
(146, 'client', 'Yo\'q'),
(147, 'client', 'Ha'),
(148, 'cp.food_sampling_certificate', 'Dalolatnomalar ro\'yhati'),
(149, 'register', 'Yuboruvchi'),
(150, 'model', 'Shoshilinch tekshiruv'),
(151, 'model', 'Tekshiruv turi'),
(152, 'model', 'Talablarning natijaga muvofiqligi'),
(153, 'model', 'Tekshiruvchi tashkilot'),
(154, 'model', 'Registrator'),
(155, 'model', 'Ro\'yhatga olingan sana'),
(156, 'model', 'Kasallik turi'),
(157, 'model', 'Namunalar'),
(158, 'model', 'Ariza yuboruvchi FIO'),
(159, 'model', 'Ariza yuboruvchi telefoni'),
(160, 'model', 'Namuna qabul qiluvchi'),
(161, 'model', 'Yuborilgan vaqti'),
(162, 'client', 'Namuna raqamlari'),
(163, 'register', 'Labaratoriya'),
(164, 'food', 'Tashkilot'),
(165, 'food', 'Kategoriyasi'),
(166, 'food', 'Results Conformity ID'),
(167, 'food', 'Arizachi FIO'),
(168, 'food', 'Arizachi telefon'),
(169, 'food', 'Updated'),
(170, 'cp.sertificates', 'Hayvon qo\'shish'),
(171, 'model.animals', 'Hayvon toifasi'),
(172, 'model.animals', 'Jinsi'),
(173, 'model.animals', 'Tug\'ilgan kuni'),
(174, 'model.animals', 'Vet uchastka'),
(175, 'model.animals', 'Visual birka'),
(176, 'model.animals', 'Hayvon turi'),
(177, 'cp.animals', 'Hayvon turini tanlang'),
(178, 'cp.animals', 'Erkak'),
(179, 'cp.animals', 'Urg\'ochi'),
(180, 'client', 'Viloyatni tanlang'),
(181, 'cp.sertificates', 'Saqlash'),
(182, 'cp.vetsites', '- Tumanni tanlang -'),
(183, 'cp.vetsites', '- Vet uchastkani tanlang -'),
(184, 'client', 'Namuna muvoffaqiyatli saqlandi'),
(185, 'client', 'sonli dalolatnoma uchun ariza yozish'),
(186, 'client', 'Labaratoriyani tanlang'),
(187, 'register', 'Arzani qabul qilish'),
(188, 'cp.sertificates', 'Namunalarni qabul qilish'),
(189, 'cp.sertificates', 'Arizalar'),
(190, 'register', 'Raqamli namunani qabul qilish'),
(191, 'test', 'Direktorni tanlang'),
(192, 'test', 'Labaratoriya mudirini tanlang'),
(193, 'test', 'Namuna muvoffaqiyatli yuborildi'),
(194, 'leader', 'Labarantni tanlang'),
(195, 'cp', 'Bosh sahifa'),
(196, 'cp', 'Biologik, potologik va boshqa materiallardan namuna olish'),
(197, 'cp', 'Mahsulot ekspertizasi'),
(198, 'client', 'Hayvon kasalliklari tashhisi bo\'yicha namuna olish dalolatnomalari'),
(199, 'model.sertificates', 'Dalolatnoma'),
(200, 'model.sertificates', 'Dalolatnoma raqami(Qog\'ozdagi yoki registondagi)'),
(201, 'model.sertificates', 'Sana'),
(202, 'model.sertificates', 'PNFL'),
(203, 'model.sertificates', 'Egasi'),
(204, 'model.sertificates', 'Hayvon egasi'),
(205, 'model.sertificates', 'Vet uchstka'),
(206, 'model.sertificates', 'Operator'),
(207, 'model.sertificates', 'INN(STIR)'),
(208, 'model.sertificates', 'Viloyat'),
(209, 'model.sertificates', 'Tuman'),
(210, 'model.sertificates', 'QFI'),
(211, 'model.sertificates', 'Status'),
(212, 'model.sertificates', 'Lavozim'),
(213, 'model.sertificates', 'Namuna olgan shaxs'),
(214, 'cp', 'Hayvonlar'),
(215, 'cp', 'Hayvon toifalari'),
(216, 'cp', 'Hayvon turlari'),
(217, 'cp', 'Kasalliklar ruyhati'),
(218, 'cp', 'Kasalliklar guruhi'),
(219, 'cp', 'Kasalliklar toifasi'),
(220, 'cp', 'Vaksinalar'),
(221, 'cp', 'Namunalar'),
(222, 'cp', 'Namuna turlari'),
(223, 'cp', 'Namuna o\'ramlari'),
(224, 'cp', 'Tahlil usullari'),
(225, 'cp', 'Birliklar'),
(226, 'cp', 'Tekshirish maqsadlari'),
(227, 'cp', 'Namuna holati'),
(228, 'cp', 'Laboratoriya tadqiqot turlari'),
(229, 'cp', 'Mahsulotlar turlari'),
(230, 'cp', 'Report Drug Types'),
(231, 'cp', 'Report Food Category'),
(232, 'cp.animals', 'Hayvonlar'),
(233, 'cp.animals', 'Hayvon qo\'shish'),
(234, 'model.animals', 'ID'),
(235, 'model.animals', 'Egasi'),
(236, 'model.animals', 'Hayvon toifasi'),
(237, 'model.animals', 'Jinsi'),
(238, 'model.animals', 'Tug\'ilgan kuni'),
(239, 'model.animals', 'INN(STIR)'),
(240, 'model.animals', 'PNFL'),
(241, 'model.animals', 'Manzil'),
(242, 'model.animals', 'Vet uchastka'),
(243, 'model.animals', 'Visual birka'),
(244, 'model.animals', 'Hayvon turi'),
(245, 'model.animals', 'Viloyat'),
(246, 'model.animals', 'Tuman'),
(247, 'cp.diseases', 'Kasalliklar ro`yhati'),
(248, 'model.diseases', 'ID'),
(249, 'model.diseases', 'Nomi(O\'zbek)'),
(250, 'model.diseases', 'Nomi(Rus)'),
(251, 'model.diseases', 'Toifasi'),
(252, 'model.diseases', 'Turi'),
(253, 'cp.diseases', 'Kasalliklar ro`yhati'),
(254, 'model.diseases', 'ID'),
(255, 'model.diseases', 'Nomi(O\'zbek)'),
(256, 'model.diseases', 'Nomi(Rus)'),
(257, 'model.diseases', 'Toifasi'),
(258, 'model.diseases', 'Turi'),
(259, 'cp.vaccines', 'Vaksinalar'),
(260, 'model.vaccines', 'ID'),
(261, 'model.vaccines', 'Nomi'),
(262, 'cp.sample_boxes', 'Namuna o\'ramlari'),
(263, 'cp.sample_boxes', 'Namuna o\'rami qo\'shish'),
(264, 'model.sample_boxes', 'ID'),
(265, 'model.sample_boxes', 'Nomi(O\'zbek)'),
(266, 'model.sample_boxes', 'Nomi(Rus)'),
(267, 'model.sample_boxes', 'Status'),
(268, 'cp.sample_boxes', 'Namuna o\'ramlari'),
(269, 'cp.sample_boxes', 'Namuna o\'rami qo\'shish'),
(270, 'model.sample_boxes', 'ID'),
(271, 'model.sample_boxes', 'Nomi(O\'zbek)'),
(272, 'model.sample_boxes', 'Nomi(Rus)'),
(273, 'model.sample_boxes', 'Status'),
(274, 'cp.sample_boxes', 'Namuna o\'ramlari'),
(275, 'cp.sample_boxes', 'Namuna o\'rami qo\'shish'),
(276, 'model.sample_boxes', 'ID'),
(277, 'model.sample_boxes', 'Nomi(O\'zbek)'),
(278, 'model.sample_boxes', 'Nomi(Rus)'),
(279, 'model.sample_boxes', 'Status'),
(280, 'cp.verification_purposes', 'Tekshirish maqsadlari'),
(281, 'cp.verification_purposes', 'Tekshirish maqsadi qo\'shish'),
(282, 'model.verification_purposes', 'ID'),
(283, 'model.verification_purposes', 'Nomi(O\'zbek)'),
(284, 'model.verification_purposes', 'Nomi(Rus)'),
(285, 'model.verification_purposes', 'Kod'),
(286, 'food', 'Food Types'),
(287, 'food', 'Create Food Type'),
(288, 'food', 'Name'),
(289, 'food', 'Parent ID'),
(290, 'food', 'Name Uz'),
(291, 'food', 'Name Ru'),
(292, 'cp.animal', 'Hayvon kategoriyalari'),
(293, 'cp.animal', 'Hayvon kategoriyasini yaratish'),
(294, 'model.animal', 'ID'),
(295, 'model.animal', 'Kod'),
(296, 'model.animal', 'Nomi(O\'zbek)'),
(297, 'model.animal', 'Nomi(Rus)'),
(298, 'cp.animal', 'Hayvon kategoriyalari'),
(299, 'cp.animal', 'Hayvon kategoriyasini yaratish'),
(300, 'model.animal', 'ID'),
(301, 'model.animal', 'Kod'),
(302, 'model.animal', 'Nomi(O\'zbek)'),
(303, 'model.animal', 'Nomi(Rus)'),
(304, 'cp.disease_groups', 'Kasallik guruhlari'),
(305, 'cp.diese-groups', 'Kasallik guruhi qo\'shish'),
(306, 'model.disease_groups', 'ID'),
(307, 'model.disease_groups', 'Nomi(O\'zbek)'),
(308, 'model.disease_groups', 'Nomi(Rus)'),
(309, 'cp.samples', 'Namuna qo\'shish'),
(310, 'cp.samples', 'Namunalar'),
(311, 'cp.samples', 'Namuna qo\'shish'),
(312, 'cp.test_method', 'Tahlil usullari'),
(313, 'cp.test_method', 'Tahlil usuli qo\'shish'),
(314, 'model.test_method', 'ID'),
(315, 'model.test_method', 'Nomi(O\'zbek)'),
(316, 'model.test_method', 'Nomi(Rus)'),
(317, 'model.test_method', 'Status'),
(318, 'cp.test_method', 'Tahlil usullari'),
(319, 'cp.test_method', 'Tahlil usuli qo\'shish'),
(320, 'model.test_method', 'ID'),
(321, 'model.test_method', 'Nomi(O\'zbek)'),
(322, 'model.test_method', 'Nomi(Rus)'),
(323, 'model.test_method', 'Status'),
(324, 'cp.sample_conditions', 'Namuna holatlari'),
(325, 'cp.sample_conditions', 'Namuna holati qo\'shish'),
(326, 'model.sample_conditions', 'ID'),
(327, 'model.sample_conditions', 'Nomi(O\'zbek)'),
(328, 'model.sample_conditions', 'Nomi(Rus)'),
(329, 'model.sample_conditions', 'Kod'),
(330, 'cp.sample_conditions', 'Namuna holatlari'),
(331, 'cp.sample_conditions', 'Namuna holati qo\'shish'),
(332, 'model.sample_conditions', 'ID'),
(333, 'model.sample_conditions', 'Nomi(O\'zbek)'),
(334, 'model.sample_conditions', 'Nomi(Rus)'),
(335, 'model.sample_conditions', 'Kod'),
(336, 'cp.animaltype', 'Hayvon turlari'),
(337, 'cp.animaltype', 'Hayvon turi qo\'shish'),
(338, 'model.animaltype', 'ID'),
(339, 'model.animaltype', 'Nomi(O\'zbek)'),
(340, 'model.animaltype', 'Nomi(Rus)'),
(341, 'model.animaltype', 'Kod'),
(342, 'cp.animaltype', 'Hayvon turlari'),
(343, 'cp.animaltype', 'Hayvon turi qo\'shish'),
(344, 'model.animaltype', 'ID'),
(345, 'model.animaltype', 'Nomi(O\'zbek)'),
(346, 'model.animaltype', 'Nomi(Rus)'),
(347, 'model.animaltype', 'Kod'),
(348, 'cp.animaltype', 'Hayvon turlari'),
(349, 'cp.animaltype', 'Hayvon turi qo\'shish'),
(350, 'model.animaltype', 'ID'),
(351, 'model.animaltype', 'Nomi(O\'zbek)'),
(352, 'model.animaltype', 'Nomi(Rus)'),
(353, 'model.animaltype', 'Kod'),
(354, 'cp.disease_category', 'Kasalliklar toyifasi'),
(355, 'cp.disease_category', 'Kasallik toyifasini qo`shish'),
(356, 'model.disease_category', 'ID'),
(357, 'model.disease_category', 'Nomi(O\'zbek)'),
(358, 'model.disease_category', 'Nomi(Rus)'),
(359, 'cp.disease_category', 'Kasalliklar toyifasi'),
(360, 'cp.disease_category', 'Kasallik toyifasini qo`shish'),
(361, 'model.disease_category', 'ID'),
(362, 'model.disease_category', 'Nomi(O\'zbek)'),
(363, 'model.disease_category', 'Nomi(Rus)'),
(364, 'cp.disease_category', 'Kasalliklar toyifasi'),
(365, 'cp.disease_category', 'Kasallik toyifasini qo`shish'),
(366, 'model.disease_category', 'ID'),
(367, 'model.disease_category', 'Nomi(O\'zbek)'),
(368, 'model.disease_category', 'Nomi(Rus)'),
(369, 'cp.disease_category', 'Kasalliklar toyifasi'),
(370, 'cp.disease_category', 'Kasallik toyifasini qo`shish'),
(371, 'model.disease_category', 'ID'),
(372, 'model.disease_category', 'Nomi(O\'zbek)'),
(373, 'model.disease_category', 'Nomi(Rus)'),
(374, 'cp.sample_types', 'Namuna turlari'),
(375, 'cp.sample_types', 'Namuna turi qo\'shish'),
(376, 'model.sample_types', 'ID'),
(377, 'model.sample_types', 'Nomi(O\'zbek)'),
(378, 'model.sample_types', 'Nomi(Rus)'),
(379, 'cp.sample_types', 'Namuna turlari'),
(380, 'cp.sample_types', 'Namuna turi qo\'shish'),
(381, 'model.sample_types', 'ID'),
(382, 'model.sample_types', 'Nomi(O\'zbek)'),
(383, 'model.sample_types', 'Nomi(Rus)'),
(384, 'cp.sample_types', 'Namuna turlari'),
(385, 'cp.sample_types', 'Namuna turi qo\'shish'),
(386, 'model.sample_types', 'ID'),
(387, 'model.sample_types', 'Nomi(O\'zbek)'),
(388, 'model.sample_types', 'Nomi(Rus)'),
(389, 'cp.units', 'Birliklar'),
(390, 'cp.units', 'Birlik qo\'shish'),
(391, 'model.units', 'ID'),
(392, 'model.units', 'Nomi(O\'zbek)'),
(393, 'model.units', 'Nomi(Rus)'),
(394, 'model.units', 'Code'),
(395, 'cp.units', 'Birliklar'),
(396, 'cp.units', 'Birlik qo\'shish'),
(397, 'model.units', 'ID'),
(398, 'model.units', 'Nomi(O\'zbek)'),
(399, 'model.units', 'Nomi(Rus)'),
(400, 'model.units', 'Code'),
(401, 'cp.units', 'Birliklar'),
(402, 'cp.units', 'Birlik qo\'shish'),
(403, 'model.units', 'ID'),
(404, 'model.units', 'Nomi(O\'zbek)'),
(405, 'model.units', 'Nomi(Rus)'),
(406, 'model.units', 'Code'),
(407, 'cp.laboratory_test_type', 'Laboratoriya tadqiqot turlari'),
(408, 'cp.laboratory_test_type', 'tadqiqot turi qo\'shish'),
(409, 'model.laboratory_test_type', 'ID'),
(410, 'model.laboratory_test_type', 'Nomi(O\'zbek)'),
(411, 'model.laboratory_test_type', 'Nomi(Rus)'),
(412, 'model.laboratory_test_type', 'Kod'),
(413, 'cp.laboratory_test_type', 'Laboratoriya tadqiqot turlari'),
(414, 'cp.laboratory_test_type', 'tadqiqot turi qo\'shish'),
(415, 'model.laboratory_test_type', 'ID'),
(416, 'model.laboratory_test_type', 'Nomi(O\'zbek)'),
(417, 'model.laboratory_test_type', 'Nomi(Rus)'),
(418, 'model.laboratory_test_type', 'Kod'),
(419, 'cp', 'Vet uchastkalar'),
(420, 'cp', 'SOATO'),
(421, 'cp', 'Tashkiliy huquqiy shakl'),
(422, 'cp.vetsites', 'Veterinariya uchastkalari'),
(423, 'cp.vetsites', 'Veterinariya uchastka qo`shish'),
(424, 'model.vetsites', 'ID'),
(425, 'model.vetsites', 'Kod'),
(426, 'model.vetsites', 'Nomi'),
(427, 'model.vetsites', 'SOATO'),
(428, 'model.vetsites', 'Tuman'),
(429, 'model.vetsites', 'Viloyat'),
(430, 'cp.vetsites', 'Veterinariya uchastkalari'),
(431, 'cp.vetsites', 'Veterinariya uchastka qo`shish'),
(432, 'model.vetsites', 'ID'),
(433, 'model.vetsites', 'Kod'),
(434, 'model.vetsites', 'Nomi'),
(435, 'model.vetsites', 'SOATO'),
(436, 'model.vetsites', 'Tuman'),
(437, 'model.vetsites', 'Viloyat'),
(438, 'cp', 'Vet uchastkalar'),
(439, 'cp', 'SOATO'),
(440, 'cp', 'Tashkiliy huquqiy shakl'),
(441, 'cp', 'Export'),
(442, 'cp', 'Excel'),
(443, 'cp', 'Pdf'),
(444, 'cp', 'Export'),
(445, 'cp', 'Excel'),
(446, 'cp', 'Pdf'),
(447, 'cp.tshx', 'Tashkiliy huquqiy shakllar'),
(448, 'cp.tshx', 'Qo\'shish'),
(449, 'model.tshx', 'ID'),
(450, 'model.tshx', 'Nomi(O\'zbek)'),
(451, 'model.tshx', 'Nomi(Rus)'),
(452, 'model.tshx', 'Kod'),
(453, 'cp.tshx', 'Tashkiliy huquqiy shakllar'),
(454, 'cp.tshx', 'Qo\'shish'),
(455, 'model.tshx', 'ID'),
(456, 'model.tshx', 'Nomi(O\'zbek)'),
(457, 'model.tshx', 'Nomi(Rus)'),
(458, 'model.tshx', 'Kod'),
(459, 'cp.tshx', 'Tashkiliy huquqiy shakllar'),
(460, 'cp.tshx', 'Qo\'shish'),
(461, 'model.tshx', 'ID'),
(462, 'model.tshx', 'Nomi(O\'zbek)'),
(463, 'model.tshx', 'Nomi(Rus)'),
(464, 'model.tshx', 'Kod'),
(465, 'cp', 'Normativ hujjatlar'),
(466, 'cp', 'Shablon birliklari'),
(467, 'cp', 'Hayvon kasalliklari tashhisi'),
(468, 'model.food_sampling_certificate', 'ID'),
(469, 'model.food_sampling_certificate', 'Name Uz'),
(470, 'model.food_sampling_certificate', 'Name Ru'),
(471, 'model.food_sampling_certificate', 'File'),
(472, 'model.food_sampling_certificate', 'Creator ID'),
(473, 'model.food_sampling_certificate', 'Status'),
(474, 'model.food_sampling_certificate', 'Created'),
(475, 'model.food_sampling_certificate', 'Updated'),
(476, 'model.food_sampling_certificate', 'ID'),
(477, 'model.food_sampling_certificate', 'Name Uz'),
(478, 'model.food_sampling_certificate', 'Name Ru'),
(479, 'model.food_sampling_certificate', 'File'),
(480, 'model.food_sampling_certificate', 'Creator ID'),
(481, 'model.food_sampling_certificate', 'Status'),
(482, 'model.food_sampling_certificate', 'Created'),
(483, 'model.food_sampling_certificate', 'Updated'),
(484, 'cp', 'Normativ hujjatlar'),
(485, 'cp', 'Shablon birliklari'),
(486, 'cp', 'Hayvon kasalliklari tashhisi'),
(487, 'cp.legal_entities', 'Yuridik shaxslar'),
(488, 'cp.legal_entities', 'Yuridik shaxs qo\'shish'),
(489, 'model.legal_entities', 'STIR(INN)'),
(490, 'model.legal_entities', 'Nomi'),
(491, 'model.legal_entities', 'TSHX'),
(492, 'model.legal_entities', 'Manzil'),
(493, 'model.legal_entities', 'Soato'),
(494, 'model.legal_entities', 'Viloyat'),
(495, 'model.legal_entities', 'Tuman'),
(496, 'model.legal_entities', 'Status'),
(497, 'cp.legal_entities', 'Yuridik shaxslar'),
(498, 'cp.legal_entities', 'Yuridik shaxs qo\'shish'),
(499, 'model.legal_entities', 'STIR(INN)'),
(500, 'model.legal_entities', 'Nomi'),
(501, 'model.legal_entities', 'TSHX'),
(502, 'model.legal_entities', 'Manzil'),
(503, 'model.legal_entities', 'Soato'),
(504, 'model.legal_entities', 'Viloyat'),
(505, 'model.legal_entities', 'Tuman'),
(506, 'model.legal_entities', 'Status'),
(507, 'cp.individuals', 'Jismoniy shaxslar'),
(508, 'cp.individuals', 'Jismoniy shaxs qo\'shish'),
(509, 'model.individuals', 'PNFL'),
(510, 'model.individuals', 'Ism'),
(511, 'model.individuals', 'Familya'),
(512, 'model.individuals', 'Otasining ismi'),
(513, 'model.individuals', 'QFY'),
(514, 'model.individuals', 'Manzil'),
(515, 'model.individuals', 'Pasport'),
(516, 'model.individuals', 'Viloyat'),
(517, 'model.individuals', 'Tuman'),
(518, 'cp.individuals', 'Jismoniy shaxslar'),
(519, 'cp.individuals', 'Jismoniy shaxs qo\'shish'),
(520, 'model.individuals', 'PNFL'),
(521, 'model.individuals', 'Ism'),
(522, 'model.individuals', 'Familya'),
(523, 'model.individuals', 'Otasining ismi'),
(524, 'model.individuals', 'QFY'),
(525, 'model.individuals', 'Manzil'),
(526, 'model.individuals', 'Pasport'),
(527, 'model.individuals', 'Viloyat'),
(528, 'model.individuals', 'Tuman'),
(529, 'report', 'Lat'),
(530, 'report', 'Long'),
(531, 'report', 'Batafsil'),
(532, 'report', 'Telefon raqami'),
(533, 'food', 'Rep ID'),
(534, 'report', 'Tasdiqdan o\'tgan'),
(535, 'client', 'Bosh sahifa'),
(536, 'cp.menu', 'Arizalar ro\'yhati'),
(537, 'cp.menu', 'Hayvon kasalliklari tashhilari'),
(538, 'cp.menu', 'Oziq-ovqat ekspertizalari'),
(539, 'cp.food_sampling_certificate', 'Mahsulot ekspertizasi uchun namuma olish dalolatnomalari '),
(540, 'cp.food_sampling_certificate', 'Dalolatnoma qo\'shish'),
(541, 'client', 'Buyurtmachi'),
(542, 'client', 'Namuna oluvchi'),
(543, 'model.food_sampling_certificate', 'Raqami'),
(544, 'model.food_sampling_certificate', 'Food ID'),
(545, 'model.food_sampling_certificate', 'STIR(INN)'),
(546, 'model.food_sampling_certificate', 'JSHSHIR(PNFL)'),
(547, 'model.food_sampling_certificate', 'Namuna beruvchi vet uchaska'),
(548, 'model.food_sampling_certificate', 'Tuman'),
(549, 'model.food_sampling_certificate', 'Namuna olish manzil'),
(550, 'model.food_sampling_certificate', 'STIR(PNFL)'),
(551, 'model.food_sampling_certificate', 'Namunani tekshirtirishdan maqsad'),
(552, 'model.food_sampling_certificate', 'Namuna olish sanasi'),
(553, 'model.food_sampling_certificate', 'Namuna yuborilgan sana'),
(554, 'model.food_sampling_certificate', 'Xabar asosida tuzilgan'),
(555, 'model.food_sampling_certificate', 'Namunani yuborish sharoiti'),
(556, 'model.food_sampling_certificate', 'Xabar raqami'),
(557, 'model.food_sampling_certificate', 'Yaratildi'),
(558, 'model.food_sampling_certificate', 'O\'zgartirildi'),
(559, 'client', 'Yo\'q'),
(560, 'client', 'Ha'),
(561, 'cp.sertificates', 'Arizalar ro\'yhati'),
(562, 'client', 'Namuna raqamlari'),
(563, 'register', 'Labaratoriya'),
(564, 'food', 'STIR(INN)'),
(565, 'food', 'JSHSHIR(PNFL)'),
(566, 'food', 'Tashkilot'),
(567, 'food', 'Shoshilinch tekshiruv'),
(568, 'food', 'Raqami'),
(569, 'food', 'Kategoriyasi'),
(570, 'food', 'Results Conformity ID'),
(571, 'food', 'Operator'),
(572, 'food', 'Sana'),
(573, 'food', 'Arizachi FIO'),
(574, 'food', 'Arizachi telefon'),
(575, 'food', 'Updated'),
(576, 'food', 'Namunalar'),
(577, 'model', 'JSHSHIR(PNFL)'),
(578, 'model', 'STIR(INN)'),
(579, 'model', 'Shoshilinch tekshiruv'),
(580, 'model', 'Kod'),
(581, 'model', 'Tekshiruv turi'),
(582, 'model', 'Talablarning natijaga muvofiqligi'),
(583, 'model', 'Tekshiruvchi tashkilot'),
(584, 'model', 'Registrator'),
(585, 'model', 'Ro\'yhatga olingan sana'),
(586, 'model', 'Kasallik turi'),
(587, 'model', 'Namunalar'),
(588, 'model', 'Ariza yuboruvchi FIO'),
(589, 'model', 'Ariza yuboruvchi telefoni'),
(590, 'model', 'Namuna qabul qiluvchi'),
(591, 'model', 'Yuborilgan vaqti'),
(592, 'model', 'JSHSHIR(PNFL)'),
(593, 'model', 'STIR(INN)'),
(594, 'model', 'Shoshilinch tekshiruv'),
(595, 'model', 'Kod'),
(596, 'model', 'Tekshiruv turi'),
(597, 'model', 'Talablarning natijaga muvofiqligi'),
(598, 'model', 'Tekshiruvchi tashkilot'),
(599, 'model', 'Registrator'),
(600, 'model', 'Ro\'yhatga olingan sana'),
(601, 'model', 'Kasallik turi'),
(602, 'model', 'Namunalar'),
(603, 'model', 'Ariza yuboruvchi FIO'),
(604, 'model', 'Ariza yuboruvchi telefoni'),
(605, 'model', 'Namuna qabul qiluvchi'),
(606, 'model', 'Yuborilgan vaqti'),
(607, 'register', 'Yuboruvchi'),
(608, 'register', 'Yuboruvchi'),
(609, 'client', 'Dalolatnoma qo\'shish'),
(610, 'client', 'Dalolatnoma qo\'shish'),
(611, 'client', 'Ma\'lumotlaringiz muvoffaqiyatli saqlandi'),
(612, 'reg', 'Jismoniy shaxs'),
(613, 'reg', 'Yuridik shaxs'),
(614, 'cp.individuals', 'Tumanni tanlang'),
(615, 'cp.individuals', 'QFYni tanlang'),
(616, 'test', 'Tashkiliy huquqiy shakli'),
(617, 'cp.vetsites', '- QFYni tanlang -'),
(618, 'model.animals', 'Hayvon holati'),
(619, 'cp.animals', 'Emlash: {name}'),
(620, 'cp.animals', 'Emlash'),
(621, 'cp.animals', 'Kasallikni talang'),
(622, 'model.roles', 'Animal ID'),
(623, 'model.roles', 'Vaccina ID'),
(624, 'model.roles', 'Disease ID'),
(625, 'model.roles', 'Disease Date'),
(626, 'cp.animals', 'Davolash: {name}'),
(627, 'cp.animals', 'Davolash'),
(628, 'model.emlash', 'Antibiotik'),
(629, 'model', 'Boshqa sharoitlar'),
(630, 'cp.animals', 'Hayvon holatini tanlang'),
(631, 'client', '{kod} raqamli namuna muvoffaqiyatli saqlandi'),
(632, 'leader', 'Topshiriq muvoffaqiyatli yuborildi'),
(633, 'lab', 'Birlik'),
(634, 'lab', 'Minimal-maksimal oraliq'),
(635, 'lab', 'Natijalarni yuborish'),
(636, 'cp', 'Dori turlari haqida hisobot'),
(637, 'cp', 'Oziq-ovqat toifalari haqida '),
(638, 'cp', 'Oziq-ovqat tashhisi'),
(639, 'cp', 'Oziq-ovqat ekspertizasi talablari'),
(640, 'model.food_sampling_certificate', 'Nomi(UZ)'),
(641, 'model.food_sampling_certificate', 'Nomi(RU)'),
(642, 'model.food_sampling_certificate', 'Fayl'),
(643, 'model.food_sampling_certificate', 'Kirituvchi'),
(644, 'model.food_sampling_certificate', 'Kiritildi'),
(645, 'cp', 'Shablon qo\'shish'),
(646, 'cp', 'Hayvon kasalliklari tashhisi shablonlari'),
(647, 'model', 'Labaratoriya mudir'),
(648, 'model', 'Namuna raqami'),
(649, 'model', 'Ariza raqami'),
(650, 'food', 'Namunani yo\'q qilish dalolatnomalari ro\'yhati'),
(651, 'model', 'Namuna yo\'q qilingan sana'),
(652, 'model', 'Yuborilgan sana'),
(653, 'lab', 'Namuna yo\'q qilingan'),
(654, 'lab', 'Rahbar tasdiqlashi kutilmoqda'),
(655, 'lab', 'Namuna yo\'q qilinish jarayonida'),
(656, 'food', 'Namuna nomi'),
(657, 'food', 'Soni'),
(658, 'food', 'Toplam(partiya) miqdori'),
(659, 'food', 'Nazorat namunasi'),
(660, 'food', 'Ishlab chiqaruvchi'),
(661, 'food', 'Seriya raqami'),
(662, 'food', 'Ishlab chiqarilgan sana'),
(663, 'food', 'Muddati'),
(664, 'food', 'Qo\'shimcha ma\'lumot'),
(665, 'food', 'Laboratoriya test turi'),
(666, 'food', 'Ro\'yhatga oluvchi'),
(667, 'model', 'Talabga muvofiqligi'),
(668, 'model', 'Tasdiqlovchi'),
(669, 'model', 'Yaratilgan'),
(670, 'model', 'O\'zgartirilgan'),
(671, 'login', 'Tizimga kirish'),
(672, 'login', 'Hayvon kasalliklari tashhisi va oziq-ovqat xavfsizligiga oid laboratoriya tekshiruvlari Yagona elektron ma\'lumotlar bazasini yurishish tizimi (VIS-Sayyor)'),
(673, 'login', 'Boshqaruv tizimiga xush kelibsiz!'),
(674, 'login', 'Email'),
(675, 'login', 'Parol'),
(676, 'login', 'Kirish'),
(677, 'login', 'Axborot tizimini yaratish Yevropa Ittifoqi tomonidan moliyalashtirilgan'),
(678, 'lab', 'Vaksinalashlar tarixi'),
(679, 'lab', 'Davolashlar tarixi'),
(680, 'model', 'Direktor'),
(681, 'model', 'Labaratoriya mudir'),
(682, 'model', 'Bajaruvchi'),
(683, 'model', 'Muddat'),
(684, 'model', 'Holat'),
(685, 'model', 'Namuna raqami'),
(686, 'model', 'Ariza raqami'),
(687, 'model', 'Direktor'),
(688, 'model', 'Labaratoriya mudir'),
(689, 'model', 'Bajaruvchi'),
(690, 'model', 'Muddat'),
(691, 'model', 'Holat'),
(692, 'model', 'Namuna raqami'),
(693, 'model', 'Ariza raqami'),
(694, 'leader', 'Normativ hujjatlar'),
(695, 'food', 'raqami'),
(696, 'food', 'Dalolatnoma'),
(697, 'food', 'Namuna nomi'),
(698, 'food', 'Birlik'),
(699, 'food', 'Soni'),
(700, 'food', 'Namuna o\'rami'),
(701, 'food', 'Namuna holati'),
(702, 'food', 'Toplam(partiya) miqdori'),
(703, 'food', 'Nazorat namunasi'),
(704, 'food', 'Ishlab chiqaruvchi'),
(705, 'food', 'Seriya raqami'),
(706, 'food', 'Ishlab chiqarilgan sana'),
(707, 'food', 'Muddati'),
(708, 'food', 'Qo\'shimcha ma\'lumot'),
(709, 'food', 'Laboratoriya test turi'),
(710, 'food', 'Ro\'yhatga oluvchi'),
(711, 'food', 'Davlat'),
(712, 'lab', 'Vaksinalashlar tarixi'),
(713, 'lab', 'Davolashlar tarixi'),
(714, 'model', 'Boshqa sharoitlar'),
(715, 'model', 'Tashkilot'),
(716, 'lab', 'Birlik'),
(717, 'lab', 'Minimal-maksimal oraliq'),
(718, 'lab', 'Talabga muvoffiqligini tanlang'),
(719, 'model', 'Natija(oraliq)'),
(720, 'model', 'Tekshirilgan'),
(721, 'lab', 'Natijalar muvoffaqiyatli saqlandi'),
(722, 'lab', 'Natijalar muvoffaqiyatli yuborildi'),
(723, 'leader', 'Topshiriq tasdiqlandi'),
(724, 'leader', 'Namuna tekshiruv natijasi imzolandi. Namunani yo\'q qilish uchun topshiriq yuborildi.'),
(725, 'food', 'Namunani yo\'q qilish dalolatnomalarii'),
(726, 'lab', 'Namuna ma\'lumotlari'),
(727, 'cp.animals', 'Hayvon holati tanlang'),
(728, 'client', 'Login yoki parol xato'),
(729, 'reg', 'Xatolik'),
(730, 'lab', 'Barchasi'),
(731, 'model', 'Tasdiqlangan sana'),
(732, 'lab', 'Hayvon haqida ma\'lumot'),
(733, 'lab', 'Namuna yo\'q qilish dalolatnomasi tasdiqlash uchun rahbarga yuborildi'),
(734, 'lab', 'Tasdiqlash'),
(735, 'lab', 'Rad etish'),
(736, 'client', 'Oziq-ovqat ekspertizasi uchun ariza'),
(737, 'cp.vetsites', 'Vet uchstkani tanlang'),
(738, 'cp.individuals', 'Tekshirishdan maqsadni tanlang'),
(739, 'client', 'Mahsulotni tanlang'),
(740, 'client', 'Mahsulot birligini tanlang'),
(741, 'client', 'Namuna o\'ramini tanlang'),
(742, 'client', 'Davlatni tanlang'),
(743, 'client', 'Namuna holatini tanlang'),
(744, 'client', 'Tanlanmagan'),
(745, 'client', 'Tanlangan'),
(746, 'client', 'Laboratoriya test turini tanlang'),
(747, 'client', 'Ariza muvoffaqiyatli yuborildi'),
(748, 'report', 'Hayvon holat'),
(749, 'report', 'Til'),
(750, 'report', 'Bajaruvchi Labaratoriya'),
(751, 'cp.menu', 'Xabarlar'),
(752, 'cp.menu', 'Hayvon kasalliklari'),
(753, 'cp.menu', 'Dori darmonlar'),
(754, 'komitet', 'Tekshirilmagan'),
(755, 'lab', 'Yangi arizalar'),
(756, 'lab', 'Namunani yo\'q qilish'),
(757, 'cp', 'Tasdiqlovchini tanlang'),
(758, 'cp.employees', 'Yangi foydalanuvchi qo\'shish'),
(759, 'cp', 'Tashkilot qo\'shish'),
(760, 'login', 'ERI kalit yordamida kirish'),
(761, 'cp', 'Oziq-ovqat tashhisi'),
(762, 'cp', 'Oziq-ovqat ekspertizasi talablari'),
(763, 'cp', 'Oziq-ovqat tashhisi'),
(764, 'cp', 'Oziq-ovqat ekspertizasi talablari'),
(765, 'cp', 'Tasdiqlovchini tanlang'),
(766, 'cp', 'Dori turlari haqida hisobot'),
(767, 'cp', 'Oziq-ovqat toifalari haqida '),
(768, 'model.animaltype', 'Vet4'),
(769, 'cp.animaltype', 'O\'zgartirish: {name}'),
(770, 'cp.animaltype', 'O\'zgartirish'),
(771, 'cp.animaltype', 'Saqlash'),
(772, 'model.diseases', 'Vet4'),
(773, 'model.sample_types', 'Vet4'),
(774, 'cp', 'Oziq-ovqat ekspertizasi talablarini yaratish'),
(775, 'model', 'Nomi(UZ)'),
(776, 'model', 'Nomi(RU)'),
(777, 'cp', 'Oziq-ovqat ekspertizasi talablarini yaratish'),
(778, 'model', 'Nomi(UZ)'),
(779, 'model', 'Nomi(RU)'),
(780, 'cp', 'Oziq-ovqat ekspertizasi talablarini yaratish'),
(781, 'model', 'Nomi(UZ)'),
(782, 'model', 'Nomi(RU)'),
(783, 'model', 'Nomi'),
(784, 'model', 'JSH SHIR(PINFL)'),
(785, 'model', 'Passport'),
(786, 'model', 'Kontragent turi'),
(787, 'login', 'Pasport seriya raqami'),
(788, 'login', 'JSH SHIR(PINFL)'),
(789, 'login', 'Login parol yordamida kirish'),
(790, 'cp.menu', 'Arizalar'),
(791, 'cp.menu', 'Arizalar'),
(792, 'cp.menu', 'Arizalar'),
(793, 'cp.menu', 'Arizalar'),
(794, 'reg', 'Jismoniy shaxs'),
(795, 'reg', 'Yuridik shaxs'),
(796, 'cp.individuals', 'Viloyatni tanlang'),
(797, 'cp.individuals', 'Tumanni tanlang'),
(798, 'cp.individuals', 'QFYni tanlang'),
(799, 'test', 'Tashkiliy huquqiy shakli'),
(800, 'client', 'Viloyatni tanlang'),
(801, 'cp.sertificates', 'Saqlash'),
(802, 'cp.sertificates', 'Dalolatnomalar'),
(803, 'cp.sertificates', 'O\'zgartirish'),
(804, 'cp.sertificates', 'Arizani yuborish'),
(805, 'client', 'Umumiy {n} ta namuna. Shundan {m} tasiga ariza berilmagan'),
(806, 'cp.sertificates', 'Dalolatnoma qo\'shish'),
(807, 'cp.sertificates', 'Dalolatnomalar'),
(808, 'cp.sertificates', 'Hayvon qo\'shish'),
(809, 'model.animals', 'Hayvon holati'),
(810, 'model.animals', 'Hayvon egasi'),
(811, 'cp.animals', 'Hayvon turini tanlang'),
(812, 'cp.animals', 'Hayvon holati tanlang'),
(813, 'cp.animals', 'Erkak'),
(814, 'cp.animals', 'Urg\'ochi'),
(815, 'client', 'Viloyatni tanlang'),
(816, 'cp.sertificates', 'Saqlash'),
(817, 'cp.vetsites', '- Tumanni tanlang -'),
(818, 'cp.vetsites', '- Vet uchastkani tanlang -'),
(819, 'client', '{kod} raqamli namuna muvoffaqiyatli saqlandi'),
(820, 'reg', 'Muvvofaqiyatli'),
(821, 'client', 'sonli dalolatnoma uchun ariza yozish'),
(822, 'client', 'Tekshiruv turi'),
(823, 'client', 'Labaratoriyani tanlang'),
(824, 'lab', 'Bosh sahifa'),
(825, 'lab', 'Yangi arizalar'),
(826, 'menu', 'Oziq-ovqat havfsizligi'),
(827, 'lab', 'Namunani yo\'q qilish'),
(828, 'lab', 'Bosh sahifa'),
(829, 'lab', 'Yangi arizalar'),
(830, 'menu', 'Oziq-ovqat havfsizligi'),
(831, 'lab', 'Namunani yo\'q qilish'),
(832, 'register', 'Arzani qabul qilish'),
(833, 'lab', 'Bosh sahifa'),
(834, 'lab', 'Yangi arizalar'),
(835, 'menu', 'Oziq-ovqat havfsizligi'),
(836, 'lab', 'Namunani yo\'q qilish'),
(837, 'cp.sertificates', 'Namunalarni qabul qilish'),
(838, 'cp.sertificates', 'Arizalar'),
(839, 'register', 'Raqamli namunani qabul qilish'),
(840, 'food', '4vet'),
(841, 'food', 'Namuna turi'),
(842, 'lab', 'Namuna turini tanlang'),
(843, 'test', 'Direktorni tanlang'),
(844, 'test', 'Labaratoriya mudirini tanlang'),
(845, 'test', 'Namuna muvoffaqiyatli yuborildi'),
(846, 'food', 'Hayvon kasalliklari namunalar ro\'yhati'),
(847, 'food', 'Hayvon kasalliklari namunalar ro\'yhati'),
(848, 'leader', 'Labarantni tanlang'),
(849, 'leader', 'Topshiriq muvoffaqiyatli yuborildi'),
(850, 'model', 'Umumlashgan natija'),
(851, 'lab', 'Natijalarni yuborish'),
(852, 'lab', 'Saqlash'),
(853, 'lab', 'Natijalarni yuborish'),
(854, 'lab', 'Saqlash'),
(855, 'food', 'Namunani yo\'q qilish dalolatnomalari ro\'yhati'),
(856, 'lab', 'Barchasi'),
(857, 'lab', 'Namuna yo\'q qilingan'),
(858, 'lab', 'Rahbar tasdiqlashi kutilmoqda'),
(859, 'lab', 'Namuna yo\'q qilinish jarayonida'),
(860, 'model', 'Namuna yo\'q qilingan sana'),
(861, 'model', 'yaratildi'),
(862, 'model', 'Tasdiqlangan sana'),
(863, 'food', 'Namunani yo\'q qilish dalolatnomalarii'),
(864, 'lab', 'Hayvon haqida ma\'lumot'),
(865, 'model', 'Namuna yo\'q qilingan sana'),
(866, 'model', 'yaratildi'),
(867, 'model', 'Tasdiqlangan sana'),
(868, 'lab', 'Namuna yo\'q qilingan'),
(869, 'lab', 'Rahbar tasdiqlashi kutilmoqda'),
(870, 'lab', 'Namuna yo\'q qilinish jarayonida'),
(871, 'food', 'Namunani yo\'q qilish dalolatnomalarii'),
(872, 'lab', 'Hayvon haqida ma\'lumot'),
(873, 'model', 'Namuna yo\'q qilingan sana'),
(874, 'model', 'yaratildi'),
(875, 'model', 'Tasdiqlangan sana'),
(876, 'lab', 'Namuna yo\'q qilingan'),
(877, 'lab', 'Rahbar tasdiqlashi kutilmoqda'),
(878, 'lab', 'Namuna yo\'q qilinish jarayonida'),
(879, 'food', 'Namunani yo\'q qilish dalolatnomalari ro\'yhati'),
(880, 'model', 'Namuna'),
(881, 'model', 'Namuna yo\'q qilingan sana'),
(882, 'model', 'Yuborilgan sana'),
(883, 'lab', 'Namuna yo\'q qilingan'),
(884, 'lab', 'Rahbar tasdiqlashi kutilmoqda'),
(885, 'lab', 'Namuna yo\'q qilinish jarayonida'),
(886, 'food', 'Namunani yo\'q qilish dalolatnomalarii'),
(887, 'lab', 'Namuna ma\'lumotlari'),
(888, 'model', 'Namuna'),
(889, 'model', 'Namuna yo\'q qilingan sana'),
(890, 'model', 'Yuborilgan sana'),
(891, 'model', 'Namuna nomi'),
(892, 'model', 'Soni'),
(893, 'food', 'Namunani yo\'q qilish dalolatnomalarii'),
(894, 'lab', 'Namuna ma\'lumotlari'),
(895, 'model', 'Namuna'),
(896, 'model', 'Namuna yo\'q qilingan sana'),
(897, 'model', 'Yuborilgan sana'),
(898, 'model', 'Namuna nomi'),
(899, 'model', 'Soni'),
(900, 'lab', 'Namuna ma\'lumotlari'),
(901, 'login', 'Ism'),
(902, 'login', 'Familya'),
(903, 'login', 'Otasining ismi'),
(904, 'login', 'Manzil'),
(905, 'login', 'Saqlash'),
(906, 'cp.vetsites', '- QFYni tanlang -'),
(907, 'client', 'Ma\'lumotlaringiz muvoffaqiyatli saqlandi'),
(908, 'model.food_sampling_certificate', 'Nomi(UZ)'),
(909, 'model.food_sampling_certificate', 'Nomi(RU)'),
(910, 'model.food_sampling_certificate', 'Fayl'),
(911, 'model.food_sampling_certificate', 'Kirituvchi'),
(912, 'model.food_sampling_certificate', 'Kiritildi'),
(913, 'model.food_sampling_certificate', 'Turi'),
(914, 'model.food_sampling_certificate', 'Vet uchaska'),
(915, 'reg', 'Xatolik'),
(916, 'cp.test_method', 'O\'zgartirish: {name}'),
(917, 'cp.test_method', 'O\'zgartirish'),
(918, 'cp.test_method', 'Saqlash'),
(919, 'cp.test_method', 'O\'chirish'),
(920, 'cp.test_method', 'Are you sure you want to delete this item?'),
(921, 'cp', 'Shablon qo\'shish'),
(922, 'cp', 'Hayvon kasalliklari tashhisi shablonlari'),
(923, 'cp.animals', 'Hayvon holatini tanlang'),
(924, 'cp.animals', 'Emlash: {name}'),
(925, 'cp.animals', 'Emlash'),
(926, 'cp.animals', 'Kasallikni talang'),
(927, 'model.roles', 'Animal ID'),
(928, 'model.roles', 'Vaccina ID'),
(929, 'model.roles', 'Disease ID'),
(930, 'model.roles', 'Disease Date'),
(931, 'cp.animals', 'Saqlash'),
(932, 'cp.animals', 'Davolash: {name}'),
(933, 'cp.animals', 'Davolash'),
(934, 'model.emlash', 'Hayvon'),
(935, 'model.emlash', 'Antibiotik'),
(936, 'model.emlash', 'Sana'),
(937, 'cp.vetsites', 'Vet uchaska qo\'shish'),
(938, 'cp.vetsites', 'Vet uchastkalar'),
(939, 'cp.vetsites', 'Viloyatni tanlang'),
(940, 'cp.vetsites', 'Tumanni tanlang'),
(941, 'cp.vetsites', 'QFYni tanlang'),
(942, 'cp.vetsites', 'Saqlash'),
(943, 'cp.vetsites', 'Vet uchaska qo\'shish'),
(944, 'cp.vetsites', 'Vet uchastkalar'),
(945, 'cp.vetsites', 'Viloyatni tanlang'),
(946, 'cp.vetsites', 'Tumanni tanlang'),
(947, 'cp.vetsites', 'QFYni tanlang'),
(948, 'cp.vetsites', 'Saqlash'),
(949, 'cp', 'Tashkilotlar'),
(950, 'cp', 'Tashkilot qo\'shish'),
(951, 'cp', 'O\'zgartirish: {name}'),
(952, 'cp', 'O\'zgartirish'),
(953, 'client', 'Tashkilot turi'),
(954, 'cp', 'Saqlash'),
(955, 'cp', 'Tashkilorlar'),
(956, 'cp', 'O\'chirish'),
(957, 'cp', 'Are you sure you want to delete this item?'),
(958, 'food', 'Oziq-ovqat havfsizligi namunalar ro\'yhati'),
(959, 'lab', 'Talabga muvoffiqligini tanlang'),
(960, 'model', 'Talabga muvofiqligi'),
(961, 'model', 'Kirituvchi'),
(962, 'model', 'Tasdiqlovchi'),
(963, 'model', 'Yaratilgan'),
(964, 'model', 'O\'zgartirilgan'),
(965, 'model', 'Natija(oraliq)'),
(966, 'model', 'Tekshirilgan'),
(967, 'lab', 'Talabga muvoffiqligini tanlang'),
(968, 'model', 'Talabga muvofiqligi'),
(969, 'model', 'Kirituvchi'),
(970, 'model', 'Tasdiqlovchi'),
(971, 'model', 'Yaratilgan'),
(972, 'model', 'O\'zgartirilgan'),
(973, 'model', 'Natija(oraliq)'),
(974, 'model', 'Tekshirilgan'),
(975, 'client', 'Yuridik shaxs ma\'lumotlari'),
(976, 'client', 'Login yoki parol xato'),
(977, 'lab', 'Kun'),
(978, 'lab', 'Doimiy'),
(979, 'lab', 'Kun'),
(980, 'lab', 'Doimiy'),
(981, 'lab', 'Natijalar muvoffaqiyatli saqlandi'),
(982, 'lab', 'Natijalar muvoffaqiyatli yuborildi'),
(983, 'leader', 'Topshiriq tasdiqlandi'),
(984, 'leader', 'Namuna tekshiruv natijasi imzolandi. Namunani yo\'q qilish uchun topshiriq yuborildi.'),
(985, 'lab', 'Namuna yo\'q qilish dalolatnomasi tasdiqlash uchun rahbarga yuborildi'),
(986, 'lab', 'Tasdiqlash'),
(987, 'lab', 'Rad etish'),
(988, 'lab', 'Tasdiqlash'),
(989, 'lab', 'Rad etish'),
(990, 'report', 'ID'),
(991, 'report', 'Hayvon turi'),
(992, 'report', 'Hayvon holat'),
(993, 'report', 'Manzil'),
(994, 'report', 'Lat'),
(995, 'report', 'Long'),
(996, 'report', 'Batafsil'),
(997, 'report', 'Telefon raqami'),
(998, 'report', 'Operator'),
(999, 'report', 'Tasdiqdan o\'tgan'),
(1000, 'report', 'Status'),
(1001, 'report', 'Created'),
(1002, 'report', 'Updated'),
(1003, 'report', 'Code'),
(1004, 'report', 'Rep ID'),
(1005, 'report', 'Til'),
(1006, 'report', 'Bajaruvchi Labaratoriya'),
(1007, 'cp.diseases', 'Kasalliklar'),
(1008, 'cp.diseases', 'O\'zgartirish'),
(1009, 'cp.diseases', 'O\'chirish'),
(1010, 'cp.diseases', 'Are you sure you want to delete this item?'),
(1011, 'cp', 'Foydalanuvchilar'),
(1012, 'cp.employees', 'Yangi foydalanuvchi qo\'shish'),
(1013, 'cp', 'Lavozimlar ro\'yhati'),
(1014, 'cp', 'Lavozim qo\'shish'),
(1015, 'cp.sertificates', 'O\'chirish'),
(1016, 'cp.sertificates', 'Are you sure you want to delete this item?'),
(1017, 'cp.food_sampling_certificate', 'Mahsulot ekspertizalari'),
(1018, 'model.samples', 'Birlashgan namunalardan'),
(1019, 'model.samples', 'Materiallar soni'),
(1020, 'model', 'Patonomiya'),
(1021, 'model', 'Organoleptika'),
(1022, 'model', 'Mikroskopiya Nurli'),
(1023, 'model', 'Mikroskopiya Lyuminesent'),
(1024, 'model', 'Bakterilogik'),
(1025, 'model', 'Virusologik TE,KE'),
(1026, 'model', 'Virusologik XM,KK'),
(1027, 'model', 'Biologik'),
(1028, 'model', 'RA,KR'),
(1029, 'model', 'RSK'),
(1030, 'model', 'RDSK'),
(1031, 'model', 'RBP'),
(1032, 'model', 'RMA'),
(1033, 'model', 'RP,RDP'),
(1034, 'model', 'RH'),
(1035, 'model', 'RNGA'),
(1036, 'model', 'RGKA'),
(1037, 'model', 'RGA'),
(1038, 'model', 'IFA'),
(1039, 'model', 'IXLA'),
(1040, 'model', 'Boshqa Serologiya'),
(1041, 'model', 'PSR'),
(1042, 'model', 'Gistologiya'),
(1043, 'model', 'Gemotologiya'),
(1044, 'model', 'Koprologiya'),
(1045, 'model', 'Kimyoviy'),
(1046, 'model', 'Biokimyoviy'),
(1047, 'lab', 'Tasdiqlanmadi'),
(1048, 'lab', 'Tasdiqlandi'),
(1049, 'lab', 'Umumiy tekshiruv natijasi'),
(1050, 'food', 'Hayvon kasalliklari tashxisi bo`yicha o`tkazilgan tekshiruvlar hisoboti'),
(1051, 'client', 'Pasport ma\'lumotlari topilmadi'),
(1052, 'model', 'res'),
(1053, 'model', 'resid'),
(1054, 'lab', 'Natijani tanlang'),
(1055, 'model', 'Tavfsiya matni'),
(1056, 'model', 'Sample ID'),
(1057, 'lab', 'Natijani tanlang'),
(1058, 'model', 'Tavfsiya matni'),
(1059, 'model', 'Sample ID'),
(1060, 'lab', 'Umumlashgan natija kiritlmagan'),
(1061, 'report', 'Turi'),
(1062, 'report', 'Holat'),
(1063, 'food', 'Code'),
(1064, 'food', 'Rep ID'),
(1065, 'food', 'Created'),
(1066, 'cp.menu', 'Xabarlar'),
(1067, 'cp.menu', 'Hayvon kasalliklari'),
(1068, 'cp.menu', 'Dori darmonlar'),
(1069, 'cp.menu', 'Statistika'),
(1070, 'cp.menu', 'Hayvon kasalliklari (Arizalar)'),
(1071, 'cp.menu', 'Oziq-ovqat ekspertizalari (Arizalar)'),
(1072, 'cp.menu', 'Hayvon kasalliklari (Dalolatnomalar)'),
(1073, 'cp.menu', 'Oziq-ovqat ekspertizalari (Dalolatnomalar)'),
(1074, 'cp.menu', 'Xabarlar'),
(1075, 'cp.menu', 'Hayvon kasalliklari'),
(1076, 'cp.menu', 'Dori darmonlar'),
(1077, 'cp.menu', 'Statistika'),
(1078, 'cp.menu', 'Hayvon kasalliklari (Arizalar)'),
(1079, 'cp.menu', 'Oziq-ovqat ekspertizalari (Arizalar)'),
(1080, 'cp.menu', 'Hayvon kasalliklari (Dalolatnomalar)'),
(1081, 'cp.menu', 'Oziq-ovqat ekspertizalari (Dalolatnomalar)'),
(1082, 'komitet', 'Yo\'q'),
(1083, 'komitet', 'Ha'),
(1084, 'komitet', 'Tekshirilmagan'),
(1085, 'cp.menu', 'Xabarlar'),
(1086, 'cp.menu', 'Hayvon kasalliklari'),
(1087, 'cp.menu', 'Dori darmonlar'),
(1088, 'cp.menu', 'Statistika'),
(1089, 'cp.menu', 'Hayvon kasalliklari (Arizalar)'),
(1090, 'cp.menu', 'Oziq-ovqat ekspertizalari (Arizalar)'),
(1091, 'cp.menu', 'Hayvon kasalliklari (Dalolatnomalar)'),
(1092, 'cp.menu', 'Oziq-ovqat ekspertizalari (Dalolatnomalar)'),
(1093, 'komitet', 'Yo\'q'),
(1094, 'komitet', 'Ha'),
(1095, 'komitet', 'Tekshirilmagan'),
(1096, 'cp.menu', 'Xabarlar'),
(1097, 'cp.menu', 'Hayvon kasalliklari'),
(1098, 'cp.menu', 'Dori darmonlar'),
(1099, 'cp.menu', 'Statistika'),
(1100, 'cp.menu', 'Hayvon kasalliklari (Arizalar)'),
(1101, 'cp.menu', 'Oziq-ovqat ekspertizalari (Arizalar)'),
(1102, 'cp.menu', 'Hayvon kasalliklari (Dalolatnomalar)'),
(1103, 'cp.menu', 'Oziq-ovqat ekspertizalari (Dalolatnomalar)'),
(1104, 'food', 'Birlashgan namunalardan'),
(1105, 'food', 'Birlashgan namunalardan'),
(1106, 'lab', 'Topshiriq imzolandi. Namunani yo\'q qilish uchun {code} raqamli dalolatnoma labarantga yuborildi'),
(1107, 'food', 'Birlashgan namunalardan'),
(1108, 'cp', 'Bo\'lim nomi'),
(1109, 'cp', 'Lavozim nomi'),
(1110, 'cp', 'Status'),
(1111, 'cp', 'Ruhsati'),
(1112, 'cp', 'Holati'),
(1113, 'cp', 'Amallar'),
(1114, 'cp', 'Lavozimni tanlang'),
(1115, 'cp', 'Tashkilot nomi'),
(1116, 'cp', 'Foydalanuvchi qo\'shish'),
(1117, 'cp', 'Foydalanuvchi qo\'shish'),
(1118, 'login', 'Hayvon kasalliklari tashhisi va oziq-ovqat xavfsizligiga oid laboratoriya tekshiruvlari Yagona elektron ma\'lumotlar bazasini yuritish tizimi (VIS-Sayyor)'),
(1119, 'cp', 'Oziq-ovqatlar'),
(1120, 'cp', 'Aloqasiz'),
(1121, 'cp', 'Barcha kat. uchun'),
(1122, 'cp', 'Oziq-ovqatlar guruhlari'),
(1123, 'cp', 'Oziq-ovqat guruhlari'),
(1124, 'cp', 'Guruh qo\'shish'),
(1125, 'cp', 'Create Food Group'),
(1126, 'cp', 'Food Groups'),
(1127, 'cp', 'Save'),
(1128, 'cp', 'O`zgartirish: {name}'),
(1129, 'cp', 'Oziq-ovqatlar kategoriyalari'),
(1130, 'cp', 'Food Categories'),
(1131, 'cp', 'Create Food Category'),
(1132, 'cp', 'Oziq-ovqat kategoriyalari'),
(1133, 'cp', 'Kategoriya qo`shish'),
(1134, 'cp', 'Kategoriya qo\'shish'),
(1135, 'model', 'Kategoriya'),
(1136, 'model', 'Mahsulot'),
(1137, 'model', 'Guruh'),
(1138, 'model', 'Parametr(RU)'),
(1139, 'model', 'Parametr(UZ)'),
(1140, 'model', 'Birlik'),
(1141, 'model', 'Minimal'),
(1142, 'model', 'Minimal(oraliq)'),
(1143, 'model', 'Maximal'),
(1144, 'model', 'Maximal(Oraliq)'),
(1145, 'model', 'Kategoriya'),
(1146, 'model', 'Mahsulot'),
(1147, 'model', 'Guruh'),
(1148, 'model', 'Parametr(RU)'),
(1149, 'model', 'Parametr(UZ)'),
(1150, 'model', 'Birlik'),
(1151, 'model', 'Minimal'),
(1152, 'model', 'Minimal(oraliq)'),
(1153, 'model', 'Maximal'),
(1154, 'model', 'Maximal(Oraliq)'),
(1155, 'cp', 'Template Foods'),
(1156, 'cp', 'Create Template Food'),
(1157, 'cp', 'Oziq-ovqat ekspertizasi shablonlari'),
(1158, 'cp', 'Shablon qo`shish'),
(1159, 'cp', 'Oziq-ovqat ekspertizasi shablonlari'),
(1160, 'cp', 'Shablon qo`shish'),
(1161, 'cp', 'Shablonlar'),
(1162, 'model.food_sampling_certificate', 'Dalolatnoma sanasi'),
(1163, 'model.food_sampling_certificate', 'Dalolatnoma raqami(Qog\'ozdagi)'),
(1164, 'model.food_sampling_certificate', 'Viloyat'),
(1165, 'model.food_sampling_certificate', 'FIO'),
(1166, 'model.food_sampling_certificate', 'Lavozim'),
(1167, 'client', 'Oziq-ovqat ekspertizasi uchun ariza'),
(1168, 'cp.vetsites', 'Vet uchstkani tanlang'),
(1169, 'cp.individuals', 'Tekshirishdan maqsadni tanlang'),
(1170, 'cp.food_sampling_certificate', 'Saqlash'),
(1171, 'cp.food_sampling_certificate', 'Dalolatnomalar ro\'yhati'),
(1172, 'food', 'Namuna qo\'shish'),
(1173, 'client', 'Mahsulot birligini tanlang'),
(1174, 'food', 'Mahsulot nomi'),
(1175, 'food', 'Mahsulot kategoriyasi'),
(1176, 'food', 'Mahsulot guruhi'),
(1177, 'client', 'Namuna o\'ramini tanlang'),
(1178, 'client', 'Davlatni tanlang'),
(1179, 'client', 'Namuna holatini tanlang'),
(1180, 'client', 'Tanlanmagan'),
(1181, 'client', 'Tanlangan'),
(1182, 'client', 'Laboratoriya test turini tanlang'),
(1183, 'food', 'Saqlash'),
(1184, 'client', 'Parametr guruhini tanlang'),
(1185, 'food', 'Parametr guruhi'),
(1186, 'client', 'Mahsulot kategoriyasini tanlang'),
(1187, 'client', 'Mahsulot guruhini tanlang'),
(1188, 'client', '{code} raqamli ariza muvoffaqiyatli yuborildi'),
(1189, 'client', 'Oziq-ovqat ekspertizasi bo\'yicha dalolatnoma qo\'shish'),
(1190, 'client', 'Ariza muvoffaqiyatli yuborildi'),
(1191, 'register', 'Qabul qilish'),
(1192, 'register', 'Qabul qilish'),
(1193, 'food', 'Namuna raqami'),
(1194, 'food', 'Ariza raqami'),
(1195, 'test', 'Namuna {number} raqami bilan saqlandi'),
(1196, 'food', 'Oziq ovqat havfsizligi namunalar ro\'yhati'),
(1197, 'model', 'radiologik'),
(1198, 'model', 'kimyoviy'),
(1199, 'model', 'mikrobiologik'),
(1200, 'model', 'mikroskopik'),
(1201, 'model', 'organoleptik'),
(1202, 'lab', 'Vet4 uchun natijalar kiritilmagan'),
(1203, 'lab', 'Natija muvoffaqiyatli tasdiqlandi. Natija rahbar tasdiqlashi uchun yuborildi.'),
(1204, 'model', 'Parametr guruhi'),
(1205, 'model', 'Mahsulot guruhi'),
(1206, 'lab', 'Parametr guruhi'),
(1207, 'food', 'Oziq-ovqat ekspertizasi bo`yicha o`tkazilgan tekshiruvlar hisoboti'),
(1208, 'cp', 'Mahsulot ekspertizasi uchun arizalar'),
(1209, 'cp', 'Hayvon kasalligi tashhisi uchun ariza'),
(1210, 'cp', 'Hayvon kasalliklari tashhisi bo`yicha arizalar'),
(1211, 'cp', 'Hayvon kasalliklari tashhisi bo`yicha arizalar'),
(1212, 'cp', 'Hayvon kasalliklari tashhisi bo`yicha arizalar'),
(1213, 'model', 'Mahsulot parametri'),
(1214, 'client', 'Pasport ma\'lumotlarini topishda xatolik. Qayta urinib ko`ring'),
(1215, 'cp', 'Yana qo`shish'),
(1216, 'cp', 'Mahsulot ekspertizasi bo`yicha arizalar'),
(1217, 'cp', 'ID'),
(1218, 'cp', 'Hayvon turi'),
(1219, 'cp', 'Jinsi'),
(1220, 'cp', 'Yoshi(oy)'),
(1221, 'cp', 'Kasallik turi'),
(1222, 'cp', 'Test turi'),
(1223, 'cp', 'Parametr(UZ)'),
(1224, 'cp', 'Parametr(RU)'),
(1225, 'cp', 'Birlik'),
(1226, 'cp', 'Minimal'),
(1227, 'cp', 'Minimal (Oraliq uchun)'),
(1228, 'cp', 'Maksimal'),
(1229, 'cp', 'Maksimal(Oraliq uchun)'),
(1230, 'cp', 'Emlanganlik'),
(1231, 'cp', 'Vaksina tasiri(KUN, -1 cheklanmagan) '),
(1232, 'cp', 'Kiritdi'),
(1233, 'cp', 'Tasdiqladi'),
(1234, 'cp', 'Yaratildi'),
(1235, 'cp', 'O\'zgartirildi'),
(1236, 'cp.individuals', 'Saqlash'),
(1237, 'cp.individuals', 'Saqlash'),
(1238, 'cp.roles', 'Foydalanuvchi huquqlari'),
(1239, 'cp.roles', 'Foydalanuvchi huquqi qo\'shish'),
(1240, 'model.roles', 'ID'),
(1241, 'model.roles', 'Name'),
(1242, 'cp.roles', 'Huquq qo\'shish'),
(1243, 'cp.roles', 'Foydalanuvchi huquqlari'),
(1244, 'model.roles', 'ID'),
(1245, 'model.roles', 'Name'),
(1246, 'cp.roles', 'Saqlash'),
(1247, 'cp.roles', 'O\'zgartirish'),
(1248, 'cp.roles', 'O\'chirish'),
(1249, 'cp.roles', 'Are you sure you want to delete this item?'),
(1250, 'cp', 'Sample Registrations'),
(1251, 'cp', 'Update'),
(1252, 'cp', 'Delete'),
(1253, 'cp', 'Oziq-ovqatlar parametr guruhlari'),
(1254, 'cp', 'sonli hayvon kasalliklari tashhisi uchun kelgan namuna raqami'),
(1255, 'cp', 'Birlashgan namuna'),
(1256, 'cp', 'sonli hayvon kasalliklari tashhisi uchun kelgan namuna raqami'),
(1257, 'cp', 'Birlashgan namuna'),
(1258, 'cp', 'Alohida kelgan namuna'),
(1259, 'cp', 'Alohida kelgan namuna'),
(1260, 'cp.sertificates', 'Hayvon kasalliklari tashhisi bo`yicha arizalar ro`yhati'),
(1261, 'cp', 'sonli hayvon kasalliklari tashhisi bo`yicha ariza'),
(1262, 'cp', 'sonli hayvon kasalliklari tashhisi bo`yicha ariza'),
(1263, 'food', 'Hayvon kasalliklari tashhisi bo`yicha namunalar ro\'yhati'),
(1264, 'food', 'Hayvon kasalliklari tashhisi bo`yicha namunalar ro\'yhati'),
(1265, 'cp', 'sonli hayvon kasalliklari tashhisi bo`yicha namuna'),
(1266, 'cp', 'sonli hayvon kasalliklari tashhisi bo`yicha namuna'),
(1267, 'client', 'Dalolatnomaga namuna biriktirilmagan'),
(1268, 'food', 'Hayvon kasalliklari tashhisi bo`yicha kelgan namunalar ro\'yhati'),
(1269, 'cp', 'sonli hayvon kasalliklari tashhisi bo`yicha namuna raqami'),
(1270, 'cp', 'Tashkilot qo\'chish'),
(1271, 'cp', 'Tashkilot qo\'chish'),
(1272, 'cp', 'Tashkilot turlari'),
(1273, 'cp', 'Tashkilot turi qo\'shish'),
(1274, 'cp', 'Lavozimlar '),
(1275, 'cp', 'Huquqini tanlang'),
(1276, 'cp', 'Lavozimlar'),
(1277, 'cp.sertificates', 'Hayvon kasalliklari arizalar ro\'yxati'),
(1278, 'client', 'Arizani kuzatish'),
(1279, 'client', 'Arizani kuzatish'),
(1280, 'food', 'Kategoriya'),
(1281, 'food', 'Turi'),
(1282, 'food', 'Manzil'),
(1283, 'food', 'Lat'),
(1284, 'food', 'Long'),
(1285, 'food', 'Batafsil'),
(1286, 'food', 'Telefon'),
(1287, 'food', 'Yuborildi'),
(1288, 'food', 'Tekshirildi'),
(1289, 'food', 'Haqqoniyligi'),
(1290, 'food', 'Holati'),
(1291, 'food', 'Kategoriya'),
(1292, 'food', 'Turi'),
(1293, 'food', 'Manzil'),
(1294, 'food', 'Lat'),
(1295, 'food', 'Long'),
(1296, 'food', 'Batafsil'),
(1297, 'food', 'Telefon'),
(1298, 'food', 'Yuborildi'),
(1299, 'food', 'Tekshirildi'),
(1300, 'food', 'Haqqoniyligi'),
(1301, 'food', 'Holati'),
(1302, 'food', 'Kategoriya'),
(1303, 'food', 'Turi'),
(1304, 'food', 'Manzil'),
(1305, 'food', 'Lat'),
(1306, 'food', 'Long');
INSERT INTO `source_message` (`id`, `category`, `message`) VALUES
(1307, 'food', 'Batafsil'),
(1308, 'food', 'Telefon'),
(1309, 'food', 'Yuborildi'),
(1310, 'food', 'Tekshirildi'),
(1311, 'food', 'Haqqoniyligi'),
(1312, 'food', 'Holati'),
(1313, 'report', 'Mahsulot turi'),
(1314, 'cp.sertificates', 'Oziq-ovqat havfsizligi bo`yicha arizalar ro\'yhati'),
(1315, 'cp.sertificates', 'Oziq-ovqat havfsizligi bo`yicha arizalar ro\'yhati'),
(1316, 'cp.sertificates', 'Oziq-ovqat havfsizligi bo`yicha arizalar ro\'yhati'),
(1317, 'cp.animals', 'O\'zgartirish'),
(1318, 'cp.animals', 'O\'chirish'),
(1319, 'cp.animals', 'Are you sure you want to delete this item?'),
(1320, 'cp.animals', 'Vaksina nomi'),
(1321, 'cp.animals', 'Kasallik nomi'),
(1322, 'cp.animals', 'Sana'),
(1323, 'cp.animals', 'O\'zgartirish'),
(1324, 'cp.animals', 'O\'chirish'),
(1325, 'cp.animals', 'Are you sure you want to delete this item?'),
(1326, 'cp.animals', 'Vaksina nomi'),
(1327, 'cp.animals', 'Kasallik nomi'),
(1328, 'cp.animals', 'Sana'),
(1329, 'cp', 'Manzil kesimida'),
(1330, 'cp', 'Tashkilot kesimida'),
(1331, 'cp', 'Manzil kesimida'),
(1332, 'cp', 'Tashkilot kesimida'),
(1333, 'cp', 'Manzil kesimida'),
(1334, 'cp', 'Tashkilot kesimida'),
(1335, 'food', 'Hayvon kasalliklari tashhisi uchun kelgan namunanlarni yo\'q qilish dalolatnomalari ro\'yhati'),
(1336, 'cp', 'sonli oziq-ovqat havfsizligi bo`yicha ariza'),
(1337, 'cp', 'sonli oziq-ovqat havfsizligi bo`yicha ariza'),
(1338, 'food', 'Oziq ovqat havfsizligi bo`yicha kelgan namunalar ro\'yhati'),
(1339, 'cp', 'sonli oziq-ovqat havfsizligi bo`yicha namuna raqami'),
(1340, 'leader', 'Topshiriq rad etildi'),
(1341, 'food', 'Hayvon kasalliklari tashhisi uchun kelgan namunalarni yo\'q qilish dalolatnomalari ro\'yhati'),
(1342, 'cp', 'sonli hayvon kasalliklari tashhisi uchun kelgan namunani yo`q qilish dalolatnomasi'),
(1343, 'cp', 'sonli hayvon kasalliklari tashhisi uchun kelgan namunani yo`q qilish dalolatnomasi'),
(1344, 'food', 'Oziq-ovqat tashhisi bo`yicha kelgan namunalarni yo\'q qilish dalolatnomalari ro\'yhati'),
(1345, 'food', 'Hayvon kasalliklari tashhisi bo`yicha kelgan namunalarni yo\'q qilish dalolatnomalari ro\'yhati'),
(1346, 'cp', 'sonli hayvon kasalliklari tashhisi bo`yicha namunani yo`q qilish dalolatnomasi'),
(1347, 'food', 'Namunani yo\'q qilish dalolatnomalari'),
(1348, 'cp', 'sonli hayvon kasalliklari tashhisi bo`yicha namunani yo`q qilish dalolatnomasi'),
(1349, 'food', 'Namunani yo\'q qilish dalolatnomalari'),
(1350, 'cp', 'Food Registrations'),
(1351, 'cp', 'O`zgartirish'),
(1352, 'cp', 'O`chirish'),
(1353, 'cp.legal_entities', 'Tashkiliy huquqiy shaklni tanlang'),
(1354, 'cp.legal_entities', 'Viloyatni tanlang'),
(1355, 'cp.legal_entities', 'Tumanni tanlang'),
(1356, 'cp.legal_entities', 'QFYni tanlang'),
(1357, 'cp.legal_entities', 'Saqlash'),
(1358, 'cp.legal_entities', 'Tashkiliy huquqiy shaklni tanlang'),
(1359, 'cp.legal_entities', 'Viloyatni tanlang'),
(1360, 'cp.legal_entities', 'Tumanni tanlang'),
(1361, 'cp.legal_entities', 'QFYni tanlang'),
(1362, 'cp.legal_entities', 'Saqlash'),
(1363, 'cp.animaltype', 'Hayvon turilari'),
(1364, 'cp.animaltype', 'Hayvon turilari'),
(1365, 'cp.sample_boxes', 'Saqlash'),
(1366, 'cp.sample_boxes', 'Saqlash'),
(1367, 'food', 'Oziq-ovqat havfsizligi tashhisi bo`yicha namunalar ro\'yhati'),
(1368, 'cp', 'sonli oziq-ovqat havfsizligi uchun kelgan namuna raqami'),
(1369, 'cp', 'sonli oziq-ovqat havfsizligi uchun kelgan namuna raqami'),
(1370, 'cp', 'sonli oziq-ovqat havfsizligi bo`yicha namunani yo`q qilish dalolatnomasi'),
(1371, 'cp', 'sonli oziq-ovqat havfsizligi bo`yicha namunani yo`q qilish dalolatnomasi'),
(1372, 'food', 'Oziq-ovqat havfsizligi uchun kalgan namunalarni yo\'q qilish dalolatnomalari ro\'yhati'),
(1373, 'cp', 'sonli oziq-ovqat havfsizligi uchun kelgan namunani yo`q qilish dalolatnomasi'),
(1374, 'cp', 'sonli oziq-ovqat havfsizligi uchun kelgan namunani yo`q qilish dalolatnomasi'),
(1375, 'cp', '4VET klassifikator kodi'),
(1376, 'food', 'Oziq-ovqat havfsizligi bo`yicha kelgan namunalarni yo\'q qilish dalolatnomalari ro\'yhati'),
(1377, 'leader', 'Natija tasdiqlandi'),
(1378, 'cp', 'Nomi(UZ)'),
(1379, 'cp', 'Nomi(RU)'),
(1380, 'cp', 'Turi'),
(1381, 'cp', 'Qo`shish'),
(1382, 'cp.legal_entities', 'O\'zgartirish'),
(1383, 'cp.legal_entities', 'O\'chirish'),
(1384, 'cp.legal_entities', 'Are you sure you want to delete this item?'),
(1385, 'cp.individuals', 'Jismoiy shaxslar'),
(1386, 'cp.individuals', 'O\'zgartirish'),
(1387, 'cp.individuals', 'O\'chirish'),
(1388, 'cp.individuals', 'Are you sure you want to delete this item?'),
(1389, 'cp.diseases', 'O\'zgartirish: {name}'),
(1390, 'cp.diseases', 'Saqlash'),
(1391, 'cp', 'Oziq-ovqat Parametr guruhlari'),
(1392, 'cp.disease_category', 'Kasallik toifalari'),
(1393, 'cp.disease_category', 'O\'zgartirish'),
(1394, 'cp.disease_category', 'O\'chirish'),
(1395, 'cp.disease_category', 'Are you sure you want to delete this item?'),
(1396, 'cp.disease_category', 'O\'zgartirish: {name}'),
(1397, 'cp.disease_category', 'Kasallik toifasi'),
(1398, 'cp.disease_category', 'O\'zgartirish'),
(1399, 'cp.disease_category', 'Saqlash'),
(1400, 'cp.laboratory_test_type', 'O\'zgartirish'),
(1401, 'cp.laboratory_test_type', 'O\'chirish'),
(1402, 'cp.laboratory_test_type', 'Are you sure you want to delete this item?'),
(1403, 'cp.food_sampling_certificate', 'Food Sampling Certificates'),
(1404, 'cp.food_sampling_certificate', 'Food Sampling Certificates'),
(1405, 'lab', 'O\'tkazilgan tekshiruv natijalari kiritlmagan'),
(1406, 'leader', 'Natija rad etildi'),
(1407, 'cp', 'Hayvon toifasi qo\'shish'),
(1408, 'cp', 'Hayvon toifasi qo\'shish'),
(1409, 'cp.samples', 'Samples'),
(1410, 'cp.samples', 'O`zgartirish'),
(1411, 'cp.samples', 'O`chirish'),
(1412, 'cp.samples', 'Are you sure you want to delete this item?'),
(1413, 'cp.samples', 'Create Samples'),
(1414, 'cp.samples', 'Samples'),
(1415, 'cp.samples', 'Saqlash'),
(1416, 'cp.samples', 'Create Samples'),
(1417, 'cp.samples', 'Samples'),
(1418, 'cp.samples', 'Saqlash'),
(1419, 'cp.units', 'Saqlash'),
(1420, 'cp.units', 'Saqlash'),
(1421, 'cp.verification_purposes', 'Saqlash'),
(1422, 'cp.verification_purposes', 'Saqlash'),
(1423, 'cp.laboratory_test_type', 'Labaratoriya tadqiqot turi'),
(1424, 'cp.laboratory_test_type', 'Laboratoriya tadqiqot turi'),
(1425, 'cp.laboratory_test_type', 'Saqlash'),
(1426, 'cp.laboratory_test_type', 'Labaratoriya tadqiqot turi'),
(1427, 'cp.laboratory_test_type', 'Laboratoriya tadqiqot turi'),
(1428, 'cp.laboratory_test_type', 'Saqlash'),
(1429, 'cp.vetsites', 'O\'zgartirish: {name}'),
(1430, 'cp.vetsites', 'O\'zgartirish'),
(1431, 'cp.tshx', 'Create Tshx'),
(1432, 'cp.tshx', 'Tshxes'),
(1433, 'cp.tshx', 'Save'),
(1434, 'cp.tshx', 'Create Tshx'),
(1435, 'cp.tshx', 'Tshxes'),
(1436, 'cp.tshx', 'Save'),
(1437, 'cp.units', 'O\'zgartirish'),
(1438, 'cp.units', 'O\'chirish'),
(1439, 'cp.units', 'Are you sure you want to delete this item?'),
(1440, 'cp.samples', 'Update Samples: {name}'),
(1441, 'cp.sample_conditions', 'Saqlash'),
(1442, 'cp.sample_conditions', 'Saqlash'),
(1443, 'cp.sample_conditions', 'O\'zgartirish: {name}'),
(1444, 'cp.sample_conditions', 'O\'zgartirish'),
(1445, 'cp.sample_conditions', 'O\'chirish'),
(1446, 'cp.sample_conditions', 'Are you sure you want to delete this item?'),
(1447, 'cp.sample_types', 'Saqlash'),
(1448, 'cp.sample_types', 'Saqlash'),
(1449, 'cp.sample_types', 'O\'zgartirish'),
(1450, 'cp.sample_types', 'O\'chirish'),
(1451, 'cp.sample_types', 'Are you sure you want to delete this item?'),
(1452, 'cp.sample_types', 'O\'zgartirish: {name}'),
(1453, 'cp.sample_types', 'O\'zgartirish: {name}'),
(1454, 'cp.sample_types', 'The requested page does not exist.'),
(1455, 'cp', 'Proba turlari'),
(1456, 'model', 'Aniqlangan kasallik nomi'),
(1457, 'model', 'Boshqa kasallik aniqlandi'),
(1458, 'model', 'Normalarni o`zgartirish'),
(1459, 'model', 'Sababi'),
(1460, 'model', 'O`zgartirish'),
(1461, 'model', 'Natija birligi'),
(1462, 'model', 'Min'),
(1463, 'model', 'Min 2'),
(1464, 'model', 'Max'),
(1465, 'model', 'Max 2'),
(1466, 'model', 'Aniqlangan kasallik nomi'),
(1467, 'model', 'Boshqa kasallik aniqlandi'),
(1468, 'model', 'Normalarni o`zgartirish'),
(1469, 'model', 'Sababi'),
(1470, 'model', 'O`zgartirish'),
(1471, 'model', 'Natija birligi'),
(1472, 'model', 'Min'),
(1473, 'model', 'Min 2'),
(1474, 'model', 'Max'),
(1475, 'model', 'Max 2'),
(1476, 'cp', 'Template ID'),
(1477, 'cp', 'Type ID'),
(1478, 'client', 'Vet uchaskani tanlang'),
(1479, 'leader', 'Namuna tekshiruv natijasi imzolandi. Namunani yo\'q qilish uchun topshiriq yuborildi. Namuna birlashgan bo`lganligi uchun tayyor emas.'),
(1480, 'leader', 'Namuna tekshiruv natijasi rad etildi'),
(1481, 'cp.animaltype', 'O\'chirish'),
(1482, 'cp.animaltype', 'Are you sure you want to delete this item?'),
(1483, 'cp.units', 'O\'zgartirish: {name}'),
(1484, 'cp.units', 'Unitlar'),
(1485, 'cp.tshx', 'Update Tshx: {name}'),
(1486, 'cp.tshx', 'O`zgartirish'),
(1487, 'cp.tshx', 'O`chirish'),
(1488, 'cp.tshx', 'Are you sure you want to delete this item?'),
(1489, 'cp.test_method', 'The requested page does not exist.'),
(1490, 'gov', 'ID'),
(1491, 'gov', 'Nomi(UZ)'),
(1492, 'gov', 'Nomi(RU)'),
(1493, 'gov', 'Code'),
(1494, 'gov', 'ID'),
(1495, 'gov', 'Nomi(UZ)'),
(1496, 'gov', 'Nomi(RU)'),
(1497, 'gov', 'Code'),
(1498, 'cp.diseases', 'Kasallik qo\'shish'),
(1499, 'cp.diseases', 'Kasallik qo\'shish'),
(1500, 'cp.disease_groups', 'Saqlash'),
(1501, 'cp.disease_groups', 'Saqlash'),
(1502, 'cp.disease_category', 'Kasallik toifasi qo\'shish'),
(1503, 'cp.disease_category', 'Kasallik toifasi qo\'shish'),
(1504, 'cp.verification_purposes', 'O\'zgartirish'),
(1505, 'cp.verification_purposes', 'O\'chirish'),
(1506, 'cp.verification_purposes', 'Are you sure you want to delete this item?'),
(1507, 'cp', 'Parametr guruhlari'),
(1508, 'cp.menu', 'Bo`limlar ro\'yhati'),
(1509, 'cp.menu', 'Bo`limlar ro\'yhati'),
(1510, 'cp.menu', 'Bo`limlar ro\'yhati'),
(1511, 'cp.menu', 'Bo`limlar ro\'yhati'),
(1512, 'cp.sertificates', 'Namuna qo\'shish'),
(1513, 'model.animaltype', 'Birlashgan'),
(1514, 'model.animaltype', 'Alohida'),
(1515, 'register', 'Raqamli namunalarni qabul qilish'),
(1516, 'food', 'Guruh'),
(1517, 'lab', 'Normativga mosligi'),
(1518, 'model', 'Moslik'),
(1519, 'lab', 'Sertifikatlar'),
(1520, 'lab', 'Sertifikatlar'),
(1521, 'food', 'Tashkilot sertifikatlari ro`yhati'),
(1522, 'food', 'Yangi sertifikat qo`shish'),
(1523, 'food', 'Sertifikatlar ro\'yhati'),
(1524, 'food', 'Sertifikat'),
(1525, 'cp', 'Hayvon kasalliklari tashhisi bo`yicha kelgan namuna raqami'),
(1526, 'cp', 'Hayvon kasalliklari tashhisi bo`yicha kelgan namuna raqami'),
(1527, 'register', 'Raqamli namunaga topshiriq berish'),
(1528, 'register', 'Raqamli namunaga berilgan topshiriq ma`lumotlarini o`zgartirish'),
(1529, 'register', 'Raqamli namunaga berilgan topshiriq ma`lumotlarini o`zgartirish'),
(1530, 'test', 'Namunaga shablonlar muvoffaqiyatli yuborildi'),
(1531, 'register', 'Raqamli namunalar bo`yicha topshiriqlar ro`yhati'),
(1532, 'register', 'Raqamli namunalarni topshiriq ma`lumotlarini o`zgartirish');

-- --------------------------------------------------------

--
-- Table structure for table `state_list`
--

CREATE TABLE `state_list` (
  `id` int(11) NOT NULL,
  `name` varchar(50) COLLATE utf8mb4_unicode_ci DEFAULT NULL
) ENGINE=InnoDB DEFAULT CHARSET=utf8mb4 COLLATE=utf8mb4_unicode_ci COMMENT='Холатлар рўйхати. Масалан, актив, ноактив ва ҳ.к.';

--
-- Dumping data for table `state_list`
--

INSERT INTO `state_list` (`id`, `name`) VALUES
(1, 'Aktiv'),
(2, 'Passiv'),
(3, 'O\'chirilgan');

-- --------------------------------------------------------

--
-- Table structure for table `status_list`
--

CREATE TABLE `status_list` (
  `id` int(11) NOT NULL,
  `name` varchar(50) COLLATE utf8mb4_unicode_ci DEFAULT NULL
) ENGINE=InnoDB DEFAULT CHARSET=utf8mb4 COLLATE=utf8mb4_unicode_ci COMMENT='Статуслар рўйхати. Масалан: доимий, вақтинчалик вазифасини бажарувчи, ходатайство ва ҳ.к.';

--
-- Dumping data for table `status_list`
--

INSERT INTO `status_list` (`id`, `name`) VALUES
(1, 'Doimiy'),
(2, 'Vaqtincha');

-- --------------------------------------------------------

--
-- Table structure for table `tamplate_animal`
--

CREATE TABLE `tamplate_animal` (
  `id` int(11) NOT NULL,
  `diseases_id` int(11) DEFAULT NULL,
  `test_method_id` int(11) DEFAULT NULL,
  `name_uz` varchar(255) DEFAULT NULL,
  `name_ru` varchar(255) DEFAULT NULL,
  `unit_id` int(11) DEFAULT NULL,
  `min` varchar(255) DEFAULT NULL,
  `min_1` varchar(255) DEFAULT NULL,
  `max` varchar(255) DEFAULT NULL,
  `max_1` varchar(255) DEFAULT NULL,
  `is_vaccination` int(11) DEFAULT NULL,
  `dead_days` int(11) DEFAULT NULL,
  `creator_id` int(11) DEFAULT NULL,
  `consent_id` int(11) DEFAULT NULL,
  `created` datetime DEFAULT current_timestamp(),
  `updated` datetime DEFAULT current_timestamp(),
  `state_id` int(11) DEFAULT NULL,
  `ads` varchar(255) DEFAULT NULL
) ENGINE=InnoDB DEFAULT CHARSET=utf8mb4 COMMENT='Hayvon kasalliklari tashhisi shablonlari';

--
-- Dumping data for table `tamplate_animal`
--

INSERT INTO `tamplate_animal` (`id`, `diseases_id`, `test_method_id`, `name_uz`, `name_ru`, `unit_id`, `min`, `min_1`, `max`, `max_1`, `is_vaccination`, `dead_days`, `creator_id`, `consent_id`, `created`, `updated`, `state_id`, `ads`) VALUES
(28, 1, 2, 'метод флуоресцирующих антител (МФА) - вывление антигена floresan antikor usuli (MFA) - antigen aniqlandi', 'метод флуоресцирующих антител (МФА) - вывление антигена floresan antikor usuli (MFA) - antigen aniqlandi', 1, '1', '', '0', '', 0, NULL, 2, 2, '2022-08-24 18:12:28', '2022-08-26 17:04:45', 1, NULL),
(29, 1, 1, 'биопроба на белых мышах -  - антиген аникланди', 'биопроба на белых мышах -  - антиген аникланди', 1, NULL, '', NULL, '', 0, NULL, 2, 2, '2022-08-25 14:47:42', '2022-08-25 14:47:42', 1, NULL),
(30, 1, 1, 'метод иммуноферментного анализа (ИФА)-  - антиген аникланди', 'метод иммуноферментного анализа (ИФА)-  - антиген аникланди', 1, NULL, '', NULL, '', 0, NULL, 2, 2, '2022-08-25 14:48:15', '2022-08-25 14:48:15', 1, NULL),
(31, 1, 3, 'floresan antikor usuli (MFA) - antigen aniqlandi', 'метод флуоресцирующих антител (МФА) - выявление антигена', 1, '0', '', '0', '', 0, NULL, 2, 2, '2022-09-05 10:55:31', '2022-09-05 10:58:04', 1, NULL),
(33, 1, 3, 'oq quyonda bioproba - antitela aniqlandi', 'биопроба на белых мышах - выявлен антитела', 1, '0', '', '0', '', 0, NULL, 2, 2, '2022-09-05 11:01:43', '2022-09-05 11:01:43', 1, NULL),
(35, 1, 3, 'метод иммуноферментного анализа (ИФА)-  антиген аникланди', 'метод иммуноферментного анализа (ИФА)-  выявлен антиген', 1, '0', '', '0', '', 0, NULL, 2, 2, '2022-09-05 11:38:08', '2022-09-05 11:38:08', 1, NULL),
(36, 1, 3, 'реакция диффузионной преципитации (РДП) - антиген аникланди', 'реакция диффузионной преципитации (РДП) -  выявлен антиген', 1, '0', '', '0', '', 0, NULL, 2, 2, '2022-09-05 11:40:12', '2022-09-05 11:40:12', 1, NULL),
(37, 1, 3, 'метод ПЦР (касаллик РНК си аниқланди)', 'метод ПЦР (определен РНК  болезни)', 1, '0', '', '0', '', 0, NULL, 2, 2, '2022-09-05 11:42:37', '2022-09-05 11:42:37', 1, NULL),
(38, 13, 2, ' Культивирование и идентификация Bacillus anthracis', ' Культивирование и идентификация Bacillus anthracis', 1, '0', '', '0', '', 0, NULL, 2, 2, '2022-09-07 17:03:23', '2022-09-07 17:03:23', 1, NULL),
(39, 1, 3, 'аапвапвап', 'пвап', 1, '0', '', '0', '', 0, NULL, 2, 2, '2022-09-09 18:26:02', '2022-09-09 18:26:02', 1, NULL),
(40, 1, 3, 'аапвапвап', 'пвап', 1, '0', '', '0', '', 0, NULL, 2, 2, '2022-09-09 18:26:15', '2022-09-09 18:26:15', 1, NULL),
(41, 1, 3, 'floresan antikor usuli', 'метод флуоресцирующих антител (МФА)', 15, 'manfiy', '', 'musbat', '', 2, NULL, 2, 2, '2022-09-10 13:13:11', '2022-09-10 13:13:11', 1, NULL),
(42, 1, 3, 'Sichqonlarni yuqtirish orqali sinov', 'биопроба на белых мышах;', 15, 'Manfiy', '', 'Musbat', '', 2, NULL, 2, 2, '2022-09-12 10:50:25', '2022-09-12 10:50:25', 1, NULL),
(43, 1, 5, 'PCR usuli (virus aniqlash)', 'метод  ПЦР (обнаружен вирус) ', 15, 'Manfiy', '', 'Musbat', '', 2, NULL, 2, 2, '2022-09-12 10:58:06', '2022-09-12 10:58:06', 1, NULL),
(44, 1, 11, ' ferment bilan bog\'liq immunosorbent tahlil (ELISA) usuli', 'метод иммуноферментного анализа (ИФА)', 15, 'Manfiy', '', 'Musbat', '', 2, 0, 2, 2, '2022-09-12 11:09:45', '2022-09-12 11:09:45', 1, NULL),
(45, 1, 1, ' diffuziya pretsipitatsiya   reaktsiyasi ', 'реакция диффузионной преципитации (РДП)', 15, 'Manfiy', '', 'Musbat', '', 2, NULL, 2, 2, '2022-09-12 11:15:57', '2022-09-12 11:15:57', 1, NULL),
(46, 1, 3, ' Sichqoncha neyroblastomasi CCL-131 hujayra kulturasida quturgan virusni izolyatsiya qilish usuli', ' метод выделения вируса бешенства в культуре клеток мышиной нейробластомы CCL-131', 15, 'Manfiy', '', 'Musbat', '', 2, NULL, 2, 2, '2022-09-12 11:19:11', '2022-09-12 11:19:11', 1, NULL),
(47, 2, 5, 'PCR usuli (virus aniqlash)', 'метод  ПЦР (обнаружен вирус) ', 15, 'Manfiy', '', 'Musbat', '', 2, NULL, 2, 2, '2022-09-12 11:39:42', '2022-09-12 11:39:42', 1, NULL),
(48, 2, 3, '  hayvon hujayrasida virusni ajratib olish(ЦПД virusi)', 'выделение вируса в культуре клеток (ЦПД вируса)', 15, 'Manfiy', '', 'Musbat', '', 2, NULL, 2, 2, '2022-09-14 10:41:38', '2022-09-14 10:41:38', 1, NULL),
(49, 2, 3, ' lateks aglutinatsiya reaktsiyasi antikorlarni ommaviy tekshirish uchun', 'реакция латекс-агглютинации для массового обследования на наличие антител', 15, 'Manfiy', '', 'Musbat', '', 2, NULL, 2, 2, '2022-09-14 14:10:59', '2022-09-14 14:11:38', 1, NULL),
(50, 2, 5, ' Polimeraza zanjiri reaktsiyasi orqali virusni aniqlash', 'Идентификация вируса посредством полимеразной цепной реакции', 15, 'Manfiy', '', 'Musbat', '', 2, NULL, 2, 2, '2022-09-14 14:15:06', '2022-09-14 14:15:06', 1, NULL),
(51, 2, 5, '  IFA metodi ', 'Иммуноферментный анализ', 15, 'Manfiy', '', 'Musbat', '', 2, NULL, 2, 2, '2022-09-14 14:17:00', '2022-09-14 14:17:00', 1, NULL),
(52, 2, 3, ' oq quyonlarda biosinov', 'кроликах биопроба', 15, 'Manfiy', '', 'Musbat', '', 2, NULL, 2, 2, '2022-09-14 14:19:10', '2022-09-14 14:20:56', 1, NULL),
(53, 2, 3, ' Virusni zararsizlantirish reaktsiyasi', 'Реакция нейтрализации вируса', 15, 'Manfiy', '', 'Musbat', '', 2, NULL, 2, 2, '2022-09-14 14:20:30', '2022-09-14 14:20:30', 1, NULL),
(54, 3, 5, '  PCR = polimeraza zanjiri reaktsiyasi', ' ПЦР  = полимеразная цепная реакция', 15, 'Manfiy', '', 'Musbat', '', 2, NULL, 2, 2, '2022-09-14 15:58:39', '2022-09-14 15:58:39', 1, NULL),
(55, 3, 11, '   IFA usulida antigenni aniqlash', 'Выявление антигена методом ИФА', 15, 'Manfiy', '', 'Musbat', '', 1, NULL, 2, 2, '2022-09-14 16:00:50', '2022-09-14 16:00:50', 1, NULL),
(56, 3, 11, '   IFA usulida antitelani aniqlash', 'Выявление антител методом ИФА', 15, 'Manfiy', '', 'Musbat', '', 1, NULL, 2, 2, '2022-09-14 16:02:52', '2022-09-14 16:02:52', 1, NULL),
(57, 3, 1, ' aglutinatsiya reaktsiyasi', '  РА - реакция агглютинации;', 15, 'Manfiy', '', 'Musbat', '', 1, NULL, 2, 2, '2022-09-14 16:05:18', '2022-09-14 16:05:18', 1, NULL),
(58, 3, 1, ' sut bilan halqa reaktsiyasi;', 'кольцевая реакция с молоком;', 15, 'Manfiy', '', 'Musbat', '', 2, NULL, 2, 2, '2022-09-14 16:08:44', '2022-09-14 16:08:44', 1, NULL),
(59, 3, 1, 'agar jelida oligopolisakkarid antijeni bilan immunodiffuzion reaktsiya', 'реакция иммунодиффузии в геле агара с олигополисахаридным антигеном ', 15, 'Manfiy', '', 'Musbat', '', 2, NULL, 2, 2, '2022-09-14 16:16:07', '2022-09-14 16:16:07', 1, NULL),
(60, 3, 1, ' Аgar geldagi immunodiffuzionning R-brutsella antijeni bilan reaksiyasi;', ' реакция иммунодиффузии в геле агара с R бруцеллезным антигеном;', 15, 'Manfiy', '', 'Musbat', '', 2, NULL, 2, 2, '2022-09-14 16:18:29', '2022-09-14 16:18:29', 1, NULL),
(61, 3, 1, ' RDSC - uzoq muddatli komplementni aniqlash reaktsiyasi', ' РДСК - реакция длительного связывания комплемента', 15, 'Manfiy', '', 'Musbat', '', 2, NULL, 2, 2, '2022-09-14 16:19:21', '2022-09-14 16:19:21', 1, NULL),
(62, 3, 2, ' Ekish (shu jumladan xususiyatlari fenotip bo\'yicha)', 'посев  (включая  характеристик у фенотипа)', 15, 'Manfiy', '', 'Musbat', '', 2, NULL, 2, 2, '2022-09-14 16:20:22', '2022-09-14 16:20:22', 1, NULL),
(63, 3, 10, 'immunoxromatografik tahlil                                                                                                                                                                                                      ', 'иммунохроматографический анализ. ', 15, 'Manfiy', '', 'Musbat', '', 2, NULL, 2, 2, '2022-09-14 16:23:03', '2022-09-14 16:23:03', 1, NULL),
(64, 4, 5, 'RT-PCR = teskari transkripsiya polimeraza zanjiri reaktsiyasi                                                                                                                                        ', ' RT-PCR = полимеразная цепная реакция с обратной транскрипци', 15, 'Manfiy', '', 'Musbat', '', 2, NULL, 2, 2, '2022-09-14 16:31:15', '2022-09-14 16:31:15', 1, NULL),
(65, 4, 11, ' IFA usulida antigenni aniqlash                                                                                                                                     ', 'Выявление антигена методом ИФА  ', 15, 'Manfiy', '', 'Musbat', '', 2, NULL, 2, 2, '2022-09-14 16:32:31', '2022-09-14 16:34:58', 1, NULL),
(66, 4, 11, '  IFA usulida antitelani aniqlash                                                                                                                                 ', 'Выявление антител методом ИФА', 15, 'Manfiy', '', 'Musbat', '', 2, NULL, 2, 2, '2022-09-14 16:34:26', '2022-09-14 16:34:26', 1, NULL),
(67, 4, 1, '  Komplement bog\'lash reaksiyasi ', 'РСК Реакция связывания комплемента', 15, 'Manfiy', '', 'Musbat', '', 2, NULL, 2, 2, '2022-09-14 16:40:07', '2022-09-14 16:40:07', 1, NULL),
(68, 4, 1, '   virusni neytrallash testi (RVN),', 'реакцию нейтрализацию вируса (РВН),', 15, 'Manfiy', '', 'Musbat', '', 2, NULL, 2, 2, '2022-09-14 16:40:45', '2022-09-14 16:40:45', 1, NULL),
(69, 5, 5, ' PCR real vaqt rejimida Ehrlichia ruminantiumni aniqlash', 'Обнаружение Ehrlichia ruminantium с использованием ПЦР в реальном времени', 15, 'Manfiy', '', 'Musbat', '', 2, NULL, 2, 2, '2022-09-14 18:03:20', '2022-09-14 18:03:20', 1, NULL),
(70, 5, 11, '  IFA usulida antigenni aniqlash', 'Выявление антигена методом ИФА ', 15, 'Manfiy', '', 'Musbat', '', 2, NULL, 2, 2, '2022-09-14 18:04:12', '2022-09-14 18:04:12', 1, NULL),
(71, 5, 11, '  IFA usulida antitelani aniqlash', ' Выявление антител методом ИФА', 15, 'Manfiy', '', 'Musbat', '', 2, NULL, 2, 2, '2022-09-14 18:04:47', '2022-09-14 18:04:47', 1, NULL),
(72, 6, 5, ' RT-PCR = teskari polimeraza zanjiri reaktsiyasi transkripsiya', 'ОТ-ПЦР = полимеразная цепная реакция с обратной транскрипцией', 15, 'Manfiy', '', 'Musbat', '', 2, NULL, 2, 2, '2022-09-14 18:06:29', '2022-09-14 18:06:29', 1, NULL),
(73, 6, 11, '   IFA usulida antigenni aniqlasha', 'Выявление антигена методом ИФА', 15, 'Manfiy', '', 'Musbat', '', 2, NULL, 2, 2, '2022-09-14 18:07:20', '2022-09-14 18:07:20', 1, NULL),
(74, 6, 11, '  IFA usulida antitelani aniqlash', 'Выявление антител методом ИФА', 15, 'Manfiy', '', 'Musbat', '', 2, NULL, 2, 2, '2022-09-14 18:07:52', '2022-09-14 18:07:52', 1, NULL),
(75, 6, 3, ' выделение вируса в культуре клеток (ЦПД вируса)', 'выделение вируса в культуре клеток (ЦПД вируса)', 15, 'Manfiy', '', 'Musbat', '', 2, NULL, 2, 2, '2022-09-14 18:08:54', '2022-09-14 18:08:54', 1, NULL),
(76, 6, 3, 'immunofluoresans reaktsiyalari (RIF)', 'реакции иммунофлюоресценции (РИФ) ', 15, 'Manfiy', '', 'Musbat', '', 2, NULL, 2, 2, '2022-09-14 18:09:30', '2022-09-14 18:09:30', 1, NULL),
(77, 7, 2, ' Mikroskopiya', 'Микроскопия', 15, 'Manfiy', '', 'Musbat', '', 2, NULL, 2, 2, '2022-09-14 18:13:49', '2022-09-14 18:13:49', 1, NULL),
(78, 7, 2, ' Ekish (shu jumladan xususiyatlari fenotip bo\'yicha)', 'Посев  (включая  характеристик у фенотипа)', 15, 'Manfiy', '', 'Musbat', '', 2, NULL, 2, 2, '2022-09-14 18:15:41', '2022-09-14 18:15:41', 1, NULL),
(79, 7, 1, ' Mikroaglutinatsiya reaktsiyasi', 'Реакция микроагглютинации РМАЛ', 15, 'Manfiy', '', 'Musbat', '', 2, NULL, 2, 2, '2022-09-14 18:16:25', '2022-09-14 18:16:25', 1, NULL),
(80, 7, 2, ' hamsterlarga yuqtirish orqali sinov', 'биопроба на хомяков;', 15, 'Manfiy', '', 'Musbat', '', 2, NULL, 2, 2, '2022-09-14 18:17:08', '2022-09-14 18:17:08', 1, NULL),
(81, 7, 5, 'PCR = polimeraza zanjiri reaktsiyasi', 'ПЦР  = полимеразная цепная реакция  ', 15, 'Manfiy', '', 'Musbat', '', 2, NULL, 2, 2, '2022-09-14 18:17:49', '2022-09-14 18:17:49', 1, NULL),
(82, 7, 11, '  IFA usulida antigenni aniqlash', 'Выявление антигена методом ИФА ', 15, 'Manfiy', '', 'Musbat', '', 2, NULL, 2, 2, '2022-09-14 18:18:47', '2022-09-14 18:18:47', 1, NULL),
(83, 7, 11, '  IFA usulida antitelani aniqlash', 'Выявление антител методом ИФА', 15, 'Manfiy', '', 'Musbat', '', 2, NULL, 2, 2, '2022-09-14 18:19:21', '2022-09-14 18:19:21', 1, NULL),
(84, 8, 2, ' Mikroskopiya', 'Микроскопия', 15, 'Manfiy', '', 'Musbat', '', 2, NULL, 2, 2, '2022-09-15 10:48:30', '2022-09-15 10:48:30', 1, NULL),
(85, 8, 2, 'Культура invitro ', 'Культура invitro', 15, 'Manfiy', '', 'Musbat', '', 2, NULL, 2, 2, '2022-09-15 10:49:38', '2022-09-15 10:49:38', 1, NULL),
(86, 8, 5, ' PCR = polimeraza zanjiri reaktsiyasi', 'PCR =полимеразная цепная реакция', 15, 'Manfiy', '', 'Musbat', '', 2, NULL, 2, 2, '2022-09-15 10:50:24', '2022-09-15 10:50:24', 1, NULL),
(87, 8, 1, ' NMFA T = bilvosita floresan antikor usuli', 'НМФА T = непрямой метод флуоресцирующих антител', 15, 'Manfiy', '', 'Musbat', '', 2, NULL, 2, 2, '2022-09-15 10:51:00', '2022-09-15 10:51:00', 1, NULL),
(88, 8, 11, ' IFT immunofermant tahlili', 'ИФА иммуноферментный анализ', 15, 'Manfiy', '', 'Musbat', '', 2, NULL, 2, 2, '2022-09-15 10:51:27', '2022-09-15 10:51:27', 1, NULL),
(89, 8, 1, ' Reaktsiya To\'g\'riga aglutinatsiya', 'Реакция прямой агглютинации', 15, 'Manfiy', '', 'Musbat', '', 2, NULL, 2, 2, '2022-09-15 11:34:41', '2022-09-15 11:34:41', 1, NULL),
(90, 8, 10, ' Immunoxrom toografik ekspress tahlil', 'Иммунохрома тографический экспресс- анализ', 15, 'Manfiy', '', 'Musbat', '', 2, NULL, 2, 2, '2022-09-15 11:36:03', '2022-09-15 11:36:03', 1, NULL),
(91, 9, 1, ' Ekstraktsiya usullari', 'Методы выделения', 15, 'Manfiy', '', 'Musbat', '', 2, NULL, 2, 2, '2022-09-15 11:40:02', '2022-09-15 11:40:02', 1, NULL),
(92, 9, 1, 'Umumiy identifikatsiya qilish usullari', 'Общепринятые методы идентификации ', 15, 'Manfiy', '', 'Musbat', '', 2, NULL, 2, 2, '2022-09-15 11:41:16', '2022-09-15 11:41:16', 1, NULL),
(93, 9, 2, 'Listerialarni klassik aniqlashning muqobil usullari', ' Альтернативные методы классического выявления Listeria ', 15, 'Manfiy', '', 'Musbat', '', 2, NULL, 2, 2, '2022-09-15 11:42:08', '2022-09-15 11:42:08', 1, NULL),
(94, 9, 2, ' Antimikrobiyal sezuvchanlik testi', 'Тестирование на чувствительность к противомикробным средствам', 15, 'Manfiy', '', 'Musbat', '', 2, NULL, 2, 2, '2022-09-15 11:42:40', '2022-09-15 11:42:40', 1, NULL),
(95, 9, 2, ' Mikroskopiya', 'Микроскопия', 15, 'Manfiy', '', 'Musbat', '', 2, NULL, 2, 2, '2022-09-15 11:43:04', '2022-09-15 11:43:04', 1, NULL),
(96, 9, 2, ' Ekish (shu jumladan xususiyatlari fenotip bo\'yicha)', 'Посев  (включая  характеристик у фенотипа)', 15, 'Manfiy', '', 'Musbat', '', 2, NULL, 2, 2, '2022-09-15 11:43:48', '2022-09-15 11:43:48', 1, NULL),
(97, 9, 2, ' dengiz cho\'chqalariga yuqtirish orqali sinov', 'биопроба на морским свинкам;', 15, 'Manfiy', '', 'Musbat', '', 2, NULL, 2, 2, '2022-09-15 11:44:18', '2022-09-15 11:44:18', 1, NULL),
(98, 9, 2, ' Sichqonlarni yuqtirish orqali sinov', 'биопроба на белых мышах;', 15, 'Manfiy', '', 'Musbat', '', 2, NULL, 2, 2, '2022-09-15 11:44:45', '2022-09-15 11:44:45', 1, NULL),
(99, 10, 5, ' RT-PCR = teskari polimeraza zanjiri reaktsiyasi transkripsiya', 'ОТ-ПЦР = полимеразная цепная реакция с обратной транскрипцией', 15, 'Manfiy', '', 'Musbat', '', 2, NULL, 2, 2, '2022-09-15 11:46:26', '2022-09-15 11:46:26', 1, NULL),
(100, 10, 11, ' IFA usulida antigenni aniqlash', 'Выявление антигена методом ИФА  ', 15, 'Manfiy', '', 'Musbat', '', 2, NULL, 2, 2, '2022-09-15 11:47:01', '2022-09-15 11:47:01', 1, NULL),
(101, 10, 11, ' IFA usulida antitelani aniqlash', ' Выявление антител методом ИФА ', 15, 'Manfiy', '', 'Musbat', '', 2, NULL, 2, 2, '2022-09-15 11:47:25', '2022-09-15 11:47:25', 1, NULL),
(102, 10, 3, ' virusni izolyatsiya qilish usuli,', 'методом вирусвыделения', 15, 'Manfiy', '', 'Musbat', '', 2, NULL, 2, 2, '2022-09-15 11:47:57', '2022-09-15 11:47:57', 1, NULL),
(103, 10, 1, 'PRNT = neytrallanish reaktsiyasi blyashka shakllanishi', 'PRNT = реакция нейтрализации бляшкообразования. ', 15, 'Manfiy', '', 'Musbat', '', 2, NULL, 2, 2, '2022-09-15 12:42:08', '2022-09-15 12:42:08', 1, NULL),
(104, 10, 6, 'Gistopatologiya va immunohistokimyo', ' Гистопатология и иммуногистохимия ', 15, 'Manfiy', '', 'Musbat', '', 2, NULL, 2, 2, '2022-09-15 12:43:21', '2022-09-15 12:43:21', 1, NULL),
(105, 12, 2, ' Mikroskopiya', 'Микроскопия ', 15, 'Manfiy', '', 'Musbat', '', 2, NULL, 2, 2, '2022-09-15 12:48:06', '2022-09-15 12:48:06', 1, NULL),
(106, 12, 2, ' Ekish (shu jumladan xususiyatlari fenotip bo\'yicha)', 'Посев  (включая  характеристик у фенотипа)', 15, 'Manfiy', '', 'Musbat', '', 2, NULL, 2, 2, '2022-09-15 12:48:43', '2022-09-15 12:48:43', 1, NULL),
(107, 12, 6, ' Histopatologik o\'rganish', 'Гистопатологическое исследование', 15, 'Manfiy', '', 'Musbat', '', 2, NULL, 2, 2, '2022-09-15 12:49:13', '2022-09-15 12:49:13', 1, NULL),
(108, 12, 5, 'PCR = polimeraza zanjiri reaktsiyasi', 'ПЦР = полимеразная цепная реакция ', 15, 'Manfiy', '', 'Musbat', '', 2, NULL, 2, 2, '2022-09-15 12:49:51', '2022-09-15 12:49:51', 1, NULL),
(109, 12, 1, ' AGID = immunodiffuziya reaktsiyasi agar jelida', 'AGID = реакция иммунодиффузии в агаровом геле', 15, 'Manfiy', '', 'Musbat', '', 2, NULL, 2, 2, '2022-09-15 12:50:24', '2022-09-15 12:50:24', 1, NULL),
(110, 12, 11, 'IFT immunofermant tahlili', 'ИФА иммуноферментный анализ ', 15, 'Manfiy', '', 'Musbat', '', 2, NULL, 2, 2, '2022-09-15 12:51:05', '2022-09-15 12:51:05', 1, NULL),
(111, 12, 2, '  ajratib olish Tahlili γ-interferon', 'Анализ  высвобождения γ-интерферона', 15, 'Manfiy', '', 'Musbat', '', 2, NULL, 2, 2, '2022-09-15 12:52:03', '2022-09-15 12:52:03', 1, NULL),
(112, 12, 1, 'RSK = komplement fiksatsiyasi reaktsiyasi', 'РСК = реакция связывания комплемента ', 15, 'Manfiy', '', 'Musbat', '', 2, NULL, 2, 2, '2022-09-15 12:55:11', '2022-09-15 12:55:11', 1, NULL),
(113, 12, 1, ' kechiktirilgan yuqori sezuvchanlik HRT ', 'ГЗТ = гиперчувствительность замедленного типа', 15, 'Manfiy', '', 'Musbat', '', 2, NULL, 2, 2, '2022-09-15 12:56:05', '2022-09-15 12:56:05', 1, NULL),
(114, 13, 2, 'Культивирование и идентификация Bacillus anthracis', 'Культивирование и идентификация Bacillus anthracis', 15, 'Manfiy', '', 'Musbat', '', 2, NULL, 2, 2, '2022-09-15 13:02:21', '2022-09-15 13:02:21', 1, NULL),
(115, 13, 5, ' Polimeraza zanjiri reaktsiyasi', 'Полимеразная цепная реакция', 15, 'Manfiy', '', 'Musbat', '', 2, NULL, 2, 2, '2022-09-15 14:50:48', '2022-09-15 14:50:48', 1, NULL),
(116, 13, 2, ' Mikroskopiya', 'Микроскопия', 15, 'Manfiy', '', 'Musbat', '', 2, NULL, 2, 2, '2022-09-15 14:51:45', '2022-09-15 14:51:45', 1, NULL),
(117, 13, 2, ' Ekish (shu jumladan xususiyatlari fenotip bo\'yicha)', 'Посев  (включая  характеристик у фенотипа)', 15, 'Manfiy', '', 'Musbat', '', 2, NULL, 2, 2, '2022-09-15 14:52:32', '2022-09-15 14:52:32', 1, NULL),
(118, 13, 1, 'Fagoliz reaktsiyasi', 'Реакцию фаголизиса ', 15, 'Manfiy', '', 'Musbat', '', 2, NULL, 2, 2, '2022-09-15 14:53:21', '2022-09-15 14:53:21', 1, NULL),
(119, 13, 2, 'Quyonlarga yuqtirish orqali sinov', 'биопроба на кроликам; ', 15, 'Manfiy', '', 'Musbat', '', 2, NULL, 2, 2, '2022-09-15 14:54:14', '2022-09-15 14:54:14', 1, NULL),
(120, 13, 2, ' Dengiz cho\'chqalariga yuqtirish orqali sinov', 'биопроба на морским свинкам;', 15, 'Manfiy', '', 'Musbat', '', 2, NULL, 2, 2, '2022-09-15 14:54:53', '2022-09-15 14:54:53', 1, NULL),
(121, 13, 2, ' Sichqonlarni yuqtirish orqali sinov', 'биопроба на белых мышах;', 15, 'Manfiy', '', 'Musbat', '', 2, NULL, 2, 2, '2022-09-15 14:55:27', '2022-09-15 14:55:27', 1, NULL),
(122, 14, 12, 'Выделение  паразита', 'Выделение  паразита', 15, 'Manfiy', '', 'Musbat', '', 2, NULL, 2, 2, '2022-09-15 14:58:35', '2022-09-15 15:03:54', 1, NULL),
(123, 14, 12, 'Выявление  антигена', 'Выявление  антигена', 15, 'Manfiy', '', 'Musbat', '', 2, NULL, 2, 2, '2022-09-15 15:03:18', '2022-09-15 15:03:18', 1, NULL),
(124, 15, 2, ' klinik namunalarda F. tularensisni aniqlash va aniqlash usuli.', 'идентификации F. tularensis в клинических образцах', 15, 'Manfiy', '', 'Musbat', '', 2, NULL, 2, 2, '2022-09-15 15:06:01', '2022-09-15 15:12:57', 1, NULL),
(125, 15, 1, 'Immunohistokimyo', ' Иммуногистохимии. ', 15, 'Manfiy', '', 'Musbat', '', 2, NULL, 2, 2, '2022-09-15 15:17:59', '2022-09-15 15:17:59', 1, NULL),
(126, 15, 11, '   IFA usulida antigenni aniqlash', 'Выявление антигена методом ИФА', 15, 'Manfiy', '', 'Musbat', '', 2, NULL, 2, 2, '2022-09-15 15:18:48', '2022-09-15 15:18:48', 1, NULL),
(127, 15, 11, '  IFA usulida antitelani aniqlash', 'Выявление антител методом ИФА', 15, 'Manfiy', '', 'Musbat', '', 2, NULL, 2, 2, '2022-09-15 15:19:25', '2022-09-15 15:19:25', 1, NULL),
(128, 15, 2, ' Mikroskopiya', 'Микроскопия', 15, 'Manfiy', '', 'Musbat', '', 2, NULL, 2, 2, '2022-09-15 15:20:31', '2022-09-15 15:20:31', 1, NULL),
(129, 15, 2, ' Ekish (shu jumladan xususiyatlari fenotip bo\'yicha)', 'Посев  (включая  характеристик у фенотипа)', 15, 'Manfiy', '', 'Musbat', '', 2, NULL, 2, 2, '2022-09-15 15:23:33', '2022-09-15 15:23:33', 1, NULL),
(130, 15, 2, ' Sichqonlarni yuqtirish orqali sinov', 'биопроба на белых мышах;', 15, 'Manfiy', '', 'Musbat', '', 2, NULL, 2, 2, '2022-09-15 15:24:15', '2022-09-15 15:24:15', 1, NULL),
(131, 15, 2, ' dengiz cho\'chqalariga yuqtirish orqali sinov', 'биопроба на морским свинкам;', 15, 'Manfiy', '', 'Musbat', '', 2, NULL, 2, 2, '2022-09-15 15:25:04', '2022-09-15 15:25:04', 1, NULL),
(132, 16, 5, ' RT-PCR = teskari polimeraza zanjiri reaktsiyasi transkripsiya', 'ОТ-ПЦР = полимеразная цепная реакция с обратной транскрипцией', 15, 'Manfiy', '', 'Musbat', '', 2, NULL, 2, 2, '2022-09-15 15:44:01', '2022-09-15 15:44:01', 1, NULL),
(133, 16, 11, '   IFA usulida antigenni aniqlash', 'Выявление антигена методом ИФА', 15, 'Manfiy', '', 'Musbat', '', 2, NULL, 2, 2, '2022-09-15 15:44:49', '2022-09-15 15:44:49', 1, NULL),
(134, 16, 11, '  IFA usulida antitelani aniqlash', 'Выявление антител методом ИФА', 15, 'Manfiy', '', 'Musbat', '', 2, NULL, 2, 2, '2022-09-15 15:45:12', '2022-09-15 15:45:12', 1, NULL),
(135, 16, 1, ' Agar jel immunodiffuzioni orqali antigenni aniqlash', 'Обнаружение антигена методом иммунодиффузии в агаровом геле', 15, 'Manfiy', '', 'Musbat', '', 2, NULL, 2, 2, '2022-09-15 15:46:38', '2022-09-15 15:46:38', 1, NULL),
(136, 16, 10, ' Sinov chiziqlaridagi xromatografik tahlil', 'Хроматографический анализ в тест-полосках', 15, 'Manfiy', '', 'Musbat', '', 2, NULL, 2, 2, '2022-09-15 15:47:15', '2022-09-15 15:47:15', 1, NULL),
(137, 16, 1, ' Komplementni aniqlash testi (CFR)', ' Реакция связывания комплемента (РСК)', 15, 'Manfiy', '', 'Musbat', '', 2, NULL, 2, 2, '2022-09-15 15:47:53', '2022-09-15 15:47:53', 1, NULL),
(138, 17, 5, ' Teskari transkripsiya polimeraza zanjiri reaktsiyasi', 'Полимеразная цепная реакция с обратной транскрипцией', 15, 'Manfiy', '', 'Musbat', '', 2, NULL, 2, 2, '2022-09-15 15:53:01', '2022-09-15 15:53:01', 1, NULL),
(139, 17, 11, '   IFA usulida antigenni aniqlash', 'Выявление антигена методом ИФА', 15, 'Manfiy', '', 'Musbat', '', 2, NULL, 2, 2, '2022-09-15 15:53:32', '2022-09-15 15:53:32', 1, NULL),
(140, 17, 11, ' IFA usulida antitelani aniqlash', 'Выявление антител методом ИФА ', 15, 'Manfiy', '', 'Musbat', '', 2, NULL, 2, 2, '2022-09-15 15:53:54', '2022-09-15 15:53:54', 1, NULL),
(141, 17, 1, ' Komplementni aniqlash testi (CFR)', 'Реакция связывания комплемента (РСК)', 15, 'Manfiy', '', 'Musbat', '', 2, NULL, 2, 2, '2022-09-15 15:54:21', '2022-09-15 15:54:21', 1, NULL),
(142, 18, 12, '  echinokokk tuxumlarining diagnostikasi', 'Диагностика яиц Echinococcus ', 15, 'Manfiy', '', 'Musbat', '', 2, NULL, 2, 2, '2022-09-15 16:33:38', '2022-09-15 16:33:38', 1, NULL),
(143, 18, 12, '  echinokokkoz Lichinkasi diagnostikasi', 'Диагностика личиночного эхинококкоза', 15, 'Manfiy', '', 'Musbat', '', 2, NULL, 2, 2, '2022-09-15 16:35:04', '2022-09-15 16:35:04', 1, NULL),
(144, 18, 12, ' Koprologik tadqiqotlar, Kopro antijeni mavjudligini tekshirish', 'Копрологическкие исследования, Тестирование на наличие копро-антигена', 15, 'Manfiy', '', 'Musbat', '', 2, NULL, 2, 2, '2022-09-15 16:35:58', '2022-09-15 16:35:58', 1, NULL),
(145, 18, 12, '  Koproantigen (Echinococcus multilocularis) testi tartibi ', 'Процедура теста на наличие копроантигена (Echinococcus multilocularis)', 15, 'Manfiy', '', 'Musbat', '', 2, NULL, 2, 2, '2022-09-15 16:36:45', '2022-09-15 16:36:45', 1, NULL),
(146, 18, 12, ' Kopro-DNK tahlil usuli', 'Копро-ДНК методы', 15, 'Manfiy', '', 'Musbat', '', 2, NULL, 2, 2, '2022-09-15 16:37:28', '2022-09-15 16:37:28', 1, NULL),
(147, 18, 12, ' Mikroskopiya', 'Микроскопия', 15, 'Manfiy', '', 'Musbat', '', 2, NULL, 2, 2, '2022-09-15 16:37:59', '2022-09-15 16:37:59', 1, NULL),
(148, 19, 3, ' Virusli blyashka tahlili', 'Анализ вирусного бляшкообразования', 15, 'Manfiy', '', 'Musbat', '', 2, NULL, 2, 2, '2022-09-15 16:42:56', '2022-09-15 16:42:56', 1, NULL),
(149, 19, 11, '   IFA usulida antigenni aniqlash', 'Выявление антигена методом ИФА', 15, 'Manfiy', '', 'Musbat', '', 2, NULL, 2, 2, '2022-09-15 16:43:29', '2022-09-15 16:43:29', 1, NULL),
(150, 19, 1, ' Gemagglyutinatsi tormozlash reaktsiyasi (RTGA)', 'Реакция торможения гемагглютинации (РТГА)', 15, 'Manfiy', '', 'Musbat', '', 2, NULL, 2, 2, '2022-09-15 16:43:58', '2022-09-15 16:43:58', 1, NULL),
(151, 19, 1, '  virusni neytrallash testi (RVN),', 'реакцию нейтрализацию вируса (РВН), ', 15, 'Manfiy', '', 'Musbat', '', 2, NULL, 2, 2, '2022-09-15 16:44:54', '2022-09-15 16:44:54', 1, NULL),
(152, 19, 1, ' komplement bog\'lash reaktsiyasi (RSK) ', ' реакцию связывания комплемента (РСК)', 15, 'Manfiy', '', 'Musbat', '', 2, NULL, 2, 2, '2022-09-15 16:46:07', '2022-09-15 16:46:07', 1, NULL),
(153, 19, 11, ' IFA yordamida antitelani aniqlash', 'Определение антигена IFA ', 15, 'Manfiy', '', 'Musbat', '', 2, NULL, 2, 2, '2022-09-15 16:46:54', '2022-09-15 16:46:54', 1, NULL),
(154, 20, 3, ' ЦПД virusini aniqlash (KK dagi o\'zgarishlar)', 'выделение ЦПД вируса (изменения в КК)', 15, 'Manfiy', '', 'Musbat', '', 2, NULL, 2, 2, '2022-09-15 16:54:56', '2022-09-15 16:54:56', 1, NULL),
(155, 20, 11, 'IFA yordamida antigenni aniqlash', 'Определение антигена IFA  ', 15, 'Manfiy', '', 'Musbat', '', 2, NULL, 2, 2, '2022-09-15 16:55:43', '2022-09-15 16:55:43', 1, NULL),
(156, 20, 11, ' IFA yordamida antitelani aniqlash', 'Определение антигена IFA ', 15, 'Manfiy', '', 'Musbat', '', 2, NULL, 2, 2, '2022-09-15 16:56:31', '2022-09-15 16:56:31', 1, NULL),
(157, 20, 5, 'Polimeraza zanjiri reaktsiyasi', 'Полимеразная цепная реакция ', 15, 'Manfiy', '', 'Musbat', '', 2, NULL, 2, 2, '2022-09-15 16:58:15', '2022-09-15 16:58:15', 1, NULL),
(158, 20, 11, ' NSP ab ИФА ( inhibisyon)', 'NSP ab ИФА ( ингибиции)', 15, 'Manfiy', '', 'Musbat', '', 2, NULL, 2, 2, '2022-09-15 16:59:07', '2022-09-15 16:59:07', 1, NULL),
(159, 20, 3, ' Bionamuna (o\'limga olib keladigan)', 'Биопроба (летальный исход) ', 15, 'Manfiy', '', 'Musbat', '', 2, NULL, 2, 2, '2022-09-15 17:12:35', '2022-09-15 17:12:35', 1, NULL),
(160, 20, 1, 'komplement fiksatsiya reaktsiyasi (RSK) ', 'реакцию связывания комплемента (РСК) ', 15, 'Manfiy', '', 'Musbat', '', 2, NULL, 2, 2, '2022-09-15 17:17:08', '2022-09-15 17:17:08', 1, NULL),
(161, 21, 12, ' Mikroskop ostida tekshirish', ' Исследование под микроскопом', 15, 'Manfiy', '', 'Musbat', '', 2, NULL, 2, 2, '2022-09-15 17:18:21', '2022-09-15 17:22:00', 1, NULL),
(162, 21, 5, ' polimeraza zanjiri reaktsiyasi (PCR)', 'полимеразной цепной реакции (ПЦР)', 15, 'Manfiy', '', 'Musbat', '', 2, NULL, 2, 2, '2022-09-16 10:35:46', '2022-09-16 10:35:46', 1, NULL),
(163, 22, 5, ' polimeraza zanjiri reaktsiyasi (PCR)', 'полимеразной цепной реакции (ПЦР)', 15, 'Manfiy', '', 'Musbat', '', 2, NULL, 2, 2, '2022-09-16 10:36:49', '2022-09-16 10:40:34', 1, NULL),
(164, 22, 11, ' IFA usulida antigenni aniqlash', 'Выявление антигена методом ИФА  ', 15, 'Manfiy', '', 'Musbat', '', 2, NULL, 2, 2, '2022-09-16 10:44:15', '2022-09-16 10:44:15', 1, NULL),
(165, 22, 11, '  IFA usulida antitelani aniqlash', 'Выявление антител методом ИФА', 15, 'Manfiy', '', 'Musbat', '', 2, NULL, 2, 2, '2022-09-16 10:46:35', '2022-09-16 10:46:35', 1, NULL),
(166, 21, 12, ' najasni flotatsiya qilish usuli.', 'методом флотации фекалий. ', 15, 'Manfiy', '', 'Musbat', '', 2, NULL, 2, 2, '2022-09-16 10:48:58', '2022-09-16 10:48:58', 1, NULL),
(167, 23, 12, ' Mikroskop ostida tekshirish', 'Исследование под микроскопом', 15, 'Manfiy', '', 'Musbat', '', 2, NULL, 2, 2, '2022-09-16 10:52:38', '2022-09-16 10:52:38', 1, NULL),
(168, 23, 5, 'polimeraza zanjiri reaktsiyasi', ' Полимеразная цепная реакция ', 15, 'Manfiy', '', 'Musbat', '', 2, NULL, 2, 2, '2022-09-16 10:53:16', '2022-09-16 10:53:16', 1, NULL),
(169, 23, 11, '   IFA usulida antigenni aniqlash', ' Выявление антигена методом ИФА', 15, 'Manfiy', '', 'Musbat', '', 2, NULL, 2, 2, '2022-09-16 10:53:57', '2022-09-16 10:53:57', 1, NULL),
(170, 23, 11, ' IFA usulida antitelani aniqlash', 'Выявление антител методом ИФА ', 15, 'Manfiy', '', 'Musbat', '', 2, NULL, 2, 2, '2022-09-16 10:54:49', '2022-09-16 10:54:49', 1, NULL),
(171, 23, 1, ' aglutinatsiya reaktsiyasi RA', ' Реакция агглютинации РА', 15, 'Manfiy', '', 'Musbat', '', 2, NULL, 2, 2, '2022-09-16 10:55:25', '2022-09-16 10:55:25', 1, NULL),
(172, 23, 1, ' Komplement fiksatsiya reaktsiyasi', 'Реакция связывания комплемента ', 15, 'Manfiy', '', 'Musbat', '', 2, NULL, 2, 2, '2022-09-16 10:56:01', '2022-09-16 10:56:01', 1, NULL),
(173, 23, 1, 'Floresan antikorlarining bilvosita reaktsiyasi', 'Непрямая реакция флюоресцирующих антител ', 15, 'Manfiy', '', 'Musbat', '', 2, NULL, 2, 2, '2022-09-16 10:57:53', '2022-09-16 10:57:53', 1, NULL),
(174, 24, 5, 'PCR = polimeraza zanjiri reaktsiyasi', 'ПЦР = полимеразная цепная реакция ', 15, 'Manfiy', '', 'Musbat', '', 2, NULL, 2, 2, '2022-09-16 11:00:22', '2022-09-16 11:00:22', 1, NULL),
(175, 24, 12, ' Babesia divergens ni aniqlash mikroskopiya', 'Обанружение Babesia divergens   микроскопия ', 15, 'Manfiy', '', 'Musbat', '', 2, NULL, 2, 2, '2022-09-16 11:01:08', '2022-09-16 11:01:08', 1, NULL),
(176, 24, 1, ' RSK = komplement fiksatsiyasi reaktsiyasi', 'РСК = реакция связывания комплемента', 15, 'Manfiy', '', 'Musbat', '', 2, NULL, 2, 2, '2022-09-16 11:01:48', '2022-09-16 11:01:48', 1, NULL),
(177, 24, 1, 'Bilvosita immunofluoresans reaktsiyasi', 'РИФ = непрямая реакция иммунофлуоресценции', 15, 'Manfiy', '', 'Musbat', '', 2, NULL, 2, 2, '2022-09-16 11:02:39', '2022-09-16 11:02:39', 1, NULL),
(178, 24, 1, 'IFT Immunoferment tahlil', 'ИФА = иммуноферментный анализ ', 15, 'Manfiy', '', 'Musbat', '', 2, NULL, 2, 2, '2022-09-16 11:03:13', '2022-09-16 11:03:13', 1, NULL),
(179, 25, 5, ' PCR = polimeraza zanjiri reaktsiyasi', 'ПЦР = полимеразная цепная реакция', 15, 'Manfiy', '', 'Musbat', '', 2, NULL, 2, 2, '2022-09-16 11:09:44', '2022-09-16 11:09:44', 1, NULL),
(180, 25, 5, ' PCR = polimeraza zanjiri reaktsiyasi', 'ПЦР = полимеразная цепная реакция', 15, 'Manfiy', '', 'Musbat', '', 2, NULL, 2, 2, '2022-09-16 11:10:27', '2022-09-16 11:10:27', 1, NULL),
(181, 25, 11, '   IFA usulida antigenni aniqlash', 'Выявление антигена методом ИФА', 15, 'Manfiy', '', 'Musbat', '', 2, NULL, 2, 2, '2022-09-16 11:11:02', '2022-09-16 11:11:02', 1, NULL),
(182, 25, 11, '  IFA usulida antitelani aniqlash', 'Выявление антител методом ИФА', 15, 'Manfiy', '', 'Musbat', '', 2, NULL, 2, 2, '2022-09-16 11:11:51', '2022-09-16 11:11:51', 1, NULL),
(183, 25, 3, 'Выделение вируса  ', 'Выделение вируса  ', 15, 'Manfiy', '', 'Musbat', '', 2, NULL, 2, 2, '2022-09-16 11:12:46', '2022-09-16 11:12:46', 1, NULL),
(184, 25, 3, ' immunogistokimyo yordamida antigenni aniqlash', 'Обнаружение  антигена при  помощи  иммуногистохимии ', 15, 'Manfiy', '', 'Musbat', '', 2, NULL, 2, 2, '2022-09-16 11:13:19', '2022-09-16 11:13:19', 1, NULL),
(185, 25, 3, ' Viruslarni zararsizlantirish', ' Вирус нейтрализация', 15, 'Manfiy', '', 'Musbat', '', 2, NULL, 2, 2, '2022-09-16 11:14:19', '2022-09-16 11:14:19', 1, NULL),
(186, 27, 2, 'Посев  (включая  характеристик у фенотипа) ', 'Ekish (shu jumladan xususiyatlari fenotip bo\'yicha)', 15, 'Manfiy', '', 'Musbat', '', 2, NULL, 2, 2, '2022-09-16 15:06:45', '2022-09-17 11:46:22', 1, NULL),
(187, 26, 1, ' diffuziya pretsipitatsiya reaktsiyasi ', 'реакции диффузной  преципитации', 15, 'Manfiy', '', 'Musbat', '', 2, NULL, 2, 2, '2022-09-17 11:36:55', '2022-09-17 11:36:55', 1, NULL),
(188, 26, 1, ' agar gel immunodiffuzioni (AGID)', 'реакция  иммунодиффузии в агаровом геле (AGID)', 15, 'Manfiy', '', 'Musbat', '', 2, NULL, 2, 2, '2022-09-17 11:37:40', '2022-09-17 11:37:40', 1, NULL),
(189, 26, 1, ' passiv gemagglyutinatsiya reaktsiyasi', 'реакция пассивной гемагглютинации', 15, 'Manfiy', '', 'Musbat', '', 2, NULL, 2, 2, '2022-09-17 11:38:08', '2022-09-17 11:38:08', 1, NULL),
(190, 26, 5, ' polimeraza zanjiri reaktsiyasi', 'Полимеразная цепная реакция', 15, 'Manfiy', '', 'Musbat', '', 2, NULL, 2, 2, '2022-09-17 11:38:43', '2022-09-17 11:38:43', 1, NULL),
(191, 26, 11, '   IFA usulida antigenni aniqlash', 'Выявление антигена методом ИФА', 15, 'Manfiy', '', 'Musbat', '', 2, NULL, 2, 2, '2022-09-17 11:39:09', '2022-09-17 11:39:09', 1, NULL),
(192, 26, 11, '  IFA usulida antitelani aniqlash', 'Выявление антител методом ИФА', 15, 'Manfiy', '', 'Musbat', '', 2, NULL, 2, 2, '2022-09-17 11:39:43', '2022-09-17 11:39:43', 1, NULL),
(193, 26, 2, ' Mikroskopiya', 'Микроскопия', 15, 'Manfiy', '', 'Musbat', '', 2, NULL, 2, 2, '2022-09-17 11:40:33', '2022-09-17 11:40:33', 1, NULL),
(194, 26, 2, 'Ekish (shu jumladan xususiyatlari fenotip bo\'yicha)', 'Посев  (включая  характеристик у фенотипа) ', 15, 'Manfiy', '', 'Musbat', '', 2, NULL, 2, 2, '2022-09-17 11:41:05', '2022-09-17 11:41:05', 1, NULL),
(195, 27, 1, ' floresan antikorlarning bilvosita reaktsiyasi', 'непрямая реакция флюоресцирующих антител', 15, 'Manfiy', '', 'Musbat', '', 2, NULL, 2, 2, '2022-09-17 11:49:54', '2022-09-17 11:49:54', 1, NULL),
(196, 27, 1, ' MAT = monoklonal antikori', 'МАТ = моноклональные антитела', 15, 'Manfiy', '', 'Musbat', '', 2, NULL, 2, 2, '2022-09-17 11:50:32', '2022-09-17 11:50:32', 1, NULL),
(197, 27, 11, '  IFA usulida antigenni aniqlash', 'Выявление антигена методом ИФА ', 15, 'Manfiy', '', 'Musbat', '', 2, NULL, 2, 2, '2022-09-17 11:51:00', '2022-09-17 11:51:00', 1, NULL),
(198, 27, 11, ' IFA usulida antitelani aniqlash', 'Выявление антител методом ИФА ', 15, 'Manfiy', '', 'Musbat', '', 2, NULL, 2, 2, '2022-09-17 11:51:33', '2022-09-17 11:51:33', 1, NULL),
(199, 27, 1, ' MALDI-TOF = parvoz vaqti lazerli desorbsion ionlash matritsa yordamida', ' MALDI-TOF = время-пролётная ионизация лазерной десорбцией  с использованием матрицы', 15, 'Manfiy', '', 'Musbat', '', 2, NULL, 2, 2, '2022-09-17 11:52:11', '2022-09-17 11:52:11', 1, NULL),
(200, 27, 1, ' MLST = multilokusli ketma-ketlik', 'MLST = мультилокусное секвенирование', 15, 'Manfiy', '', 'Musbat', '', 2, NULL, 2, 2, '2022-09-17 11:52:54', '2022-09-17 11:52:54', 1, NULL),
(201, 27, 5, ' PCR = polimeraza zanjiri reaktsiyasi.', 'ПЦР = полимеразная цепная реакция.', 15, 'Manfiy', '', 'Musbat', '', 2, NULL, 2, 2, '2022-09-17 11:53:19', '2022-09-17 11:53:19', 1, NULL),
(202, 28, 5, ' PCR = polimeraza zanjiri reaktsiyasi.', 'ПЦР = полимеразная цепная реакция.', 15, 'Manfiy', '', 'Musbat', '', 2, NULL, 2, 2, '2022-09-17 11:54:19', '2022-09-17 11:54:19', 1, NULL),
(203, 28, 11, '   IFA usulida antigenni aniqlash', 'Выявление антигена методом ИФА', 15, 'Manfiy', '', 'Musbat', '', 2, NULL, 2, 2, '2022-09-17 11:54:44', '2022-09-17 11:54:44', 1, NULL),
(204, 28, 11, '  IFA usulida antitelani aniqlash', 'Выявление антител методом ИФА', 15, 'Manfiy', '', 'Musbat', '', 2, NULL, 2, 2, '2022-09-17 11:55:06', '2022-09-17 11:55:06', 1, NULL),
(205, 28, 6, ' Immunogistokimyo', 'Иммуногистохимия', 15, 'Manfiy', '', 'Musbat', '', 2, NULL, 2, 2, '2022-09-17 11:55:36', '2022-09-17 11:55:36', 1, NULL),
(206, 28, 3, ' Western bloting metodi', 'Метод Вестерн-блоттинг', 15, 'Manfiy', '', 'Musbat', '', 2, NULL, 2, 2, '2022-09-17 11:57:39', '2022-09-17 11:57:39', 1, NULL),
(207, 28, 3, ' ekspress usullari skrining', 'Методы экспресс  скрининга', 15, 'Manfiy', '', 'Musbat', '', 2, NULL, 2, 2, '2022-09-17 11:58:17', '2022-09-17 11:58:17', 1, NULL),
(208, 28, 3, '  Gistopatologiya', 'Гистопатология', 15, 'Manfiy', '', 'Musbat', '', 2, NULL, 2, 2, '2022-09-17 11:58:52', '2022-09-17 11:58:52', 1, NULL),
(209, 29, 5, ' PCR = polimeraza zanjiri reaktsiyasi', ' ПЦР = полимеразная цепная реакция', 15, 'Manfiy', '', 'Musbat', '', 2, NULL, 2, 2, '2022-09-17 12:15:23', '2022-09-17 12:15:23', 1, NULL),
(210, 29, 11, '   IFA usulida antigenni aniqlash', 'Выявление антигена методом ИФА', 15, 'Manfiy', '', 'Musbat', '', 2, NULL, 2, 2, '2022-09-17 12:15:51', '2022-09-17 12:15:51', 1, NULL),
(211, 29, 11, '  IFA usulida antitelani aniqlash', 'Выявление антител методом ИФА', 15, 'Manfiy', '', 'Musbat', '', 2, NULL, 2, 2, '2022-09-17 12:16:31', '2022-09-17 12:16:31', 1, NULL),
(212, 29, 1, ' IFAT= bilvosita immunofluoresan reaktsiyasi', 'IFAT = реакция непрямой иммунофлуоресценции', 15, 'Manfiy', '', 'Musbat', '', 2, NULL, 2, 2, '2022-09-17 12:16:58', '2022-09-17 12:16:58', 1, NULL),
(213, 29, 1, ' virusni zararsizlantirish reaktsiyasi', 'реакция нейтрализация вируса', 15, 'Manfiy', '', 'Musbat', '', 2, NULL, 2, 2, '2022-09-17 12:17:32', '2022-09-17 12:17:32', 1, NULL),
(214, 29, 1, ' Immunoperoksidaza sinov', 'Иммунопероксидазный тест', 15, 'Manfiy', '', 'Musbat', '', 2, NULL, 2, 2, '2022-09-17 12:17:58', '2022-09-17 12:17:58', 1, NULL),
(215, 30, 5, ' PCR = polimeraza zanjiri reaktsiyasi', 'ПЦР = полимеразная цепная реакция', 15, 'Manfiy', '', 'Musbat', '', 2, NULL, 2, 2, '2022-09-17 12:20:22', '2022-09-17 12:20:22', 1, NULL),
(216, 30, 11, '   IFA usulida antigenni aniqlash', 'Выявление антигена методом ИФА', 15, 'Manfiy', '', 'Musbat', '', 2, NULL, 2, 2, '2022-09-17 12:20:55', '2022-09-17 12:20:55', 1, NULL),
(217, 30, 11, '  IFA usulida antitelani aniqlash', 'Выявление антител методом ИФА', 15, 'Manfiy', '', 'Musbat', '', 2, NULL, 2, 2, '2022-09-17 12:21:22', '2022-09-17 12:21:22', 1, NULL),
(218, 30, 1, ' VN = virusni zararsizlantirish reaktsiyasi', 'VN = реакция вируснейтрализации', 15, 'Manfiy', '', 'Musbat', '', 2, NULL, 2, 2, '2022-09-17 12:21:58', '2022-09-17 12:21:58', 1, NULL),
(219, 30, 1, 'Выделение вируса  ', 'Выделение вируса  ', 15, 'Manfiy', '', 'Musbat', '', 2, NULL, 2, 2, '2022-09-17 12:22:37', '2022-09-17 12:22:37', 1, NULL),
(220, 31, 2, 'Выделение  ', 'Выделение  ', 15, 'Manfiy', '', 'Musbat', '', 2, NULL, 2, 2, '2022-09-17 12:50:35', '2022-09-17 12:50:35', 1, NULL),
(221, 31, 5, ' polimeraza zanjiri reaktsiyasi', 'полимеразная цепная реакция', 15, 'Manfiy', '', 'Musbat', '', 2, NULL, 2, 2, '2022-09-17 12:51:15', '2022-09-17 12:51:15', 1, NULL),
(222, 31, 1, '; RSK = komplement fiksatsiyasi reaktsiyasi;', 'РСК = реакция связывания комплемента', 15, 'Manfiy', '', 'Musbat', '', 2, NULL, 2, 2, '2022-09-17 12:51:51', '2022-09-17 12:51:51', 1, NULL),
(223, 31, 11, 'ELISA =   immunoferment tahlili.', 'ИФА =  иммуноферментный анализ. ', 15, 'Manfiy', '', 'Musbat', '', 2, NULL, 2, 2, '2022-09-17 12:52:20', '2022-09-17 12:52:20', 1, NULL),
(224, 31, 2, ' Mikroskopiya', 'Микроскопия', 15, 'Manfiy', '', 'Musbat', '', 2, NULL, 2, 2, '2022-09-17 12:52:52', '2022-09-17 12:52:52', 1, NULL),
(225, 31, 2, ' Ekish (shu jumladan xususiyatlari fenotip bo\'yicha)', 'Посев  (включая  характеристик у фенотипа)', 15, 'Manfiy', '', 'Musbat', '', 2, NULL, 2, 2, '2022-09-17 12:53:16', '2022-09-17 12:53:16', 1, NULL),
(226, 31, 2, ' oq sichqonlarda biosinov ', 'биопроба на белых мышах ', 15, 'Manfiy', '', 'Musbat', '', 2, NULL, 2, 2, '2022-09-17 12:54:04', '2022-09-17 12:54:04', 1, NULL),
(227, 32, 5, ' polimeraza zanjiri reaktsiyasi', 'полимеразная цепная реакция', 15, 'Manfiy', '', 'Musbat', '', 2, NULL, 2, 2, '2022-09-17 12:56:44', '2022-09-17 12:56:44', 1, NULL),
(228, 32, 11, '  IFA usulida antigenni aniqlash', 'Выявление антигена методом ИФА ', 15, 'Manfiy', '', 'Musbat', '', 2, NULL, 2, 2, '2022-09-17 12:57:52', '2022-09-17 12:57:52', 1, NULL),
(229, 32, 11, '  IFA usulida antitelani aniqlash', 'Выявление антител методом ИФА', 15, 'Manfiy', '', 'Musbat', '', 2, NULL, 2, 2, '2022-09-17 12:58:31', '2022-09-17 12:58:31', 1, NULL),
(230, 32, 1, ' Agar jelida immunodiffuziya', 'Иммунодиффузия в агаровом геле', 15, 'Manfiy', '', 'Musbat', '', 2, NULL, 2, 2, '2022-09-17 12:58:57', '2022-09-17 12:58:57', 1, NULL),
(231, 33, 5, ' polimeraza zanjiri reaktsiyasi', ' полимеразная цепная реакция', 15, 'Manfiy', '', 'Musbat', '', 2, NULL, 2, 2, '2022-09-19 17:25:31', '2022-09-19 17:25:31', 1, NULL),
(232, 33, 11, ' IFA usulida antigenni aniqlash', 'Выявление антигена методом ИФА  ', 15, 'Manfiy', '', 'Musbat', '', 2, NULL, 2, 2, '2022-09-19 17:26:14', '2022-09-19 17:26:14', 1, NULL),
(233, 33, 11, '  IFA usulida antitelani aniqlash', 'Выявление антител методом ИФА', 15, 'Manfiy', '', 'Musbat', '', 2, NULL, 2, 2, '2022-09-19 17:26:36', '2022-09-19 17:26:36', 1, NULL),
(234, 33, 3, 'Выделение вируса ', 'Выделение вируса', 15, 'Manfiy', '', 'Musbat', '', 2, NULL, 2, 2, '2022-09-19 17:27:13', '2022-09-19 17:27:13', 1, NULL),
(235, 33, 3, ' Elektron mikroskop', 'Электронная микроскопия', 15, 'Manfiy', '', 'Musbat', '', 2, NULL, 2, 2, '2022-09-19 17:27:43', '2022-09-19 17:27:43', 1, NULL),
(236, 33, 1, 'Virusni zararsizlantirish reaktsiyasi', 'Реакция вируснейтрализации ', 15, 'Manfiy', '', 'Musbat', '', 2, NULL, 2, 2, '2022-09-19 17:28:08', '2022-09-19 17:28:08', 1, NULL),
(237, 33, 1, ' RIF bilvosita usuli = bilvosita usul immunofloressensiya reaktsiyalari.', 'Непрямой метод РИФ = непрямой метод реакции иммунофлюоресценции', 15, 'Manfiy', '', 'Musbat', '', 2, NULL, 2, 2, '2022-09-19 17:28:39', '2022-09-19 17:28:39', 1, NULL),
(238, 33, 1, ' Immunofloressensiya reaktsiyasi', 'Реакция иммунофлюоресценции', 15, 'Manfiy', '', 'Musbat', '', 2, NULL, 2, 2, '2022-09-19 17:29:01', '2022-09-19 17:29:01', 1, NULL),
(239, 33, 3, ' Agar jelida immunodiffuziya', 'Иммунодиффузия в агаровом геле', 15, 'Manfiy', '', 'Musbat', '', 2, NULL, 2, 2, '2022-09-19 17:29:41', '2022-09-19 17:29:41', 1, NULL),
(240, 33, 6, ' Immunogistokimyo', 'Иммуногистохимия', 15, 'Manfiy', '', 'Musbat', '', 2, NULL, 2, 2, '2022-09-19 17:33:02', '2022-09-19 17:33:02', 1, NULL),
(241, 34, 12, 'mikroskopik o\'rganish', 'Микроскопическое исследование ', 15, 'Manfiy', '', 'Musbat', '', 2, NULL, 2, 2, '2022-09-20 14:49:19', '2022-09-20 14:49:19', 1, NULL),
(242, 34, 12, 'mikroskopik o\'rganish', 'Микроскопическое исследование ', 15, 'Manfiy', '', 'Musbat', '', 2, NULL, 2, 2, '2022-09-20 14:49:19', '2022-09-20 14:49:19', 1, NULL),
(243, 34, 5, ' PCR = polimeraza zanjiri reaktsiyasi', 'ПЦР = полимеразная цепная реакция', 15, 'Manfiy', '', 'Musbat', '', 2, NULL, 2, 2, '2022-09-20 14:49:49', '2022-09-20 14:49:49', 1, NULL),
(244, 34, 1, ' RNIF = bilvosita immunofluoresans reaktsiyasi', 'РНИФ = реакция непрямой иммунофлуоресценции', 15, 'Manfiy', '', 'Musbat', '', 2, NULL, 2, 2, '2022-09-20 14:50:17', '2022-09-20 14:50:17', 1, NULL),
(245, 34, 11, ' ELISA = bog\'langan immunosorbent tahlili.', 'ИФА = иммуноферментный анализ.', 15, 'Manfiy', '', 'Musbat', '', 2, NULL, 2, 2, '2022-09-20 14:50:43', '2022-09-20 14:50:43', 1, NULL),
(246, 35, 5, ' polimeraza zanjiri reaktsiyasi', 'Полимеразная цепная реакция', 15, 'Manfiy', '', 'Musbat', '', 2, NULL, 2, 2, '2022-09-20 14:51:19', '2022-09-20 14:51:19', 1, NULL),
(247, 35, 6, ' Immunogistokimyoviy tahlil', 'Иммуногистохимический анализ', 15, 'Manfiy', '', 'Musbat', '', 2, NULL, 2, 2, '2022-09-20 14:52:14', '2022-09-20 14:52:14', 1, NULL),
(248, 35, 6, 'yetishtirish', 'культивирования ', 15, 'Manfiy', '', 'Musbat', '', 2, NULL, 2, 2, '2022-09-20 14:52:51', '2022-09-20 14:52:51', 1, NULL),
(249, 35, 12, ' mikroskopik tekshirish', 'Микроскопическое исследование', 15, 'Manfiy', '', 'Musbat', '', 2, NULL, 2, 2, '2022-09-20 14:58:01', '2022-09-20 14:58:01', 1, NULL),
(250, 36, 2, ' mikroskopik tekshirish', 'Микроскопическое исследование', 15, 'Manfiy', '', 'Musbat', '', 2, NULL, 2, 2, '2022-09-20 15:03:26', '2022-09-20 15:05:53', 1, NULL),
(251, 36, 1, ' Kechiktirilgan turdagi yuqori sezuvchanlik reaktsiyasi', 'Реакция гиперчувствительности замедленного типа', 15, 'Manfiy', '', 'Musbat', '', 2, NULL, 2, 2, '2022-09-20 15:08:23', '2022-09-20 15:08:23', 1, NULL),
(252, 36, 1, ' Interferon gamma tahlili', 'Гамма-интерферонный анализ', 15, 'Manfiy', '', 'Musbat', '', 2, NULL, 2, 2, '2022-09-20 15:09:10', '2022-09-20 15:09:10', 1, NULL),
(253, 36, 1, 'Limfotsitlar proliferatsiyasi reaktsiyasi', 'Реакция пролиферации лимфоцитов ', 15, 'Manfiy', '', 'Musbat', '', 2, NULL, 2, 2, '2022-09-20 15:09:44', '2022-09-20 15:09:44', 1, NULL),
(254, 36, 5, ' Polimeraza zanjiri reaktsiyasi', 'Полимеразная цепная реакция', 15, 'Manfiy', '', 'Musbat', '', 2, NULL, 2, 2, '2022-09-20 15:10:23', '2022-09-20 15:10:23', 1, NULL),
(255, 36, 11, '   IFA usulida antigenni aniqlash', 'Выявление антигена методом ИФА', 15, 'Manfiy', '', 'Musbat', '', 2, NULL, 2, 2, '2022-09-20 15:10:52', '2022-09-20 15:10:52', 1, NULL),
(256, 36, 11, ' IFA usulida antitelani aniqlash', 'Выявление антител методом ИФА ', 15, 'Manfiy', '', 'Musbat', '', 2, NULL, 2, 2, '2022-09-20 15:11:22', '2022-09-20 15:11:22', 1, NULL),
(257, 36, 2, ' dengiz cho\'chqalariga yuqtirish orqali sinov', 'биопроба на морским свинкам;', 15, 'Manfiy', '', 'Musbat', '', 2, NULL, 2, 2, '2022-09-20 15:11:48', '2022-09-20 15:11:48', 1, NULL),
(258, 36, 2, ' tovuqlarga yuqtirish orqali sinov', 'биопроба на курах;', 15, 'Manfiy', '', 'Musbat', '', 2, NULL, 2, 2, '2022-09-20 15:12:13', '2022-09-20 15:12:13', 1, NULL),
(259, 36, 2, ' quyonlarga yuqtirish orqali sinov', 'биопроба на кроликах;', 15, 'Manfiy', '', 'Musbat', '', 2, NULL, 2, 2, '2022-09-20 15:12:44', '2022-09-20 15:12:44', 1, NULL),
(260, 36, 2, ' Ekish (shu jumladan xususiyatlari fenotip bo\'yicha)', 'Посев  (включая  характеристик у фенотипа)', 15, 'Manfiy', '', 'Musbat', '', 2, NULL, 2, 2, '2022-09-20 15:13:14', '2022-09-20 15:13:14', 1, NULL),
(261, 37, 2, ' Mikroskopiya', 'Микроскопия', 15, 'Manfiy', '', 'Musbat', '', 2, NULL, 2, 2, '2022-09-20 15:16:30', '2022-09-20 15:16:30', 1, NULL),
(262, 37, 2, ' Ekish (shu jumladan xususiyatlari fenotip bo\'yicha)', 'Посев  (включая  характеристик у фенотипа)', 15, 'Manfiy', '', 'Musbat', '', 2, NULL, 2, 2, '2022-09-20 15:17:15', '2022-09-20 15:17:15', 1, NULL),
(263, 37, 2, 'dengiz cho\'chqalariga yuqtirish orqali sinov', 'биопроба на морским свинкам; ', 15, 'Manfiy', '', 'Musbat', '', 2, NULL, 2, 2, '2022-09-20 15:17:58', '2022-09-20 15:17:58', 1, NULL),
(264, 37, 5, ' polimeraza zanjiri reaktsiyasi', ' Полимеразная цепная реакция', 15, 'Manfiy', '', 'Musbat', '', 2, NULL, 2, 2, '2022-09-20 15:20:02', '2022-09-20 15:20:02', 1, NULL),
(265, 37, 11, '  IFA usulida antitelani aniqlash', 'Выявление антител методом ИФА', 15, 'Manfiy', '', 'Musbat', '', 2, NULL, 2, 2, '2022-09-20 15:20:29', '2022-09-20 15:20:29', 1, NULL),
(266, 37, 11, '   IFA usulida antigenni aniqlash', 'Выявление антигена методом ИФА', 15, 'Manfiy', '', 'Musbat', '', 2, NULL, 2, 2, '2022-09-20 15:20:46', '2022-09-20 15:20:46', 1, NULL),
(267, 38, 5, ' Teskari transkripsiya polimeraza zanjiri reaktsiyasi', 'Полимеразная цепная реакция с обратной транскрипцией', 15, 'Manfiy', '', 'Musbat', '', 2, NULL, 2, 2, '2022-09-20 15:22:41', '2022-09-20 15:22:41', 1, NULL),
(268, 38, 11, '   IFA usulida antigenni aniqlash', 'Выявление антигена методом ИФА', 15, 'Manfiy', '', 'Musbat', '', 2, NULL, 2, 2, '2022-09-20 15:23:08', '2022-09-20 15:23:08', 1, NULL),
(269, 38, 11, '  IFA usulida antitelani aniqlash', 'Выявление антител методом ИФА', 15, 'Manfiy', '', 'Musbat', '', 2, NULL, 2, 2, '2022-09-20 15:23:30', '2022-09-20 15:23:30', 1, NULL),
(270, 38, 3, 'Выделение вируса', 'Выделение вируса', 15, 'Manfiy', '', 'Musbat', '', 2, NULL, 2, 2, '2022-09-20 15:24:46', '2022-09-20 15:24:46', 1, NULL),
(271, 39, 5, ' polimeraza zanjiri reaktsiyasi', 'Полимеразная цепная реакция', 15, 'Manfiy', '', 'Musbat', '', 2, NULL, 2, 2, '2022-09-21 21:32:23', '2022-09-21 21:32:23', 1, NULL),
(272, 39, 11, '   IFA usulida antigenni aniqlash', 'Выявление антигена методом ИФА', 15, 'Manfiy', '', 'Musbat', '', 2, NULL, 2, 2, '2022-09-21 21:34:08', '2022-09-21 21:34:47', 1, NULL),
(273, 39, 11, '  IFA usulida antitelani aniqlash', 'Выявление антител методом ИФА', 15, 'Manfiy', '', 'Musbat', '', 2, NULL, 2, 2, '2022-09-21 21:36:11', '2022-09-21 21:36:11', 1, NULL),
(274, 39, 3, ' Identifikatsiya patogen', 'Идентификация возбудителя болезни', 15, 'Manfiy', '', 'Musbat', '', 2, NULL, 2, 2, '2022-09-21 21:37:30', '2022-09-21 21:37:30', 1, NULL),
(275, 39, 1, ' gemagglyutinatsiya', 'Ингибирование гемагглютина-ции', 15, 'Manfiy', '', 'Musbat', '', 2, NULL, 2, 2, '2022-09-21 21:38:58', '2022-09-21 21:38:58', 1, NULL),
(276, 39, 1, ' RSK = komplement fiksatsiya reaktsiyasi', 'РСК = реакция связывания комплемента', 15, 'Manfiy', '', 'Musbat', '', 2, NULL, 2, 2, '2022-09-21 21:40:00', '2022-09-21 21:40:00', 1, NULL),
(277, 39, 1, ' Virusni zararsizlantirish reaktsiyasi', 'Реакция нейтрализации вируса', 15, 'Manfiy', '', 'Musbat', '', 2, NULL, 2, 2, '2022-09-21 21:40:57', '2022-09-21 21:40:57', 1, NULL),
(278, 40, 5, ' polimeraza zanjiri reaktsiyasi', 'Полимеразная цепная реакция', 15, 'Manfiy', '', 'Musbat', '', 2, NULL, 2, 2, '2022-09-21 21:44:47', '2022-09-21 21:44:47', 1, NULL),
(279, 40, 11, '   IFA usulida antigenni aniqlash', 'Выявление антигена методом ИФА', 15, 'Manfiy', '', 'Musbat', '', 2, NULL, 2, 2, '2022-09-21 21:46:04', '2022-09-21 21:46:04', 1, NULL),
(280, 40, 11, '  IFA usulida antitelani aniqlash', 'Выявление антител методом ИФА', 15, 'Manfiy', '', 'Musbat', '', 2, NULL, 2, 2, '2022-09-21 21:47:03', '2022-09-21 21:47:03', 1, NULL),
(281, 40, 1, ' IDAG = agar-gel immunodiffuzioni', 'ИДАГ = иммунодиффузия в агаровом геле', 15, 'Manfiy', '', 'Musbat', '', 2, NULL, 2, 2, '2022-09-21 21:48:28', '2022-09-21 21:48:28', 1, NULL),
(282, 40, 1, ' RSK = komplement fiksatsiya reaktsiyasi', 'РСК = реакция связывания комплемента', 15, 'Manfiy', '', 'Musbat', '', 2, NULL, 2, 2, '2022-09-21 21:55:55', '2022-09-21 21:55:55', 1, NULL),
(283, 40, 1, ' Virusni zararsizlantirish reaktsiyasi', 'Реакция нейтрализации вируса', 15, 'Manfiy', '', 'Musbat', '', 2, NULL, 2, 2, '2022-09-21 21:57:02', '2022-09-21 21:57:02', 1, NULL),
(284, 42, 5, ' polimeraza zanjiri reaktsiyasi', 'Полимеразная цепная реакция', 15, 'Manfiy', '', 'Musbat', '', 2, NULL, 2, 2, '2022-09-21 21:59:35', '2022-09-21 21:59:35', 1, NULL),
(285, 42, 11, '   IFA usulida antigenni aniqlash', 'Выявление антигена методом ИФА', 15, 'Manfiy', '', 'Musbat', '', 2, NULL, 2, 2, '2022-09-21 22:00:28', '2022-09-21 22:00:28', 1, NULL),
(286, 42, 11, '  IFA usulida antitelani aniqlash', 'Выявление антител методом ИФА', 15, 'Manfiy', '', 'Musbat', '', 2, NULL, 2, 2, '2022-09-21 22:01:04', '2022-09-21 22:01:04', 1, NULL);
INSERT INTO `tamplate_animal` (`id`, `diseases_id`, `test_method_id`, `name_uz`, `name_ru`, `unit_id`, `min`, `min_1`, `max`, `max_1`, `is_vaccination`, `dead_days`, `creator_id`, `consent_id`, `created`, `updated`, `state_id`, `ads`) VALUES
(287, 42, 1, ' IDAG = agar-gelida immunodiffuziya', 'ИДАГ = иммунодиффузия в агаровом геле', 15, 'Manfiy', '', 'Musbat', '', 2, NULL, 2, 2, '2022-09-21 22:02:32', '2022-09-21 22:02:32', 1, NULL),
(288, 43, 2, 'Mikroskopiya', 'Микроскопия ', 15, 'Manfiy', '', 'Musbat', '', 2, NULL, 2, 2, '2022-09-21 22:09:05', '2022-09-21 22:09:05', 1, NULL),
(289, 43, 2, ' Ekish (shu jumladan xususiyatlari fenotip bo\'yicha)', 'Посев  (включая  характеристик у фенотипа)', 15, 'Manfiy', '', 'Musbat', '', 2, NULL, 2, 2, '2022-09-21 22:09:43', '2022-09-21 22:09:43', 1, NULL),
(290, 43, 5, ' ПЦР = полимеразная цепная реакция', 'ПЦР = полимеразная цепная реакция ', 15, 'Manfiy', '', 'Musbat', '', 2, NULL, 2, 2, '2022-09-21 22:10:23', '2022-09-21 22:10:23', 1, NULL),
(291, 43, 11, '   IFA usulida antigenni aniqlash', 'Выявление антигена методом ИФА', 15, 'Manfiy', '', 'Musbat', '', 2, NULL, 2, 2, '2022-09-21 22:11:35', '2022-09-21 22:11:35', 1, NULL),
(292, 43, 11, '  IFA usulida antitelani aniqlash', ' Выявление антител методом ИФА ', 15, 'Manfiy', '', 'Musbat', '', 2, NULL, 2, 2, '2022-09-21 22:12:22', '2022-09-21 22:12:22', 1, NULL),
(293, 44, 2, '  Mikroskopiya', 'Микроскопия', 15, 'Manfiy', '', 'Musbat', '', 2, NULL, 2, 2, '2022-09-21 22:14:34', '2022-09-21 22:14:34', 1, NULL),
(294, 44, 2, ' Ekish (shu jumladan xususiyatlari fenotip bo\'yicha)', 'Посев  (включая  характеристик у фенотипа)', 15, 'Manfiy', '', 'Musbat', '', 2, NULL, 2, 2, '2022-09-21 22:15:17', '2022-09-21 22:15:17', 1, NULL),
(295, 44, 5, ' ПЦР = полимеразная цепная реакция', 'ПЦР = полимеразная цепная реакция', 15, 'Manfiy', '', 'Musbat', '', 2, NULL, 2, 2, '2022-09-21 22:18:48', '2022-09-21 22:18:48', 1, NULL),
(296, 44, 11, '  IFA usulida antigenni aniqlash', 'Выявление антигена методом ИФА ', 15, 'Manfiy', '', 'Musbat', '', 2, NULL, 2, 2, '2022-09-21 22:19:22', '2022-09-21 22:19:22', 1, NULL),
(297, 44, 11, '  IFA usulida antitelani aniqlash', ' Выявление антител методом ИФА ', 15, 'Manfiy', '', 'Musbat', '', 2, NULL, 2, 2, '2022-09-21 22:19:48', '2022-09-21 22:19:48', 1, NULL),
(298, 44, 1, ' RSK = komplement fiksatsiya reaktsiyasi', 'РСК = реакция связывания комплемента', 15, 'Manfiy', '', 'Musbat', '', 2, NULL, 2, 2, '2022-09-21 22:22:31', '2022-09-21 22:22:31', 1, NULL),
(299, 44, 1, ' Immunoblotting', 'Иммуноблоттинг', 15, 'Manfiy', '', 'Musbat', '', 2, NULL, 2, 2, '2022-09-21 22:23:10', '2022-09-21 22:23:10', 1, NULL),
(300, 45, 12, ' mikroskopik o\'rganish\\', 'Микроскопическое исследование', 15, 'Manfiy', '', 'Musbat', '', 2, NULL, 2, 2, '2022-09-21 22:24:05', '2022-09-21 22:24:05', 1, NULL),
(301, 45, 5, ' ПЦР = полимеразная цепная реакция', 'ПЦР = полимеразная цепная реакция', 15, 'Manfiy', '', 'Musbat', '', 2, NULL, 2, 2, '2022-09-21 22:24:51', '2022-09-21 22:24:51', 1, NULL),
(302, 45, 1, ' NRFA = bilvosita floresan reaktsiyasi antikorlar', ' НРФА = непрямая реакция флюоресцирующих антител', 15, 'Manfiy', '', 'Musbat', '', 2, NULL, 2, 2, '2022-09-21 22:25:30', '2022-09-21 22:25:30', 1, NULL),
(303, 45, 1, ' RSK = komplement fiksatsiya reaktsiyasi', 'РСК = реакция связывания комплемента', 15, 'Manfiy', '', 'Musbat', '', 2, NULL, 2, 2, '2022-09-21 22:25:59', '2022-09-21 22:25:59', 1, NULL),
(304, 45, 11, '  IFA usulida antitelani aniqlash', 'Выявление антител методом ИФА', 15, 'Manfiy', '', 'Musbat', '', 2, NULL, 2, 2, '2022-09-21 22:30:19', '2022-09-21 22:30:19', 1, NULL),
(305, 45, 11, '   IFA usulida antigenni aniqlash', 'Выявление антигена методом ИФА', 15, 'Manfiy', '', 'Musbat', '', 2, NULL, 2, 2, '2022-09-21 22:31:06', '2022-09-21 22:31:06', 1, NULL),
(306, 46, 5, ' ПЦР = полимеразная цепная реакция', 'ПЦР = полимеразная цепная реакция', 15, 'Manfiy', '', 'Musbat', '', 2, NULL, 2, 2, '2022-09-21 22:36:07', '2022-09-21 22:36:07', 1, NULL),
(307, 46, 11, '  IFA usulida antitelani aniqlash', 'Выявление антител методом ИФА', 15, 'Manfiy', '', 'Musbat', '', 2, NULL, 2, 2, '2022-09-21 22:36:41', '2022-09-21 22:36:41', 1, NULL),
(308, 46, 11, '   IFA usulida antigenni aniqlash', 'Выявление антигена методом ИФА', 15, 'Manfiy', '', 'Musbat', '', 2, NULL, 2, 2, '2022-09-21 22:37:48', '2022-09-21 22:37:48', 1, NULL),
(309, 46, 3, 'Выделение вируса ', 'Выделение вируса ', 15, 'Manfiy', '', 'Musbat', '', 2, NULL, 2, 2, '2022-09-21 22:38:36', '2022-09-21 22:38:36', 1, NULL),
(310, 46, 1, ' RNV = virusni zararsizlantirish reaktsiyasi;', 'РНВ = реакция нейтрализации вируса;', 15, 'Manfiy', '', 'Musbat', '', 2, NULL, 2, 2, '2022-09-21 22:39:16', '2022-09-21 22:39:16', 1, NULL),
(311, 46, 1, ' RSK = komplement fiksatsiya reaktsiyasi', 'РСК = реакция связывания комплемента', 15, 'Manfiy', '', 'Musbat', '', 2, NULL, 2, 2, '2022-09-21 22:39:58', '2022-09-21 22:39:58', 1, NULL),
(312, 47, 2, ' Mikroskopiya', 'Микроскопия', 15, 'Manfiy', '', 'Musbat', '', 2, NULL, 2, 2, '2022-09-21 23:01:30', '2022-09-21 23:01:30', 1, NULL),
(313, 47, 2, ' Ekish (shu jumladan xususiyatlari fenotip bo\'yicha)', ' Посев  (включая  характеристик у фенотипа)', 15, 'Manfiy', '', 'Musbat', '', 2, NULL, 2, 2, '2022-09-21 23:03:58', '2022-09-21 23:03:58', 1, NULL),
(314, 47, 5, ' PCR = polimeraza zanjiri reaktsiyasi', 'ПЦР = полимеразная цепная реакция', 15, 'Manfiy', '', 'Musbat', '', 2, NULL, 2, 2, '2022-09-21 23:12:25', '2022-09-21 23:12:25', 1, NULL),
(315, 47, 11, '  ELISA = bog\'langan immunosorbent tahlili', 'ИФА =  иммуноферментный анализ', 15, 'Manfiy', '', 'Musbat', '', 2, NULL, 2, 2, '2022-09-21 23:13:43', '2022-09-21 23:13:43', 1, NULL),
(316, 47, 1, ' RSK = komplement fiksatsiya reaktsiyasi', 'РСК = реакция связывания комплемента', 15, 'Manfiy', '', 'Musbat', '', 2, NULL, 2, 2, '2022-09-21 23:14:35', '2022-09-21 23:14:35', 1, NULL),
(317, 47, 1, ' Malleinizatsiya', 'Маллеинизация', 15, 'Manfiy', '', 'Musbat', '', 2, NULL, 2, 2, '2022-09-22 17:19:15', '2022-09-22 17:19:15', 1, NULL),
(318, 47, 1, ' Western bloting', 'Вестерн-блоттинг', 15, 'Manfiy', '', 'Musbat', '', 2, NULL, 2, 2, '2022-09-22 17:19:37', '2022-09-22 17:19:37', 1, NULL),
(319, 47, 2, ' hamsterlarga yuqtirish orqali sinov', 'биопроба на хомяков;', 15, 'Manfiy', '', 'Musbat', '', 2, NULL, 2, 2, '2022-09-22 17:20:11', '2022-09-22 17:20:11', 1, NULL),
(320, 47, 2, ' dengiz cho\'chqalariga yuqtirish orqali sinov', 'биопроба на морским свинкам;', 15, 'Manfiy', '', 'Musbat', '', 2, NULL, 2, 2, '2022-09-22 17:20:33', '2022-09-22 17:20:33', 1, NULL),
(321, 48, 12, ' To\'g\'ridan-to\'g\'ri mikroskopik tekshirish', 'Прямое микроскопическое исследование', 15, 'Manfiy', '', 'Musbat', '', 2, NULL, 2, 2, '2022-09-22 17:21:22', '2022-09-22 17:21:22', 1, NULL),
(322, 48, 5, ' Polimeraza zanjiri reaktsiyasi (PCR)', 'Полимеразная цепная реакция (ПЦР)', 15, 'Manfiy', '', 'Musbat', '', 2, NULL, 2, 2, '2022-09-22 17:21:48', '2022-09-22 17:21:48', 1, NULL),
(323, 48, 1, ' Bilvosita immunofloressensiya reaktsiyasi (RNIF)', 'Реакция непрямой иммунофлуоресценции (РНИФ)', 15, 'Manfiy', '', 'Musbat', '', 2, NULL, 2, 2, '2022-09-22 17:22:11', '2022-09-22 17:22:11', 1, NULL),
(324, 48, 11, ' ELISA = bog\'langan immunosorbent tahlili', 'ИФА =  иммуноферментный анализ', 15, 'Manfiy', '', 'Musbat', '', 2, NULL, 2, 2, '2022-09-22 17:22:41', '2022-09-22 17:22:41', 1, NULL),
(325, 48, 1, '  Agglyutinatsiya reaksiyalari', 'Реакции агглютинации', 15, 'Manfiy', '', 'Musbat', '', 2, NULL, 2, 2, '2022-09-22 17:23:04', '2022-09-22 17:23:04', 1, NULL),
(326, 48, 1, ' Tripanosoma lizis reaktsiyasi', 'Реакция лизиса трипаносом', 15, 'Manfiy', '', 'Musbat', '', 2, NULL, 2, 2, '2022-09-22 17:23:28', '2022-09-22 17:23:28', 1, NULL),
(327, 49, 5, ' polimeraza zanjiri reaktsiyasi orqali (virus aniqlandi', 'методом полимеразной цепной реакции (обнаружен вирус)', 15, 'Manfiy', '', 'Musbat', '', 2, NULL, 2, 2, '2022-09-22 17:24:28', '2022-09-22 17:24:28', 1, NULL),
(328, 49, 11, '   IFA usulida antigenni aniqlash', 'Выявление антигена методом ИФА', 15, 'Manfiy', '', 'Musbat', '', 2, NULL, 2, 2, '2022-09-22 17:24:59', '2022-09-22 17:24:59', 1, NULL),
(329, 49, 11, '  IFA usulida antitelani aniqlash', 'Выявление антител методом ИФА', 15, 'Manfiy', '', 'Musbat', '', 2, NULL, 2, 2, '2022-09-22 17:25:26', '2022-09-22 17:25:26', 1, NULL),
(330, 49, 6, ' Gistopatologiya', 'Гистопатология', 15, 'Manfiy', '', 'Musbat', '', 2, NULL, 2, 2, '2022-09-22 17:26:04', '2022-09-22 17:26:04', 1, NULL),
(331, 50, 2, ' Mikroskopiya', 'Микроскопия', 15, 'Manfiy', '', 'Musbat', '', 2, NULL, 2, 2, '2022-09-22 17:52:53', '2022-09-22 17:52:53', 1, NULL),
(332, 50, 2, ' Ekish (shu jumladan xususiyatlari fenotip bo\'yicha)', 'Посев  (включая  характеристик у фенотипа)', 15, 'Manfiy', '', 'Musbat', '', 2, NULL, 2, 2, '2022-09-22 17:53:16', '2022-09-22 17:53:16', 1, NULL),
(333, 50, 2, ' dengiz cho\'chqalariga yuqtirish orqali sinov', 'биопроба на морским свинкам;', 15, 'Manfiy', '', 'Musbat', '', 2, NULL, 2, 2, '2022-09-22 17:53:42', '2022-09-22 17:53:42', 1, NULL),
(334, 50, 1, ' Neytrallanish reaktsiyasi', 'Реакция нейтрализации', 15, 'Manfiy', '', 'Musbat', '', 2, NULL, 2, 2, '2022-09-22 17:54:15', '2022-09-22 17:54:15', 1, NULL),
(335, 51, 5, ' Polimeraza zanjiri reaktsiyasi (PCR)', 'Полимеразная цепная реакция (ПЦР)', 15, 'Manfiy', '', 'Musbat', '', 2, NULL, 2, 2, '2022-09-22 17:55:25', '2022-09-22 17:55:25', 1, NULL),
(336, 51, 11, '   IFA usulida antigenni aniqlash', 'Выявление антигена методом ИФА', 15, 'Manfiy', '', 'Musbat', '', 2, NULL, 2, 2, '2022-09-22 17:56:03', '2022-09-22 17:56:03', 1, NULL),
(337, 51, 11, '  IFA usulida antitelani aniqlash', 'Выявление антител методом ИФА', 15, 'Manfiy', '', 'Musbat', '', 2, NULL, 2, 2, '2022-09-22 17:56:41', '2022-09-22 17:56:41', 1, NULL),
(338, 51, 1, ' AGID = agar-gel immunodiffuzioni', 'AGID = иммунодиффузия в агаровом геле', 15, 'Manfiy', '', 'Musbat', '', 2, NULL, 2, 2, '2022-09-22 17:57:05', '2022-09-22 17:57:05', 1, NULL),
(339, 51, 1, ' RSK = komplement fiksatsiyasi reaktsiyasi', 'РСК = реакция связывания комплемента', 15, 'Manfiy', '', 'Musbat', '', 2, NULL, 2, 2, '2022-09-22 17:57:36', '2022-09-22 17:57:36', 1, NULL),
(340, 51, 1, 'RVN = virusni zararsizlantirish reaktsiyasi', 'РВН = реакция вируснейтрализации ', 15, 'Manfiy', '', 'Musbat', '', 2, NULL, 2, 2, '2022-09-22 17:58:15', '2022-09-22 17:58:15', 1, NULL),
(341, 51, 1, ' RNIF = bilvosita immunofluoresans reaktsiyasi', ' РНИФ = реакция непрямой иммунофлуоресценции', 15, 'Manfiy', '', 'Musbat', '', 2, NULL, 2, 2, '2022-09-22 17:58:37', '2022-09-22 17:58:37', 1, NULL),
(342, 53, 2, 'Mikroskopiya', ' Микроскопия ', 15, 'Manfiy', '', 'Musbat', '', 2, NULL, 2, 2, '2022-09-22 18:11:17', '2022-09-22 18:11:17', 1, NULL),
(343, 53, 2, ' Ekish (shu jumladan xususiyatlari fenotip bo\'yicha)', 'Посев  (включая  характеристик у фенотипа)', 15, 'Manfiy', '', 'Musbat', '', 2, NULL, 2, 2, '2022-09-22 18:11:40', '2022-09-22 18:11:40', 1, NULL),
(344, 53, 2, ' dengiz cho\'chqalariga yuqtirish orqali sinov', 'биопроба на морским свинкам;', 15, 'Manfiy', '', 'Musbat', '', 2, NULL, 2, 2, '2022-09-22 18:12:02', '2022-09-22 18:12:02', 1, NULL),
(345, 53, 11, '  IFA usulida antigenni aniqlash', 'Выявление антигена методом ИФА ', 15, 'Manfiy', '', 'Musbat', '', 2, NULL, 2, 2, '2022-09-22 18:12:30', '2022-09-22 18:12:30', 1, NULL),
(346, 53, 11, ' IFA usulida antitelani aniqlash', 'Выявление антител методом ИФА ', 15, 'Manfiy', '', 'Musbat', '', 2, NULL, 2, 2, '2022-09-22 18:12:49', '2022-09-22 18:12:49', 1, NULL),
(347, 53, 5, ' Polimeraza zanjiri reaktsiyasi (PCR)', 'Полимеразная цепная реакция (ПЦР)', 15, 'Manfiy', '', 'Musbat', '', 2, NULL, 2, 2, '2022-09-22 18:13:31', '2022-09-22 18:13:31', 1, NULL),
(348, 55, 1, ' RSK = komplement fiksatsiyasi reaktsiyasi', 'РСК = реакция связывания комплемента', 15, 'Manfiy', '', 'Musbat', '', 2, NULL, 2, 2, '2022-09-22 18:15:12', '2022-09-22 18:15:12', 1, NULL),
(349, 55, 5, ' Polimeraza zanjiri reaktsiyasi (PCR)', 'Полимеразная цепная реакция (ПЦР)', 15, 'Manfiy', '', 'Musbat', '', 2, NULL, 2, 2, '2022-09-22 18:16:02', '2022-09-22 18:16:02', 1, NULL),
(350, 55, 11, '   IFA usulida antigenni aniqlash', 'Выявление антигена методом ИФА', 15, 'Manfiy', '', 'Musbat', '', 2, NULL, 2, 2, '2022-09-22 18:16:29', '2022-09-22 18:16:29', 1, NULL),
(351, 55, 11, '  IFA usulida antitelani aniqlash', 'Выявление антител методом ИФА', 15, 'Manfiy', '', 'Musbat', '', 2, NULL, 2, 2, '2022-09-22 18:16:51', '2022-09-22 18:16:51', 1, NULL),
(352, 55, 1, ' Komplement fiksatsiya reaktsiyasi', 'Реакция фиксации комплемента', 15, 'Manfiy', '', 'Musbat', '', 2, NULL, 2, 2, '2022-09-22 18:17:22', '2022-09-22 18:17:22', 1, NULL),
(353, 56, 5, ' PCR = polimeraza zanjiri reaktsiyasi', 'ПЦР = полимеразная цепная реакция', 15, 'Manfiy', '', 'Musbat', '', 2, NULL, 2, 2, '2022-09-22 18:18:25', '2022-09-22 18:18:25', 1, NULL),
(354, 56, 1, 'RSK = komplement fiksatsiyasi reaktsiyasi', 'РСК = реакция связывания комплемента ', 15, 'Manfiy', '', 'Musbat', '', 2, NULL, 2, 2, '2022-09-22 18:19:00', '2022-09-22 18:19:00', 1, NULL),
(355, 56, 1, 'Reaksiya pretsipitatsiya ', ' Реакция преципитации ', 15, 'Manfiy', '', 'Musbat', '', 2, NULL, 2, 2, '2022-09-22 18:19:24', '2022-09-22 18:19:24', 1, NULL),
(356, 56, 11, '   IFA usulida antigenni aniqlash', 'Выявление антигена методом ИФА', 15, 'Manfiy', '', 'Musbat', '', 2, NULL, 2, 2, '2022-09-22 18:19:53', '2022-09-22 18:19:53', 1, NULL),
(357, 56, 11, '  IFA usulida antitelani aniqlash', 'Выявление антител методом ИФА', 15, 'Manfiy', '', 'Musbat', '', 2, NULL, 2, 2, '2022-09-22 18:20:28', '2022-09-22 18:20:28', 1, NULL),
(358, 56, 1, 'Реакция агглютинации', 'Реакция агглютинации', 15, 'Manfiy', '', 'Musbat', '', 2, NULL, 2, 2, '2022-09-22 18:20:55', '2022-09-22 18:20:55', 1, NULL),
(359, 56, 2, ' Sichqonlarni yuqtirish orqali sinov', 'биопроба на белых мышах;', 15, 'Manfiy', '', 'Musbat', '', 2, NULL, 2, 2, '2022-09-22 18:21:24', '2022-09-22 18:21:24', 1, NULL),
(360, 57, 1, ' reaktsiya komplement fiksatsiyasi (CSC),', 'реакция связывания комплемента (РСК),', 15, 'Manfiy', '', 'Musbat', '', 2, NULL, 2, 2, '2022-09-22 18:23:40', '2022-09-22 18:23:40', 1, NULL),
(361, 57, 1, 'agar-gelida immunodiffuziya reaktsiyasi (RID)', 'реакция двойной иммунодиффузии в агаровом геле (РИД) ', 15, 'Manfiy', '', 'Musbat', '', 2, NULL, 2, 2, '2022-09-22 18:24:13', '2022-09-22 18:24:13', 1, NULL),
(362, 57, 11, '  IFA usulida antigenni aniqlash', 'Выявление антигена методом ИФА ', 15, 'Manfiy', '', 'Musbat', '', 2, NULL, 2, 2, '2022-09-22 18:24:45', '2022-09-22 18:24:45', 1, NULL),
(363, 57, 11, ' IFA usulida antitelani aniqlash', 'Выявление антител методом ИФА ', 15, 'Manfiy', '', 'Musbat', '', 2, NULL, 2, 2, '2022-09-22 18:25:04', '2022-09-22 18:25:04', 1, NULL),
(364, 59, 5, ' PCR = polimeraza zanjiri reaktsiyasi', 'ПЦР = полимеразная цепная реакция', 15, 'Manfiy', '', 'Musbat', '', 2, NULL, 2, 2, '2022-09-22 18:27:46', '2022-09-22 18:27:46', 1, NULL),
(365, 59, 11, ' IFA usulida antigenni aniqlash', 'Выявление антигена методом ИФА  ', 15, 'Manfiy', '', 'Musbat', '', 2, NULL, 2, 2, '2022-09-22 18:28:17', '2022-09-22 18:28:17', 1, NULL),
(366, 59, 11, 'IFA usulida antitelani aniqlash', 'Выявление антител методом ИФА  ', 15, 'Manfiy', '', 'Musbat', '', 2, NULL, 2, 2, '2022-09-22 18:28:45', '2022-09-22 18:28:45', 1, NULL),
(367, 59, 3, ' Mikroskop bilan kuzatish', 'Наблюдение под микроскопом', 15, 'Manfiy', '', 'Musbat', '', 2, NULL, 2, 2, '2022-09-22 18:29:34', '2022-09-22 18:29:34', 1, NULL),
(368, 59, 1, ' immunofluoresan bo\'yash', 'иммунофлюоресцентное окрашивание', 15, 'Manfiy', '', 'Musbat', '', 2, NULL, 2, 2, '2022-09-22 18:31:38', '2022-09-22 18:31:38', 1, NULL),
(369, 60, 1, ' AGID = agar-gel immunodiffuzioni', 'AGID = иммунодиффузия в агаровом геле', 15, 'Manfiy', '', 'Musbat', '', 2, NULL, 2, 2, '2022-09-22 18:33:02', '2022-09-22 18:33:02', 1, NULL),
(370, 60, 5, ' PCR = polimeraza zanjiri reaktsiyasi', 'ПЦР = полимеразная цепная реакция', 15, 'Manfiy', '', 'Musbat', '', 2, NULL, 2, 2, '2022-09-22 18:37:15', '2022-09-22 18:37:15', 1, NULL),
(371, 60, 11, '   IFA usulida antigenni aniqlash', 'Выявление антигена методом ИФА', 15, 'Manfiy', '', 'Musbat', '', 2, NULL, 2, 2, '2022-09-22 18:37:46', '2022-09-22 18:37:46', 1, NULL),
(372, 60, 11, '  IFA usulida antitelani aniqlash', 'Выявление антител методом ИФА', 15, 'Manfiy', '', 'Musbat', '', 2, NULL, 2, 2, '2022-09-22 18:40:06', '2022-09-22 18:40:06', 1, NULL),
(373, 60, 11, ' IFA usulida antitelani aniqlash', 'Выявление антител методом ИФА ', 15, 'Manfiy', '', 'Musbat', '', 2, NULL, 2, 2, '2022-09-22 18:40:35', '2022-09-22 18:40:35', 1, NULL),
(374, 60, 1, 'RSK = komplement fiksatsiyasi reaktsiyasi', ' РСК = реакция связывания комплемента ', 15, 'Manfiy', '', 'Musbat', '', 2, NULL, 2, 2, '2022-09-22 18:41:02', '2022-09-22 18:41:02', 1, NULL),
(375, 60, 1, ' RNIF = bilvosita immunofluoresans testi', 'РНИФ = реакция непрямой иммунофлуоресценции', 15, 'Manfiy', '', 'Musbat', '', 2, NULL, 2, 2, '2022-09-22 18:41:24', '2022-09-22 18:41:24', 1, NULL),
(376, 61, 5, ' PCR = polimeraza zanjiri reaktsiyasi', 'ПЦР = полимеразная цепная реакция', 15, 'Manfiy', '', 'Musbat', '', 2, NULL, 2, 2, '2022-09-22 18:43:21', '2022-09-22 18:43:21', 1, NULL),
(377, 61, 11, '   IFA usulida antigenni aniqlash', 'Выявление антигена методом ИФА', 15, 'Manfiy', '', 'Musbat', '', 2, NULL, 2, 2, '2022-09-22 18:44:33', '2022-09-22 18:44:33', 1, NULL),
(378, 61, 11, '  IFA usulida antitelani aniqlash', 'Выявление антител методом ИФА', 15, 'Manfiy', '', 'Musbat', '', 2, NULL, 2, 2, '2022-09-22 18:44:59', '2022-09-22 18:44:59', 1, NULL),
(379, 61, 3, 'Выделение вируса ', 'Выделение вируса  ', 15, 'Manfiy', '', 'Musbat', '', 2, NULL, 2, 2, '2022-09-22 18:45:43', '2022-09-22 18:45:43', 1, NULL),
(380, 61, 3, ' Oshkor qilish antigen', '  Выявление антигена', 15, 'Manfiy', '', 'Musbat', '', 2, NULL, 2, 2, '2022-09-22 18:46:16', '2022-09-22 18:46:16', 1, NULL),
(381, 61, 1, 'RVN = virusni zararsizlantirish reaktsiyasi', 'РВН = реакция вируснейтрализации ', 15, 'Manfiy', '', 'Musbat', '', 2, NULL, 2, 2, '2022-09-22 18:46:47', '2022-09-22 18:46:47', 1, NULL),
(382, 61, 1, ' RNIF = reaktsiya bilvosita immunofluoresans', 'РНИФ = реакция непрямой иммунофлуоресценции', 15, 'Manfiy', '', 'Musbat', '', 2, NULL, 2, 2, '2022-09-22 18:47:15', '2022-09-22 18:47:15', 1, NULL),
(383, 62, 1, ' RNIF = reaktsiya bilvosita immunofluoresans', 'РНИФ = реакция непрямой иммунофлуоресценции', 15, 'Manfiy', '', 'Musbat', '', 2, NULL, 2, 2, '2022-09-22 18:48:05', '2022-09-22 18:48:05', 1, NULL),
(384, 62, 6, ' Immunogistokimyoviy tadqiqot', 'Иммуногистохимическое исследование', 15, 'Manfiy', '', 'Musbat', '', 2, NULL, 2, 2, '2022-09-22 18:48:38', '2022-09-22 18:48:38', 1, NULL),
(385, 63, 1, ' fagoliz reaktsiyasi', 'Реакцию фаголизиса', 15, 'Manfiy', '', 'Musbat', '', 2, NULL, 2, 2, '2022-09-22 18:50:27', '2022-09-22 18:50:27', 1, NULL),
(386, 63, 2, 'Mikroskopiya', 'Микроскопия ', 15, 'Manfiy', '', 'Musbat', '', 2, NULL, 2, 2, '2022-09-22 18:51:15', '2022-09-22 18:51:15', 1, NULL),
(387, 63, 2, 'Ekish (shu jumladan xususiyatlari fenotip bo\'yicha)', 'Посев  (включая  характеристик у фенотипа) ', 15, 'Manfiy', '', 'Musbat', '', 2, NULL, 2, 2, '2022-09-22 18:51:45', '2022-09-22 18:51:45', 1, NULL),
(388, 63, 2, 'Бактериальное  выделение ', 'Бактериальное  выделение ', 15, 'Manfiy', '', 'Musbat', '', 2, NULL, 2, 2, '2022-09-22 18:52:20', '2022-09-22 18:52:20', 1, NULL),
(389, 63, 5, ' PCR = polimeraza zanjiri reaktsiyasi', 'ПЦР = полимеразная цепная реакция', 15, 'Manfiy', '', 'Musbat', '', 2, NULL, 2, 2, '2022-09-22 18:53:13', '2022-09-22 18:53:13', 1, NULL),
(390, 63, 11, '   IFA usulida antigenni aniqlash', 'Выявление антигена методом ИФА', 15, 'Manfiy', '', 'Musbat', '', 2, NULL, 2, 2, '2022-09-22 18:53:37', '2022-09-22 18:53:37', 1, NULL),
(391, 63, 11, ' IFA usulida antitelani aniqlash', 'Выявление антител методом ИФА ', 15, 'Manfiy', '', 'Musbat', '', 2, NULL, 2, 2, '2022-09-22 18:54:11', '2022-09-22 18:54:11', 1, NULL),
(392, 63, 2, ' Sichqonlarni yuqtirish orqali sinov', 'биопроба на белых мышах;', 15, 'Manfiy', '', 'Musbat', '', 2, NULL, 2, 2, '2022-09-22 18:54:35', '2022-09-22 18:54:35', 1, NULL),
(393, 63, 1, ' PCA = sarum aglutinatsiya testi', 'РСА = реакция сывороточной агглютинации', 15, 'Manfiy', '', 'Musbat', '', 2, NULL, 2, 2, '2022-09-22 18:54:59', '2022-09-22 18:54:59', 1, NULL),
(394, 64, 6, ' Gistopatologiya', 'Гистопатология', 15, 'Manfiy', '', 'Musbat', '', 2, NULL, 2, 2, '2022-09-22 19:07:30', '2022-09-22 19:07:30', 1, NULL),
(395, 64, 6, ' Gistopatologiya', 'Гистопатология', 15, 'Manfiy', '', 'Musbat', '', 2, NULL, 2, 2, '2022-09-22 19:08:31', '2022-09-22 19:08:31', 1, NULL),
(396, 64, 6, 'Immunogistokimyo', 'Иммуногистохимия ', 15, 'Manfiy', '', 'Musbat', '', 2, NULL, 2, 2, '2022-09-22 19:09:04', '2022-09-22 19:09:04', 1, NULL),
(397, 64, 1, 'Western bloting', 'Вестерн-блоттинг ', 15, 'Manfiy', '', 'Musbat', '', 2, NULL, 2, 2, '2022-09-22 19:09:31', '2022-09-22 19:09:31', 1, NULL),
(398, 64, 1, ' Ekspress testlar', 'Экспресс-тесты', 15, 'Manfiy', '', 'Musbat', '', 2, NULL, 2, 2, '2022-09-22 19:09:56', '2022-09-22 19:09:56', 1, NULL),
(399, 65, 5, ' RT-PCR = teskari transkripsiya polimeraza zanjiri reaktsiyasi', 'ОТ-ПЦР = полимеразная цепная реакция с обратной транскрипцией', 15, 'Manfiy', '', 'Musbat', '', 2, NULL, 2, 2, '2022-09-22 19:10:52', '2022-09-22 19:10:52', 1, NULL),
(400, 65, 11, '   IFA usulida antigenni aniqlash', ' Выявление антигена методом ИФА', 15, 'Manfiy', '', 'Musbat', '', 2, NULL, 2, 2, '2022-09-22 19:11:19', '2022-09-22 19:11:19', 1, NULL),
(401, 65, 11, '  IFA usulida antitelani aniqlash', 'Выявление антител методом ИФА', 15, 'Manfiy', '', 'Musbat', '', 2, NULL, 2, 2, '2022-09-22 19:11:42', '2022-09-22 19:11:42', 1, NULL),
(402, 65, 1, ' Agar gelida immunodiffuziya', 'Иммунодиффузия в агаровом геле', 15, 'Manfiy', '', 'Musbat', '', 2, NULL, 2, 2, '2022-09-22 19:12:02', '2022-09-22 19:12:02', 1, NULL),
(403, 65, 3, ' Вирус выделение в культуре клеток', 'Вирус выделение в культуре клеток', 15, 'Manfiy', '', 'Musbat', '', 2, NULL, 2, 2, '2022-09-22 19:12:25', '2022-09-22 19:12:25', 1, NULL),
(404, 65, 1, ' Virus reaktsiyasi neytrallash', 'Реакция вирус нейтрализации', 15, 'Manfiy', '', 'Musbat', '', 2, NULL, 2, 2, '2022-09-22 19:13:01', '2022-09-22 19:13:01', 1, NULL),
(405, 65, 1, 'qarama-qarshi oqim immunoelektroforez', 'Противоточный иммуноэлектрофорез ', 15, 'Manfiy', '', 'Musbat', '', 2, NULL, 2, 2, '2022-09-22 19:13:32', '2022-09-22 19:13:32', 1, NULL),
(406, 66, 2, ' Mikroskopiya', ' Микроскопия', 15, 'Manfiy', '', 'Musbat', '', 2, NULL, 2, 2, '2022-09-22 19:14:46', '2022-09-22 19:14:46', 1, NULL),
(407, 66, 2, ' Ekish (shu jumladan xususiyatlari fenotip bo\'yicha)', 'Посев  (включая  характеристик у фенотипа)', 15, 'Manfiy', '', 'Musbat', '', 2, NULL, 2, 2, '2022-09-22 19:15:17', '2022-09-22 19:15:17', 1, NULL),
(408, 66, 1, ' Komplement fiksatsiya reaksiyasi', 'Реакция связывания комплемента', 15, 'Manfiy', '', 'Musbat', '', 2, NULL, 2, 2, '2022-09-22 19:15:44', '2022-09-22 19:15:44', 1, NULL),
(409, 66, 1, ' IFA usulida antitelani aniqlash', 'Выявление антител методом ИФА ', 15, 'Manfiy', '', 'Musbat', '', 2, NULL, 2, 2, '2022-09-22 19:16:06', '2022-09-22 19:16:06', 1, NULL),
(410, 66, 5, ' real vaqtda PCR', 'ПЦР в реальном времени', 15, 'Manfiy', '', 'Musbat', '', 2, NULL, 2, 2, '2022-09-22 19:16:44', '2022-09-22 19:16:44', 1, NULL),
(411, 66, 11, '   IFA usulida antigenni aniqlash', 'Выявление антигена методом ИФА', 15, 'Manfiy', '', 'Musbat', '', 2, NULL, 2, 2, '2022-09-22 19:17:13', '2022-09-22 19:17:13', 1, NULL),
(412, 67, 5, ' PCR = polimeraza zanjiri reaktsiyasi', 'ПЦР = полимеразная цепная реакция', 15, 'Manfiy', '', 'Musbat', '', 2, NULL, 2, 2, '2022-09-22 19:18:24', '2022-09-22 19:18:24', 1, NULL),
(413, 67, 11, '   IFA usulida antigenni aniqlash', 'Выявление антигена методом ИФА', 15, 'Manfiy', '', 'Musbat', '', 2, NULL, 2, 2, '2022-09-22 19:18:55', '2022-09-22 19:18:55', 1, NULL),
(414, 67, 11, '  IFA usulida antitelani aniqlash', 'Выявление антител методом ИФА', 15, 'Manfiy', '', 'Musbat', '', 2, NULL, 2, 2, '2022-09-22 19:19:28', '2022-09-22 19:19:28', 1, NULL),
(415, 67, 1, 'Floresan antikorlarining bilvosita reaktsiyasi', 'Непрямая реакция флюоресцирующих антител ', 15, 'Manfiy', '', 'Musbat', '', 2, NULL, 2, 2, '2022-09-22 19:19:56', '2022-09-22 19:19:56', 1, NULL),
(416, 67, 1, ' Gemodsorbtsiya reaktsiyasi', ' Реакция гемадсорбции', 15, 'Manfiy', '', 'Musbat', '', 2, NULL, 2, 2, '2022-09-22 19:20:44', '2022-09-22 19:20:44', 1, NULL),
(417, 67, 1, ' Immunoblotting', 'Иммуноблоттинг', 15, 'Manfiy', '', 'Musbat', '', 2, NULL, 2, 2, '2022-09-22 19:21:02', '2022-09-22 19:21:02', 1, NULL),
(418, 67, 1, 'Immun floresan reaktsiyalari (RIF)', 'реакции иммунной флюоресценции (РИФ) ', 15, 'Manfiy', '', 'Musbat', '', 2, NULL, 2, 2, '2022-09-22 19:21:22', '2022-09-22 19:21:22', 1, NULL),
(419, 68, 5, ' PCR = polimeraza zanjiri reaktsiyasi', 'ПЦР = полимеразная цепная реакция', 15, 'Manfiy', '', 'Musbat', '', 2, NULL, 2, 2, '2022-09-22 19:21:59', '2022-09-22 19:21:59', 1, NULL),
(420, 68, 11, '   IFA usulida antigenni aniqlash', 'Выявление антигена методом ИФА', 15, 'Manfiy', '', 'Musbat', '', 2, NULL, 2, 2, '2022-09-22 19:22:22', '2022-09-22 19:22:22', 1, NULL),
(421, 68, 11, '  IFA usulida antitelani aniqlash', 'Выявление антител методом ИФА', 15, 'Manfiy', '', 'Musbat', '', 2, NULL, 2, 2, '2022-09-22 19:22:41', '2022-09-22 19:22:41', 1, NULL),
(422, 69, 5, 'Полимеразная цепная реакция с обратной транскрипцией PCR ', 'Полимеразная цепная реакция с обратной транскрипцией ', 15, 'Manfiy', '', 'Musbat', '', 2, NULL, 2, 2, '2022-09-22 19:23:42', '2022-09-22 19:23:42', 1, NULL),
(423, 69, 11, '   IFA usulida antigenni aniqlash', 'Выявление антигена методом ИФА', 15, 'Manfiy', '', 'Musbat', '', 2, NULL, 2, 2, '2022-09-22 19:24:04', '2022-09-22 19:24:04', 1, NULL),
(424, 69, 11, ' IFA usulida antitelani aniqlash', 'Выявление антител методом ИФА ', 15, 'Manfiy', '', 'Musbat', '', 2, NULL, 2, 2, '2022-09-22 19:24:28', '2022-09-22 19:24:28', 1, NULL),
(425, 69, 3, ' Выделение вируса', 'Выделение вируса', 15, 'Manfiy', '', 'Musbat', '', 2, NULL, 2, 2, '2022-09-22 19:24:57', '2022-09-22 19:24:57', 1, NULL),
(426, 69, 1, ' HB = virusni zararsizlantirish;', 'НВ = нейтрализация вируса;', 15, 'Manfiy', '', 'Musbat', '', 2, NULL, 2, 2, '2022-09-22 19:25:24', '2022-09-22 19:25:24', 1, NULL),
(427, 70, 5, ' PCR = polimeraza zanjiri reaktsiyasi', 'ПЦР = полимеразная цепная реакция', 15, 'Manfiy', '', 'Musbat', '', 2, NULL, 2, 2, '2022-09-22 19:26:08', '2022-09-22 19:26:08', 1, NULL),
(428, 70, 11, '   IFA usulida antigenni aniqlash', 'Выявление антигена методом ИФА', 15, 'Manfiy', '', 'Musbat', '', 2, NULL, 2, 2, '2022-09-22 19:27:41', '2022-09-22 19:27:41', 1, NULL),
(429, 70, 11, '  IFA usulida antitelani aniqlash', 'Выявление антител методом ИФА', 15, 'Manfiy', '', 'Musbat', '', 2, NULL, 2, 2, '2022-09-22 19:28:05', '2022-09-22 19:28:05', 1, NULL),
(430, 71, 5, 'PCR = polimeraza zanjiri reaktsiyasi', 'ПЦР = полимеразная цепная реакция ', 15, 'Manfiy', '', 'Musbat', '', 2, NULL, 2, 2, '2022-09-22 19:28:51', '2022-09-22 19:28:51', 1, NULL),
(431, 71, 11, '   IFA usulida antigenni aniqlash', 'Выявление антигена методом ИФА', 15, 'Manfiy', '', 'Musbat', '', 2, NULL, 2, 2, '2022-09-22 19:29:13', '2022-09-22 19:29:13', 1, NULL),
(432, 71, 11, '  IFA usulida antitelani aniqlash', 'Выявление антител методом ИФА', 15, 'Manfiy', '', 'Musbat', '', 2, NULL, 2, 2, '2022-09-22 19:29:33', '2022-09-22 19:29:33', 1, NULL),
(433, 71, 3, 'Выделение вируса', 'Выделение вируса', 15, 'Manfiy', '', 'Musbat', '', 2, NULL, 2, 2, '2022-09-22 19:29:57', '2022-09-22 19:29:57', 1, NULL),
(434, 71, 1, ' IF = immun floresan reaktsiyasi', 'РИФ = реакция иммунной флюоресценции', 15, 'Manfiy', '', 'Musbat', '', 2, NULL, 2, 2, '2022-09-22 19:30:28', '2022-09-22 19:30:28', 1, NULL),
(435, 71, 1, 'Virusni zararsizlantirish reaktsiyasi', 'Реакция вируснейтрализации ', 15, 'Manfiy', '', 'Musbat', '', 2, NULL, 2, 2, '2022-09-22 19:30:53', '2022-09-22 19:30:53', 1, NULL),
(436, 72, 5, 'Полимеразная цепная реакция с обратной транскрипцией PCR', 'Полимеразная цепная реакция с обратной транскрипцией ', 15, 'Manfiy', '', 'Musbat', '', 2, NULL, 2, 2, '2022-09-22 19:31:48', '2022-09-22 19:31:48', 1, NULL),
(437, 72, 11, '   IFA usulida antigenni aniqlash', 'Выявление антигена методом ИФА', 15, 'Manfiy', '', 'Musbat', '', 2, NULL, 2, 2, '2022-09-22 19:32:13', '2022-09-22 19:32:13', 1, NULL),
(438, 72, 11, '  IFA usulida antitelani aniqlash', 'Выявление антител методом ИФА', 15, 'Manfiy', '', 'Musbat', '', 2, NULL, 2, 2, '2022-09-22 19:32:36', '2022-09-22 19:32:36', 1, NULL),
(439, 72, 11, '  IFA usulida antitelani aniqlash', 'Выявление антител методом ИФА', 15, 'Manfiy', '', 'Musbat', '', 2, NULL, 2, 2, '2022-09-22 19:32:47', '2022-09-22 19:32:47', 1, NULL),
(440, 72, 3, 'Выделение вируса', 'Выделение вируса', 15, 'Manfiy', '', 'Musbat', '', 2, NULL, 2, 2, '2022-09-22 19:33:14', '2022-09-22 19:33:14', 1, NULL),
(441, 72, 1, ' Gemagglyutinatsiyani tormozlash  reaktsiyasi (HITA)', 'Реакция торможения гемагглютинации (РТГА)', 15, 'Manfiy', '', 'Musbat', '', 2, NULL, 2, 2, '2022-09-22 19:33:38', '2022-09-22 19:33:38', 1, NULL),
(442, 72, 1, ' Gemagglyutinatsiya reaktsiyasi', 'Реакция гемагглютинации', 15, 'Manfiy', '', 'Musbat', '', 2, NULL, 2, 2, '2022-09-22 19:33:59', '2022-09-22 19:33:59', 1, NULL),
(443, 73, 5, ' Полимеразная цепная реакция с обратной транскрипцией PCR ', 'Полимеразная цепная реакция с обратной транскрипцией', 15, 'Manfiy', '', 'Musbat', '', 2, NULL, 2, 2, '2022-09-22 19:35:08', '2022-09-22 19:35:08', 1, NULL),
(444, 73, 11, '   IFA usulida antigenni aniqlash', 'Выявление антигена методом ИФА', 15, 'Manfiy', '', 'Musbat', '', 2, NULL, 2, 2, '2022-09-22 19:35:30', '2022-09-22 19:35:30', 1, NULL),
(445, 73, 11, '  IFA usulida antitelani aniqlash', 'Выявление антител методом ИФА', 15, 'Manfiy', '', 'Musbat', '', 2, NULL, 2, 2, '2022-09-22 19:35:51', '2022-09-22 19:35:51', 1, NULL),
(446, 73, 3, '  Выделение вируса', 'Выделение вируса', 15, 'Manfiy', '', 'Musbat', '', 2, NULL, 2, 2, '2022-09-22 19:36:13', '2022-09-22 19:36:13', 1, NULL),
(447, 73, 1, ' IF = immun floresan reaktsiyasi', 'РИФ = реакция иммунной флюоресценции', 15, 'Manfiy', '', 'Musbat', '', 2, NULL, 2, 2, '2022-09-22 19:36:35', '2022-09-22 19:36:35', 1, NULL),
(448, 73, 1, ' HB = virusni zararsizlantirish;', 'НВ = нейтрализация вируса;', 15, 'Manfiy', '', 'Musbat', '', 2, NULL, 2, 2, '2022-09-22 19:36:56', '2022-09-22 19:36:56', 1, NULL),
(449, 74, 5, ' PCR RT = teskari transkripsiya polimeraza zanjiri reaktsiyasi', 'ПЦР ОТ = полимеразная цепная реакция с обратной транскрипцией', 15, 'Manfiy', '', 'Musbat', '', 2, NULL, 2, 2, '2022-09-22 19:42:14', '2022-09-22 19:42:14', 1, NULL),
(450, 74, 11, ' IFA usulida antigenni aniqlash', 'Выявление антигена методом ИФА  ', 15, 'Manfiy', '', 'Musbat', '', 2, NULL, 2, 2, '2022-09-22 19:42:46', '2022-09-22 19:42:46', 1, NULL),
(451, 74, 11, '  IFA usulida antitelani aniqlash', ' Выявление антител методом ИФА', 15, 'Manfiy', '', 'Musbat', '', 2, NULL, 2, 2, '2022-09-22 19:43:13', '2022-09-22 19:43:13', 1, NULL),
(452, 74, 3, 'Выделение вируса', 'Выделение вируса', 15, 'Manfiy', '', 'Musbat', '', 2, NULL, 2, 2, '2022-09-22 19:43:35', '2022-09-22 19:43:35', 1, NULL),
(453, 74, 6, ' IHC = immunohistokimyoviy usul,', 'ИГХ = иммуногистохимический метод,', 15, 'Manfiy', '', 'Musbat', '', 2, NULL, 2, 2, '2022-09-22 19:43:59', '2022-09-22 19:43:59', 1, NULL),
(454, 74, 1, 'IPMM = monoqatlamli immunoperoksidaza usuli', 'ИПММ = иммунопероксидазный метод в монослоях ', 15, 'Manfiy', '', 'Musbat', '', 2, NULL, 2, 2, '2022-09-22 19:44:37', '2022-09-22 19:44:37', 1, NULL),
(455, 74, 1, ' RIF = reaktsiya immun floresansi', 'РИФ = реакция иммунной флюоресценции', 15, 'Manfiy', '', 'Musbat', '', 2, NULL, 2, 2, '2022-09-22 19:44:55', '2022-09-22 19:44:55', 1, NULL),
(456, 75, 5, ' PCR = polimeraza zanjiri reaktsiyasi', 'ПЦР = полимеразная цепная реакция', 15, 'Manfiy', '', 'Musbat', '', 2, NULL, 2, 2, '2022-09-22 19:46:37', '2022-09-22 19:46:37', 1, NULL),
(457, 75, 11, '   IFA usulida antigenni aniqlash', 'Выявление антигена методом ИФА', 15, 'Manfiy', '', 'Musbat', '', 2, NULL, 2, 2, '2022-09-22 19:47:06', '2022-09-22 19:47:06', 1, NULL),
(458, 75, 11, '  IFA usulida antitelani aniqlash', 'Выявление антител методом ИФА', 15, 'Manfiy', '', 'Musbat', '', 2, NULL, 2, 2, '2022-09-22 19:47:31', '2022-09-22 19:47:31', 1, NULL),
(459, 75, 2, ' Mikroskopiya', 'Микроскопия', 15, 'Manfiy', '', 'Musbat', '', 2, NULL, 2, 2, '2022-09-22 19:47:57', '2022-09-22 19:47:57', 1, NULL),
(460, 75, 2, ' Ekish (shu jumladan xususiyatlari fenotip bo\'yicha)', 'Посев  (включая  характеристик у фенотипа)', 15, 'Manfiy', '', 'Musbat', '', 2, NULL, 2, 2, '2022-09-22 19:48:17', '2022-09-22 19:48:17', 1, NULL),
(461, 75, 2, '  oq sichqonlarda biosinov ', 'биопроба на белых мышах', 15, 'Manfiy', '', 'Musbat', '', 2, NULL, 2, 2, '2022-09-22 19:48:51', '2022-09-22 19:48:51', 1, NULL),
(462, 75, 1, '   Agglyutinatsiya reaksiyasi in vitro', 'Реакция агглютинации в пробирке', 15, 'Manfiy', '', 'Musbat', '', 2, NULL, 2, 2, '2022-09-22 19:49:21', '2022-09-22 19:49:21', 1, NULL),
(463, 76, 5, ' PCR = polimeraza zanjiri reaktsiyasi', 'ПЦР = полимеразная цепная реакция', 15, 'Manfiy', '', 'Musbat', '', 2, NULL, 2, 2, '2022-09-23 17:16:00', '2022-09-23 17:16:00', 1, NULL),
(464, 76, 11, ' IFA usulida antigenni aniqlash', 'Выявление антигена методом ИФА  ', 15, 'Manfiy', '', 'Musbat', '', 2, NULL, 2, 2, '2022-09-23 17:16:33', '2022-09-23 17:16:33', 1, NULL),
(465, 76, 11, '  IFA usulida antitelani aniqlash', 'Выявление антител методом ИФА', 15, 'Manfiy', '', 'Musbat', '', 2, NULL, 2, 2, '2022-09-23 17:16:55', '2022-09-23 17:16:55', 1, NULL),
(466, 76, 1, ' Chlamydophila uchun o\'zgartirilgan komplement fiksatsiyasi testi', 'Модифицированная реакция связывания комплемента на Chlamydophila', 15, 'Manfiy', '', 'Musbat', '', 2, NULL, 2, 2, '2022-09-23 17:17:26', '2022-09-23 17:17:26', 1, NULL),
(467, 76, 6, ' Gistokimyoviy bo\'yash', 'Гистохимическое окрашивание', 15, 'Manfiy', '', 'Musbat', '', 2, NULL, 2, 2, '2022-09-23 17:18:09', '2022-09-23 17:18:09', 1, NULL),
(468, 77, 12, ' Pleroterkoidlarning diagnostikasi', 'Диагностика плероцеркоидов', 15, 'Manfiy', '', 'Musbat', '', 2, NULL, 2, 2, '2022-09-23 17:18:58', '2022-09-23 17:18:58', 1, NULL),
(469, 77, 12, ' Aylanma antigenni aniqlash', 'Обнаружение циркулирующего антигена', 15, 'Manfiy', '', 'Musbat', '', 2, NULL, 2, 2, '2022-09-23 17:19:26', '2022-09-23 17:19:26', 1, NULL),
(470, 77, 12, ' Mikroskopiya', 'Микроскопия', 15, 'Manfiy', '', 'Musbat', '', 2, NULL, 2, 2, '2022-09-23 17:19:49', '2022-09-23 17:19:49', 1, NULL),
(471, 78, 5, ' PCR RT = teskari transkripsiya polimeraza zanjiri reaktsiyasi', 'ПЦР ОТ = полимеразная цепная реакция с обратной транскрипцией', 15, 'Manfiy', '', 'Musbat', '', 2, NULL, 2, 2, '2022-09-23 17:20:44', '2022-09-23 17:20:44', 1, NULL),
(472, 78, 11, '   IFA usulida antigenni aniqlash', 'Выявление антигена методом ИФА', 15, 'Manfiy', '', 'Musbat', '', 2, NULL, 2, 2, '2022-09-23 17:21:56', '2022-09-23 17:21:56', 1, NULL),
(473, 78, 11, '  IFA usulida antitelani aniqlash', 'Выявление антител методом ИФА', 15, 'Manfiy', '', 'Musbat', '', 2, NULL, 2, 2, '2022-09-23 17:22:17', '2022-09-23 17:22:17', 1, NULL),
(474, 78, 3, ' Выделение вируса', 'Выделение вируса', 15, 'Manfiy', '', 'Musbat', '', 2, NULL, 2, 2, '2022-09-23 17:23:31', '2022-09-23 17:23:31', 1, NULL),
(475, 78, 1, 'Agar gelida immunodiffuziya', 'Иммунодиффузия в агаровом геле ', 15, 'Manfiy', '', 'Musbat', '', 2, NULL, 2, 2, '2022-09-23 17:23:53', '2022-09-23 17:23:53', 1, NULL),
(476, 78, 1, ' Komplementni aniqlash testi (CFR)', 'Реакция связывания комплемента (РСК)', 15, 'Manfiy', '', 'Musbat', '', 2, NULL, 2, 2, '2022-09-23 17:24:11', '2022-09-23 17:24:11', 1, NULL),
(477, 78, 1, '  Virusni zararsizlantirish', 'Нейтрализация вируса', 15, 'Manfiy', '', 'Musbat', '', 2, NULL, 2, 2, '2022-09-23 17:24:38', '2022-09-23 17:24:38', 1, NULL),
(478, 79, 2, ' Mikroskopiya', 'Микроскопия', 15, 'Manfiy', '', 'Musbat', '', 2, NULL, 2, 2, '2022-09-23 17:50:02', '2022-09-23 17:50:02', 1, NULL),
(479, 79, 2, ' Ekish (shu jumladan xususiyatlari fenotip bo\'yicha)', 'Посев  (включая  характеристик у фенотипа)', 15, 'Manfiy', '', 'Musbat', '', 2, NULL, 2, 2, '2022-09-23 17:50:24', '2022-09-23 17:50:24', 1, NULL),
(480, 79, 2, ' oq quyonlarda biosinov ', 'биопроба на белых кроликах ', 15, 'Manfiy', '', 'Musbat', '', 2, NULL, 2, 2, '2022-09-23 17:51:05', '2022-09-23 17:51:05', 1, NULL),
(481, 79, 11, '   IFA usulida antigenni aniqlash', ' Выявление антигена методом ИФА', 15, 'Manfiy', '', 'Musbat', '', 2, NULL, 2, 2, '2022-09-23 17:51:46', '2022-09-23 17:51:46', 1, NULL),
(482, 79, 11, '  IFA usulida antitelani aniqlash', 'Выявление антител методом ИФА', 15, 'Manfiy', '', 'Musbat', '', 2, NULL, 2, 2, '2022-09-23 17:52:08', '2022-09-23 17:52:08', 1, NULL),
(483, 79, 5, ' PCR = polimeraza zanjiri reaktsiyasi', 'ПЦР = полимеразная цепная реакция', 15, 'Manfiy', '', 'Musbat', '', 2, NULL, 2, 2, '2022-09-23 17:53:21', '2022-09-23 17:53:21', 1, NULL),
(484, 82, 5, ' PCR = polimeraza zanjiri reaktsiyasi', 'ПЦР = полимеразная цепная реакция', 15, 'Manfiy', '', 'Musbat', '', 2, NULL, 2, 2, '2022-09-23 18:06:12', '2022-09-23 18:06:12', 1, NULL),
(485, 82, 11, '   IFA usulida antigenni aniqlash', 'Выявление антигена методом ИФА', 15, 'Manfiy', '', 'Musbat', '', 2, NULL, 2, 2, '2022-09-23 18:06:40', '2022-09-23 18:06:40', 1, NULL),
(486, 82, 11, '  IFA usulida antitelani aniqlash', 'Выявление антител методом ИФА', 15, 'Manfiy', '', 'Musbat', '', 2, NULL, 2, 2, '2022-09-23 18:07:01', '2022-09-23 18:07:01', 1, NULL),
(487, 82, 1, ' Agar gelida immunodiffuziya', 'Иммунодиффузия в агаровом геле', 15, 'Manfiy', '', 'Musbat', '', 2, NULL, 2, 2, '2022-09-23 18:07:27', '2022-09-23 18:07:27', 1, NULL),
(488, 82, 3, 'Вирус выделение в культуре клеток', 'Вирус выделение в культуре клеток', 15, 'Manfiy', '', 'Musbat', '', 2, NULL, 2, 2, '2022-09-23 18:07:58', '2022-09-23 18:07:58', 1, NULL),
(489, 82, 1, ' Virus reaktsiyasi neytrallash', 'Реакция вирус нейтрализации', 15, 'Manfiy', '', 'Musbat', '', 2, NULL, 2, 2, '2022-09-23 18:08:58', '2022-09-23 18:08:58', 1, NULL),
(490, 82, 1, ' qarama-qarshi oqim immunoelektroforez', 'Противоточный иммуноэлектрофорез', 15, 'Manfiy', '', 'Musbat', '', 2, NULL, 2, 2, '2022-09-23 18:09:19', '2022-09-23 18:09:19', 1, NULL),
(491, 84, 5, '  PCR = polimeraza zanjiri reaktsiyasi', 'ПЦР = полимеразная цепная реакция', 15, 'Manfiy', '', 'Musbat', '', 2, NULL, 2, 2, '2022-09-23 18:22:10', '2022-09-23 18:22:10', 1, NULL),
(492, 84, 11, '   IFA usulida antigenni aniqlash', 'Выявление антигена методом ИФА', 15, 'Manfiy', '', 'Musbat', '', 2, NULL, 2, 2, '2022-09-23 18:22:34', '2022-09-23 18:22:34', 1, NULL),
(493, 84, 11, '  IFA usulida antitelani aniqlash', 'Выявление антител методом ИФА', 15, 'Manfiy', '', 'Musbat', '', 2, NULL, 2, 2, '2022-09-23 18:22:55', '2022-09-23 18:22:55', 1, NULL),
(494, 84, 3, ' Культуры клеток', ' Культуры клеток', 15, 'Manfiy', '', 'Musbat', '', 2, NULL, 2, 2, '2022-09-23 18:23:18', '2022-09-23 18:23:18', 1, NULL),
(495, 84, 3, 'Amplifikatsiya mahsulotlarini elektroforetik tahlil qilish', 'Электрофоретический анализ продуктов амплификации ', 15, 'Manfiy', '', 'Musbat', '', 2, NULL, 2, 2, '2022-09-23 18:23:53', '2022-09-23 18:23:53', 1, NULL),
(496, 85, 2, ' Mikroskopiya', 'Микроскопия', 15, 'Manfiy', '', 'Musbat', '', 2, NULL, 2, 2, '2022-09-23 18:24:30', '2022-09-23 18:24:30', 1, NULL),
(497, 85, 2, ' Ekish (shu jumladan xususiyatlari fenotip bo\'yicha)', 'Посев  (включая  характеристик у фенотипа)', 15, 'Manfiy', '', 'Musbat', '', 2, NULL, 2, 2, '2022-09-23 18:24:50', '2022-09-23 18:24:50', 1, NULL),
(498, 85, 5, ' PCR = polimeraza zanjiri reaktsiyasi', 'ПЦР = полимеразная цепная реакция', 15, 'Manfiy', '', 'Musbat', '', 2, NULL, 2, 2, '2022-09-23 18:25:07', '2022-09-23 18:25:07', 1, NULL),
(499, 85, 11, '  IFA usulida antitelani aniqlash', 'Выявление антител методом ИФА', 15, 'Manfiy', '', 'Musbat', '', 2, NULL, 2, 2, '2022-09-23 18:25:24', '2022-09-23 18:25:24', 1, NULL),
(500, 85, 11, '   IFA usulida antigenni aniqlash', 'Выявление антигена методом ИФА', 15, 'Manfiy', '', 'Musbat', '', 2, NULL, 2, 2, '2022-09-23 18:25:40', '2022-09-23 18:25:40', 1, NULL),
(501, 86, 5, ' RT-PCR = teskari transkripsiya polimeraza zanjiri reaktsiyasi', 'ОТ-ПЦР = полимеразная цепная реакция с обратной транскрипцией', 15, 'Manfiy', '', 'Musbat', '', 2, NULL, 2, 2, '2022-09-23 18:26:49', '2022-09-23 18:26:49', 1, NULL),
(502, 86, 11, '  IFA usulida antigenni aniqlash', 'Выявление антигена методом ИФА ', 15, 'Manfiy', '', 'Musbat', '', 2, NULL, 2, 2, '2022-09-23 18:27:13', '2022-09-23 18:27:13', 1, NULL),
(503, 86, 11, '  IFA usulida antitelani aniqlash', 'Выявление антител методом ИФА', 15, 'Manfiy', '', 'Musbat', '', 2, NULL, 2, 2, '2022-09-23 18:27:28', '2022-09-23 18:27:28', 1, NULL),
(504, 86, 1, ' Immunodiffuziya ichida agar geli', 'Иммунодиффузия в агаровом геле', 15, 'Manfiy', '', 'Musbat', '', 2, NULL, 2, 2, '2022-09-23 18:27:59', '2022-09-23 18:27:59', 1, NULL),
(505, 86, 1, 'qarama-qarshi oqim immunoelektroforez', 'Противоточный иммуноэлектрофорез ', 15, 'Manfiy', '', 'Musbat', '', 2, NULL, 2, 2, '2022-09-23 18:28:18', '2022-09-23 18:28:18', 1, NULL),
(506, 86, 1, ' Virus  neytrallash reaktsiyasi', 'Реакция вирус нейтрализации', 15, 'Manfiy', '', 'Musbat', '', 2, NULL, 2, 2, '2022-09-23 18:28:38', '2022-09-23 18:28:38', 1, NULL),
(507, 87, 5, ' PCR real vaqt rejimida (virus aniqlandi', ' ПЦР в реальном времени (обнаружен вирус)', 15, 'Manfiy', '', 'Musbat', '', 2, NULL, 2, 2, '2022-09-23 18:29:24', '2022-09-23 18:29:24', 1, NULL),
(508, 87, 11, '   IFA usulida antigenni aniqlash', ' Выявление антигена методом ИФА', 15, 'Manfiy', '', 'Musbat', '', 2, NULL, 2, 2, '2022-09-23 18:29:48', '2022-09-23 18:29:48', 1, NULL),
(509, 87, 11, ' IFA usulida antitelani aniqlash', 'Выявление антител методом ИФА ', 15, 'Manfiy', '', 'Musbat', '', 2, NULL, 2, 2, '2022-09-23 18:30:07', '2022-09-23 18:30:07', 1, NULL),
(510, 87, 3, 'Выявление антигена', 'Выявление антигена', 15, 'Manfiy', '', 'Musbat', '', 2, NULL, 2, 2, '2022-09-23 18:30:28', '2022-09-23 18:30:28', 1, NULL),
(511, 87, 1, ' gemagglyutinatsiya reaktsiyasi', 'реакция гемагглютинации', 15, 'Manfiy', '', 'Musbat', '', 2, NULL, 2, 2, '2022-09-23 18:30:48', '2022-09-23 18:30:48', 1, NULL),
(512, 87, 3, ' Immunitetni bo\'yash', 'Иммуноокрашивание', 15, 'Manfiy', '', 'Musbat', '', 2, NULL, 2, 2, '2022-09-23 18:31:12', '2022-09-23 18:31:12', 1, NULL),
(513, 87, 1, 'Gemagglyutinatsiyani tormozlash  reaktsiyasi (HITA)', 'Реакция торможения гемагглютинации (РТГА) ', 15, 'Manfiy', '', 'Musbat', '', 2, NULL, 2, 2, '2022-09-23 18:31:29', '2022-09-23 18:31:29', 1, NULL),
(514, 88, 5, ' PCR = polimeraza zanjiri reaktsiyasi', 'ПЦР = полимеразная цепная реакция ', 15, 'Manfiy', '', 'Musbat', '', 2, NULL, 2, 2, '2022-09-23 18:32:25', '2022-09-23 18:32:25', 1, NULL),
(515, 88, 11, '   IFA usulida antigenni aniqlash', '  Выявление антигена методом ИФА', 15, 'Manfiy', '', 'Musbat', '', 2, NULL, 2, 2, '2022-09-23 18:32:51', '2022-09-23 18:32:51', 1, NULL),
(516, 88, 11, '  IFA usulida antitelani aniqlash', 'Выявление антител методом ИФА', 15, 'Manfiy', '', 'Musbat', '', 2, NULL, 2, 2, '2022-09-23 18:33:11', '2022-09-23 18:33:11', 1, NULL),
(517, 88, 1, ' Agar jelida AGID immunodiffuziyas', 'AGID иммунодиффузия в геле агара', 15, 'Manfiy', '', 'Musbat', '', 2, NULL, 2, 2, '2022-09-23 18:33:31', '2022-09-23 18:33:31', 1, NULL),
(518, 88, 1, ' IF = immunofluoresans reaktsiyasi', 'РИФ = реакция иммунофлуоресценции', 15, 'Manfiy', '', 'Musbat', '', 2, NULL, 2, 2, '2022-09-23 18:33:51', '2022-09-23 18:33:51', 1, NULL),
(519, 88, 1, ' IPMA= immunoperoksidaza mono qatlam tahlili', 'IPMA = иммунопероксидазный монослойный анализ', 15, 'Manfiy', '', 'Musbat', '', 2, NULL, 2, 2, '2022-09-23 18:34:11', '2022-09-23 18:34:11', 1, NULL),
(520, 88, 1, ' RNIF = reaktsiya bilvosita immunofluoresans.', 'РНИФ = реакция непрямой иммунофлуоресценции.', 15, 'Manfiy', '', 'Musbat', '', 2, NULL, 2, 2, '2022-09-23 18:34:34', '2022-09-23 18:34:34', 1, NULL),
(521, 89, 5, ' PCR = polimeraza zanjiri reaktsiyasi', 'ПЦР = полимеразная цепная реакция', 15, 'Manfiy', '', 'Musbat', '', 2, NULL, 2, 2, '2022-09-23 18:35:32', '2022-09-23 18:35:32', 1, NULL),
(522, 89, 11, '   IFA usulida antigenni aniqlash', 'Выявление антигена методом ИФА', 15, 'Manfiy', '', 'Musbat', '', 2, NULL, 2, 2, '2022-09-23 18:35:52', '2022-09-23 18:35:52', 1, NULL),
(523, 89, 11, '  IFA usulida antitelani aniqlash', 'Выявление антител методом ИФА', 15, 'Manfiy', '', 'Musbat', '', 2, NULL, 2, 2, '2022-09-23 18:36:12', '2022-09-23 18:36:12', 1, NULL),
(524, 89, 6, ' Gistopatologiya', ' Гистопатология', 15, 'Manfiy', '', 'Musbat', '', 2, NULL, 2, 2, '2022-09-23 18:36:47', '2022-09-23 18:36:47', 1, NULL),
(525, 89, 3, 'Выделение  вируса', 'Выделение  вируса', 15, 'Manfiy', '', 'Musbat', '', 2, NULL, 2, 2, '2022-09-23 18:37:09', '2022-09-23 18:37:09', 1, NULL),
(526, 89, 3, 'Выявление  антигена', 'Выявление  антигена', 15, 'Manfiy', '', 'Musbat', '', 2, NULL, 2, 2, '2022-09-23 18:37:27', '2022-09-23 18:37:27', 1, NULL),
(527, 89, 1, ' Bilvosita immunofloressensiya reaktsiyasi', 'Реакция непрямой иммунофлюоресценции', 15, 'Manfiy', '', 'Musbat', '', 2, NULL, 2, 2, '2022-09-23 18:37:49', '2022-09-23 18:37:49', 1, NULL),
(528, 89, 1, ' AGID= agar-gel immunodiffuzion reaktsiyasi', 'AGID = реакция иммунодиффузии в агаровом геле', 15, 'Manfiy', '', 'Musbat', '', 2, NULL, 2, 2, '2022-09-23 18:38:11', '2022-09-23 18:38:11', 1, NULL),
(529, 90, 5, 'PCR = polimeraza zanjiri reaktsiyasi', 'ПЦР = полимеразная цепная реакция ', 15, 'Manfiy', '', 'Musbat', '', 1, NULL, 2, 2, '2022-09-24 13:18:55', '2022-09-24 13:18:55', 1, NULL),
(530, 90, 11, '   IFA usulida antigenni aniqlash', 'Выявление антигена методом ИФА', 15, 'Manfiy', '', 'Musbat', '', 1, NULL, 2, 2, '2022-09-24 13:19:21', '2022-09-24 13:19:21', 1, NULL),
(531, 90, 11, '  IFA usulida antitelani aniqlash', 'Выявление антител методом ИФА', 15, 'Manfiy', '', 'Musbat', '', 1, NULL, 2, 2, '2022-09-24 13:19:38', '2022-09-24 13:19:38', 1, NULL),
(532, 90, 3, 'выделения вируса', 'выделения вируса', 15, 'Manfiy', '', 'Musbat', '', 1, NULL, 2, 2, '2022-09-24 13:19:55', '2022-09-24 13:19:55', 1, NULL),
(533, 90, 1, '  Gemagglyutinatsiya reaktsiyasi ', 'Реакция гемагглютинации ', 15, 'Manfiy', '', 'Musbat', '', 1, NULL, 2, 2, '2022-09-24 13:20:16', '2022-09-24 13:20:16', 1, NULL),
(534, 90, 1, ' gemagglyutinatsiyani tormozlash reaktsiyasi', 'Реакция торможения гемагглютинации', 15, 'Manfiy', '', 'Musbat', '', 1, NULL, 2, 2, '2022-09-24 13:20:44', '2022-09-24 13:20:44', 1, NULL),
(535, 90, 1, ' Filogenetik tadqiqotlar', 'Филогенетические исследования', 15, 'Manfiy', '', 'Musbat', '', 1, NULL, 2, 2, '2022-09-24 13:21:04', '2022-09-24 13:21:04', 1, NULL),
(536, 91, 5, ' PCR = polimeraza zanjiri reaktsiyasi', 'ПЦР = полимеразная цепная реакция', 15, 'Manfiy', '', 'Musbat', '', 1, NULL, 2, 2, '2022-09-24 13:21:43', '2022-09-24 13:21:43', 1, NULL),
(537, 91, 11, '  IFA usulida antigenni aniqlash', 'Выявление антигена методом ИФА ', 15, 'Manfiy', '', 'Musbat', '', 1, NULL, 2, 2, '2022-09-24 13:22:03', '2022-09-24 13:22:03', 1, NULL),
(538, 91, 11, ' IFA usulida antitelani aniqlash', 'Выявление антител методом ИФА ', 15, 'Manfiy', '', 'Musbat', '', 1, NULL, 2, 2, '2022-09-24 13:22:22', '2022-09-24 13:22:22', 1, NULL),
(539, 91, 3, 'Выделение  вируса', 'Выделение  вируса', 15, 'Manfiy', '', 'Musbat', '', 1, NULL, 2, 2, '2022-09-24 13:22:40', '2022-09-24 13:22:40', 1, NULL),
(540, 91, 3, 'Обнаружение  антигена', 'Обнаружение  антигена', 15, 'Manfiy', '', 'Musbat', '', 1, NULL, 2, 2, '2022-09-24 13:22:56', '2022-09-24 13:22:56', 1, NULL),
(541, 92, 5, ' PCR = polimeraza zanjiri reaktsiyasi', 'ПЦР = полимеразная цепная реакция', 15, 'Manfiy', '', 'Musbat', '', 1, NULL, 2, 2, '2022-09-24 13:23:41', '2022-09-24 13:23:41', 1, NULL),
(542, 92, 11, '  IFA usulida antigenni aniqlash', 'Выявление антигена методом ИФА ', 15, 'Manfiy', '', 'Musbat', '', 1, NULL, 2, 2, '2022-09-24 13:24:07', '2022-09-24 13:24:07', 1, NULL),
(543, 92, 11, ' IFA usulida antitelani aniqlash', 'Выявление антител методом ИФА ', 15, 'Manfiy', '', 'Musbat', '', 1, NULL, 2, 2, '2022-09-24 13:24:28', '2022-09-24 13:24:28', 1, NULL),
(544, 92, 3, 'Культуры клеток', 'Культуры клеток', 15, 'Manfiy', '', 'Musbat', '', 1, NULL, 2, 2, '2022-09-24 13:24:50', '2022-09-24 13:24:50', 1, NULL),
(545, 92, 3, ' Amplifikatsiya mahsulotlarini elektroforetik tahlil qilish', 'Электрофоретический анализ продуктов амплификации', 15, 'Manfiy', '', 'Musbat', '', 1, NULL, 2, 2, '2022-09-24 13:25:12', '2022-09-24 13:25:12', 1, NULL),
(546, 94, 5, ' teskari polimeraza zanjiri reaktsiyasi transkripsiya (RT-PCR).', ' полимеразная цепная реакция с обратной  транскрипцией (ОТ-ПЦР).', 15, 'Manfiy', '', 'Musbat', '', 1, NULL, 2, 2, '2022-09-24 13:26:44', '2022-09-24 13:26:44', 1, NULL),
(547, 94, 11, '   IFA usulida antigenni aniqlash', 'Выявление антигена методом ИФА', 15, 'Manfiy', '', 'Musbat', '', 1, NULL, 2, 2, '2022-09-24 13:27:09', '2022-09-24 13:27:09', 1, NULL),
(548, 94, 11, '  IFA usulida antitelani aniqlash', 'Выявление антител методом ИФА', 15, 'Manfiy', '', 'Musbat', '', 1, NULL, 2, 2, '2022-09-24 13:27:28', '2022-09-24 13:27:28', 1, NULL),
(549, 94, 1, ' serotipni aniqlashda gemagglyutinatsiyani inhibe qilish testlari (HITA) qo\'llaniladi.', 'определения серотипа применяют реакции торможения гемагглютинации (РТГА)', 15, 'Manfiy', '', 'Musbat', '', 1, NULL, 2, 2, '2022-09-24 13:27:54', '2022-09-24 13:27:54', 1, NULL),
(550, 94, 3, 'Выделение  вируса', 'Выделение  вируса', 15, 'Manfiy', '', 'Musbat', '', 1, NULL, 2, 2, '2022-09-24 13:28:22', '2022-09-24 13:28:22', 1, NULL),
(551, 94, 3, 'ID virus infeksiyasi (ketmalagich gen)', 'Идентификация вируса  (секвениро вание гена) ', 15, 'Manfiy', '', 'Musbat', '', 2, NULL, 2, 2, '2022-09-25 13:54:27', '2022-09-25 13:54:27', 1, NULL),
(552, 94, 1, ' RID - agar-gel immunodiffuziya reaktsiyasi', 'РИД – реакция иммунодиффузии в агаровом геле', 15, 'Manfiy', '', 'Musbat', '', 2, NULL, 2, 2, '2022-09-25 13:55:09', '2022-09-25 13:55:09', 1, NULL);
INSERT INTO `tamplate_animal` (`id`, `diseases_id`, `test_method_id`, `name_uz`, `name_ru`, `unit_id`, `min`, `min_1`, `max`, `max_1`, `is_vaccination`, `dead_days`, `creator_id`, `consent_id`, `created`, `updated`, `state_id`, `ads`) VALUES
(553, 95, 5, 'PCR = teskari transkripsiya polimeraza zanjiri reaktsiyasi', 'ПЦР = полимеразная цепная реакция с обратной транскрипцией ', 15, 'Manfiy', '', 'Musbat', '', 2, NULL, 2, 2, '2022-09-25 13:55:52', '2022-09-25 13:55:52', 1, NULL),
(554, 95, 11, '   IFA usulida antigenni aniqlash', 'Выявление антигена методом ИФА', 15, 'Manfiy', '', 'Musbat', '', 2, NULL, 2, 2, '2022-09-25 13:56:13', '2022-09-25 13:56:13', 1, NULL),
(555, 95, 11, '  IFA usulida antitelani aniqlash', 'Выявление антител методом ИФА', 15, 'Manfiy', '', 'Musbat', '', 2, NULL, 2, 2, '2022-09-25 13:56:31', '2022-09-25 13:56:31', 1, NULL),
(556, 95, 6, ' Gistopatologik bursa tekshiruvi', 'Гистопаталогическое  исследование бурсы', 15, 'Manfiy', '', 'Musbat', '', 2, NULL, 2, 2, '2022-09-25 13:56:58', '2022-09-25 13:56:58', 1, NULL),
(557, 95, 3, 'Выделение вируса', 'Выделение вируса', 15, 'Manfiy', '', 'Musbat', '', 2, NULL, 2, 2, '2022-09-25 13:57:20', '2022-09-25 13:57:20', 1, NULL),
(558, 95, 3, ' Xarakterli virus (patotiplash, antigenlik, nukleot to\'g\'ri ketma-ketlik)', 'Характеристика  вируса  (патотипирование,  антигенность,нуклеот идное секвенирование)', 15, 'Manfiy', '', 'Musbat', '', 2, NULL, 2, 2, '2022-09-25 13:57:55', '2022-09-25 13:57:55', 1, NULL),
(559, 95, 1, ' AGID antikorlarni aniqlash', 'AGID для  обнаружения антител', 15, 'Manfiy', '', 'Musbat', '', 2, NULL, 2, 2, '2022-09-25 13:58:29', '2022-09-25 13:58:29', 1, NULL),
(560, 95, 1, ' Virusni zararsizlantirish', 'Нейтрализация вируса', 15, 'Manfiy', '', 'Musbat', '', 2, NULL, 2, 2, '2022-09-25 13:58:49', '2022-09-25 13:58:49', 1, NULL),
(561, 96, 5, ' PCR = polimeraza zanjiri reaktsiyasi', ' ПЦР = полимеразная цепная реакция', 15, 'Manfiy', '', 'Musbat', '', 2, NULL, 2, 2, '2022-09-25 14:00:26', '2022-09-25 14:00:26', 1, NULL),
(562, 96, 11, '  IFA usulida antigenni aniqlash', 'Выявление антигена методом ИФА ', 15, 'Manfiy', '', 'Musbat', '', 2, NULL, 2, 2, '2022-09-25 14:00:52', '2022-09-25 14:00:52', 1, NULL),
(563, 96, 11, '  IFA usulida antitelani aniqlash', 'Выявление антител методом ИФА', 15, 'Manfiy', '', 'Musbat', '', 2, NULL, 2, 2, '2022-09-25 14:01:17', '2022-09-25 14:01:17', 1, NULL),
(564, 96, 3, 'Выделение  вируса', 'Выделение  вируса', 15, 'Manfiy', '', 'Musbat', '', 2, NULL, 2, 2, '2022-09-25 14:01:43', '2022-09-25 14:01:43', 1, NULL),
(565, 96, 3, 'Immunofly oressensiya orqali antigenni aniqlash', 'Иммунофлу оресценция  для  выявления  антигена ', 15, 'Manfiy', '', 'Musbat', '', 2, NULL, 2, 2, '2022-09-25 14:02:07', '2022-09-25 14:02:07', 1, NULL),
(566, 96, 6, ' Gistopatologiya', 'Гистопатология', 15, 'Manfiy', '', 'Musbat', '', 2, NULL, 2, 2, '2022-09-25 14:02:35', '2022-09-25 14:02:35', 1, NULL),
(567, 96, 1, 'VN = virusni zararsizlantirish', 'VN =нейтрализация вируса ', 15, 'Manfiy', '', 'Musbat', '', 2, NULL, 2, 2, '2022-09-25 14:02:56', '2022-09-25 14:02:56', 1, NULL),
(568, 97, 1, ' PCR = polimeraza zanjiri reaktsiyasi', 'ПЦР = полимеразная цепная реакция', 15, 'Manfiy', '', 'Musbat', '', 2, NULL, 2, 2, '2022-09-25 14:03:37', '2022-09-25 14:03:37', 1, NULL),
(569, 97, 11, '  IFA usulida antigenni aniqlash', 'Выявление антигена методом ИФА ', 15, 'Manfiy', '', 'Musbat', '', 2, NULL, 2, 2, '2022-09-25 14:04:08', '2022-09-25 14:04:08', 1, NULL),
(570, 97, 11, ' IFA usulida antigenni aniqlash', 'Выявление антигена методом ИФА  ', 15, 'Manfiy', '', 'Musbat', '', 2, NULL, 2, 2, '2022-09-25 14:04:30', '2022-09-25 14:04:30', 1, NULL),
(571, 97, 3, ' Parranda metapnevmovirusini (aMPV) etishtirish va identifikatsiya qilish', 'Культивирование и идентификация метапневмовируса птиц (aMPV)', 15, 'Manfiy', '', 'Musbat', '', 2, NULL, 2, 2, '2022-09-25 14:05:00', '2022-09-25 14:05:00', 1, NULL),
(572, 97, 1, 'virusni zararsizlantirish testi (RVN)', 'реакция вируснейтралиации (РВН) ', 15, 'Manfiy', '', 'Musbat', '', 2, NULL, 2, 2, '2022-09-25 14:05:37', '2022-09-25 14:05:37', 1, NULL),
(573, 97, 1, ' immunofloressensiya testi va immunodiffuziya', 'реакция иммунофлюоресценции и иммунодиффузии.', 15, 'Manfiy', '', 'Musbat', '', 2, NULL, 2, 2, '2022-09-25 14:05:58', '2022-09-25 14:05:58', 1, NULL),
(574, 97, 1, ' immunofloressensiya testi va immunodiffuziya', 'реакция иммунофлюоресценции и иммунодиффузии.', 15, 'Manfiy', '', 'Musbat', '', 2, NULL, 2, 2, '2022-09-25 14:06:36', '2022-09-25 14:06:36', 1, NULL),
(575, 98, 1, '   tezkor sarum aglutinatsiya testi', 'реакция сывороточной агглютинации (РСА),', 15, 'Manfiy', '', 'Musbat', '', 2, NULL, 2, 2, '2022-09-25 14:07:49', '2022-09-25 14:07:49', 1, NULL),
(576, 98, 11, '  IFA usulida antitelani aniqlash', 'Выявление антител методом ИФА', 15, 'Manfiy', '', 'Musbat', '', 2, NULL, 2, 2, '2022-09-25 14:08:21', '2022-09-25 14:08:21', 1, NULL),
(577, 98, 1, ' gemagglyutinatsiyani tormozlash reaktsiyasi', 'реакция торможения гемагглютинации', 15, 'Manfiy', '', 'Musbat', '', 2, NULL, 2, 2, '2022-09-25 14:08:48', '2022-09-25 14:08:48', 1, NULL),
(578, 98, 2, ' Mikroskopiya', 'Микроскопия', 15, 'Manfiy', '', 'Musbat', '', 2, NULL, 2, 2, '2022-09-25 14:09:08', '2022-09-25 14:09:08', 1, NULL),
(579, 98, 2, ' Ekish (shu jumladan xususiyatlari fenotip bo\'yicha)', 'Посев  (включая  характеристик у фенотипа)', 15, 'Manfiy', '', 'Musbat', '', 2, NULL, 2, 2, '2022-09-25 14:09:30', '2022-09-25 14:09:30', 1, NULL),
(580, 98, 11, ' IFA usulida antigenni aniqlash', 'Выявление антигена методом ИФА  ', 15, 'Manfiy', '', 'Musbat', '', 2, NULL, 2, 2, '2022-09-25 14:09:58', '2022-09-25 14:09:58', 1, NULL),
(581, 98, 5, ' PCR = polimeraza zanjiri reaktsiyasi', ' ПЦР = полимеразная цепная реакция', 15, 'Manfiy', '', 'Musbat', '', 2, NULL, 2, 2, '2022-09-25 14:10:31', '2022-09-25 14:10:31', 1, NULL),
(582, 101, 5, ' PCR = polimeraza zanjiri reaktsiyasi', ' ПЦР = полимеразная цепная реакция', 15, 'Manfiy', '', 'Musbat', '', 2, NULL, 2, 2, '2022-09-25 14:11:24', '2022-09-25 14:11:24', 1, NULL),
(583, 101, 5, ' PCR = polimeraza zanjiri reaktsiyasi', ' ПЦР = полимеразная цепная реакция', 15, 'Manfiy', '', 'Musbat', '', 2, NULL, 2, 2, '2022-09-25 14:12:08', '2022-09-25 14:12:08', 1, NULL),
(584, 101, 2, ' Mikroskopiya Ziel Nielsen usulida bo\'yash', 'Микроскопия Окрашивание по  методу Циля Нильсен', 15, 'Manfiy', '', 'Musbat', '', 2, NULL, 2, 2, '2022-09-25 14:13:00', '2022-09-25 14:13:00', 1, NULL),
(585, 101, 2, ' Tuberkulinizatsiya', 'Туберкулинизация  проба', 15, 'Manfiy', '', 'Musbat', '', 2, NULL, 2, 2, '2022-09-25 14:13:34', '2022-09-25 14:13:34', 1, NULL),
(586, 101, 1, ' Reaktsiya gemagglyutinatsiya va (rangli antigen)', 'Реакция  гемагглютинаци и (окрашенный  антиген)', 15, 'Manfiy', '', 'Musbat', '', 2, NULL, 2, 2, '2022-09-25 14:14:07', '2022-09-25 14:14:07', 1, NULL),
(587, 101, 2, ' Mikroskopiya', 'Микроскопия', 15, 'Manfiy', '', 'Musbat', '', 2, NULL, 2, 2, '2022-09-25 14:14:40', '2022-09-25 14:14:40', 1, NULL),
(588, 101, 2, ' Ekish (shu jumladan xususiyatlari fenotip bo\'yicha)', 'Посев  (включая  характеристик у фенотипа)', 15, 'Manfiy', '', 'Musbat', '', 2, NULL, 2, 2, '2022-09-25 14:15:02', '2022-09-25 14:15:02', 1, NULL),
(589, 101, 11, ' IFA usulida antigenni aniqlash', 'Выявление антигена методом ИФА  ', 15, 'Manfiy', '', 'Musbat', '', 2, NULL, 2, 2, '2022-09-25 14:15:25', '2022-09-25 14:15:25', 1, NULL),
(590, 101, 11, '  IFA usulida antitelani aniqlash', ' Выявление антител методом ИФА', 15, 'Manfiy', '', 'Musbat', '', 2, NULL, 2, 2, '2022-09-25 14:15:47', '2022-09-25 14:15:47', 1, NULL),
(591, 102, 5, ' PCR = polimeraza zanjiri reaktsiyasi', 'ПЦР = полимеразная цепная реакция', 15, 'Manfiy', '', 'Musbat', '', 2, NULL, 2, 2, '2022-09-25 14:16:21', '2022-09-25 14:16:21', 1, NULL),
(592, 102, 1, ' NRFA = bilvosita floresan reaktsiyasi antikorlar;', ' НРФА = непрямая реакция флюоресцирующих антител;', 15, 'Manfiy', '', 'Musbat', '', 2, NULL, 2, 2, '2022-09-25 14:16:46', '2022-09-25 14:16:46', 1, NULL),
(593, 102, 11, '  IFA usulida antigenni aniqlash', 'Выявление антигена методом ИФА ', 15, 'Manfiy', '', 'Musbat', '', 2, NULL, 2, 2, '2022-09-25 14:17:10', '2022-09-25 14:17:10', 1, NULL),
(594, 102, 11, '  IFA usulida antitelani aniqlash', 'Выявление антител методом ИФА', 15, 'Manfiy', '', 'Musbat', '', 2, NULL, 2, 2, '2022-09-25 14:17:29', '2022-09-25 14:17:29', 1, NULL),
(595, 102, 1, ' PR = oldinga reaktsiya aglutinatsiya', '  ПРА = прямая реакция агглютинации', 15, 'Manfiy', '', 'Musbat', '', 2, NULL, 2, 2, '2022-09-25 14:17:52', '2022-09-25 14:17:52', 1, NULL),
(596, 102, 1, 'MPA = o\'zgartirilgan aglutinatsiya testi', 'МРА = модифицированная реакция агглютинации ', 15, 'Manfiy', '', 'Musbat', '', 2, NULL, 2, 2, '2022-09-25 14:18:16', '2022-09-25 14:18:16', 1, NULL),
(597, 103, 5, ' PCR = polimeraza zanjiri reaktsiyasi', 'ПЦР = полимеразная цепная реакция', 15, 'Manfiy', '', 'Musbat', '', 2, NULL, 2, 2, '2022-09-25 14:31:59', '2022-09-25 14:31:59', 1, NULL),
(598, 103, 11, '  IFA usulida antigenni aniqlash', 'Выявление антигена методом ИФА ', 15, 'Manfiy', '', 'Musbat', '', 2, NULL, 2, 2, '2022-09-25 14:32:41', '2022-09-25 14:32:41', 1, NULL),
(599, 103, 11, '  IFA usulida antitelani aniqlash', 'Выявление антител методом ИФА', 15, 'Manfiy', '', 'Musbat', '', 2, NULL, 2, 2, '2022-09-25 14:33:09', '2022-09-25 14:33:09', 1, NULL),
(600, 103, 1, 'Chlamydophila uchun o\'zgartirilgan komplement fiksatsiyasi reaksiyasi', 'Модифицированная реакция связывания комплемента на Chlamydophila ', 15, 'Manfiy', '', 'Musbat', '', 2, NULL, 2, 2, '2022-09-25 14:33:56', '2022-09-25 14:33:56', 1, NULL),
(601, 103, 6, ' Gistokimyoviy bo\'yash', 'Гистохимическое окрашивание', 15, 'Manfiy', '', 'Musbat', '', 2, NULL, 2, 2, '2022-09-25 14:34:20', '2022-09-25 14:34:20', 1, NULL),
(602, 103, 1, 'agar gelida  diffuz pretsipitatsiya reaktsiyasi', 'реакции диффузной  преципитации в геле', 15, 'Manfiy', '', 'Musbat', '', 2, NULL, 2, 2, '2022-09-25 14:35:49', '2022-09-25 14:35:49', 1, NULL),
(603, 104, 1, 'agar gelida  diffuz pretsipitatsiya reaktsiyasi', 'реакции диффузной  преципитации в геле', 15, 'Manfiy', '', 'Musbat', '', 2, NULL, 2, 2, '2022-09-25 14:36:12', '2022-09-25 14:36:12', 1, NULL),
(604, 104, 1, 'agar gel immunodiffuzioni (AGID)', 'реакция  иммунодиффузии в агаровом геле (AGID) ', 15, 'Manfiy', '', 'Musbat', '', 2, NULL, 2, 2, '2022-09-25 14:36:49', '2022-09-25 14:36:49', 1, NULL),
(605, 104, 1, ' passiv gemagglyutinatsiya reaktsiyasi', 'реакция пассивной гемагглютинации', 15, 'Manfiy', '', 'Musbat', '', 2, NULL, 2, 2, '2022-09-25 14:37:10', '2022-09-25 14:37:10', 1, NULL),
(606, 104, 5, ' PCR = polimeraza zanjiri reaktsiyasi', 'ПЦР = полимеразная цепная реакция', 15, 'Manfiy', '', 'Musbat', '', 2, NULL, 2, 2, '2022-09-25 14:37:30', '2022-09-25 14:37:30', 1, NULL),
(607, 104, 11, '   IFA usulida antigenni aniqlash', 'Выявление антигена методом ИФА', 15, 'Manfiy', '', 'Musbat', '', 2, NULL, 2, 2, '2022-09-25 14:37:51', '2022-09-25 14:37:51', 1, NULL),
(608, 104, 11, '  IFA usulida antitelani aniqlash', 'Выявление антител методом ИФА', 15, 'Manfiy', '', 'Musbat', '', 2, NULL, 2, 2, '2022-09-25 14:38:18', '2022-09-25 14:38:18', 1, NULL),
(609, 104, 2, 'Mikroskopiya', 'Микроскопия ', 15, 'Manfiy', '', 'Musbat', '', 2, NULL, 2, 2, '2022-09-25 14:38:46', '2022-09-25 14:38:46', 1, NULL),
(610, 104, 2, ' Ekish (shu jumladan xususiyatlari', 'Посев  (включая  характеристик у фенотипа)', 15, 'Manfiy', '', 'Musbat', '', 2, NULL, 2, 2, '2022-09-25 14:39:19', '2022-09-25 14:39:19', 1, NULL),
(611, 105, 5, ' PCR = polimeraza zanjiri reaktsiyasi', ' ПЦР = полимеразная цепная реакция', 15, 'Manfiy', '', 'Musbat', '', 2, NULL, 2, 2, '2022-09-25 14:41:17', '2022-09-25 14:41:17', 1, NULL),
(612, 105, 11, 'IFA usulida antigenni aniqlash', 'Выявление антигена методом ИФА   ', 15, 'Manfiy', '', 'Musbat', '', 2, NULL, 2, 2, '2022-09-25 14:41:41', '2022-09-25 14:41:41', 1, NULL),
(613, 105, 11, '  IFA usulida antitelani aniqlash', '  Выявление антител методом ИФА', 15, 'Manfiy', '', 'Musbat', '', 2, NULL, 2, 2, '2022-09-25 14:42:02', '2022-09-25 14:42:02', 1, NULL),
(614, 106, 2, ' Mikroskopiya', 'Микроскопия', 15, 'Manfiy', '', 'Musbat', '', 2, NULL, 2, 2, '2022-09-25 14:43:54', '2022-09-25 14:43:54', 1, NULL),
(615, 106, 2, ' Ekish (shu jumladan xususiyatlari fenotip bo\'yicha)', 'Посев  (включая  характеристик у фенотипа)', 15, 'Manfiy', '', 'Musbat', '', 2, NULL, 2, 2, '2022-09-25 14:44:18', '2022-09-25 14:44:18', 1, NULL),
(616, 107, 2, ' Ekish (shu jumladan xususiyatlari fenotip bo\'yicha)', 'Посев  (включая  характеристик у фенотипа)', 15, 'Manfiy', '', 'Musbat', '', 2, NULL, 2, 2, '2022-09-25 14:44:47', '2022-09-25 14:44:47', 1, NULL),
(617, 107, 2, ' Mikroskopiya', 'Микроскопия', 15, 'Manfiy', '', 'Musbat', '', 2, NULL, 2, 2, '2022-09-25 14:45:02', '2022-09-25 14:45:02', 1, NULL),
(618, 120, 12, ' Mikroskopiya', 'Микроскопия', 15, 'Manfiy', '', 'Musbat', '', 2, NULL, 2, 2, '2022-09-25 14:47:17', '2022-09-25 14:47:17', 1, NULL),
(619, 120, 12, 'Процедура исследования: размягчение ', 'Процедура исследования: размягчение Tadqiqot tartibi: yumshatish', 15, 'Manfiy', '', 'Musbat', '', 2, NULL, 2, 2, '2022-09-25 14:48:12', '2022-09-25 14:48:12', 1, NULL),
(620, 121, 2, 'Бактериальное  выделение', 'Бактериальное  выделение', 15, 'Manfiy', '', 'Musbat', '', 2, NULL, 2, 2, '2022-09-25 14:51:45', '2022-09-25 14:51:45', 1, NULL),
(621, 121, 5, ' PCR = polimeraza zanjiri reaktsiyasi', 'ПЦР = полимеразная цепная реакция', 15, 'Manfiy', '', 'Musbat', '', 2, NULL, 2, 2, '2022-09-25 14:52:11', '2022-09-25 14:52:11', 1, NULL),
(622, 121, 2, ' Massa spektrometriya', 'Масс  спектрометрия', 15, 'Manfiy', '', 'Musbat', '', 2, NULL, 2, 2, '2022-09-25 14:52:38', '2022-09-25 14:52:38', 1, NULL),
(623, 121, 2, ' Ekish (shu jumladan xususiyatlari fenotip bo\'yicha)', 'Посев  (включая  характеристик у фенотипа)', 15, 'Manfiy', '', 'Musbat', '', 2, NULL, 2, 2, '2022-09-25 14:53:06', '2022-09-25 14:53:06', 1, NULL),
(624, 122, 2, ' Mikroskopiya', 'Микроскопия', 15, 'Manfiy', '', 'Musbat', '', 2, NULL, 2, 2, '2022-09-25 14:53:39', '2022-09-25 14:53:39', 1, NULL),
(625, 122, 2, ' Ekish (shu jumladan xususiyatlari fenotip bo\'yicha', 'Посев  (включая  характеристик у фенотипа)', 15, 'Manfiy', '', 'Musbat', '', 2, NULL, 2, 2, '2022-09-25 14:53:57', '2022-09-25 14:53:57', 1, NULL),
(626, 123, 2, ' Mikroskopiya', 'Микроскопия', 15, 'Manfiy', '', 'Musbat', '', 2, NULL, 2, 2, '2022-09-25 14:54:37', '2022-09-25 14:54:37', 1, NULL),
(627, 124, 2, 'Бактериальное  выделение', 'Бактериальное  выделение', 15, 'Manfiy', '', 'Musbat', '', 2, NULL, 2, 2, '2022-09-25 14:55:07', '2022-09-25 14:55:07', 1, NULL),
(628, 124, 5, ' PCR = polimeraza zanjiri reaktsiyasi', 'ПЦР = полимеразная цепная реакция', 15, 'Manfiy', '', 'Musbat', '', 2, NULL, 2, 2, '2022-09-25 14:55:29', '2022-09-25 14:55:29', 1, NULL),
(629, 124, 2, ' Massa spektrometriya', 'Масс  спектрометрия', 15, 'Manfiy', '', 'Musbat', '', 2, NULL, 2, 2, '2022-09-25 14:55:50', '2022-09-25 14:55:50', 1, NULL),
(630, 125, 12, ' Mikroskopiya', 'Микроскопия', 15, 'Manfiy', '', 'Musbat', '', 2, NULL, 2, 2, '2022-09-25 14:56:34', '2022-09-25 14:56:34', 1, NULL),
(631, 125, 12, ' Morfologiya', 'Морфология', 15, 'Manfiy', '', 'Musbat', '', 2, NULL, 2, 2, '2022-09-25 14:56:54', '2022-09-25 14:56:54', 1, NULL),
(632, 126, 12, 'Культивирование', 'Культивирование', 15, 'Manfiy', '', 'Musbat', '', 2, NULL, 2, 2, '2022-09-25 14:57:30', '2022-09-25 14:57:30', 1, NULL),
(633, 126, 12, ' Mikroskopiya', 'Микроскопия', 15, 'Manfiy', '', 'Musbat', '', 2, NULL, 2, 2, '2022-09-25 14:57:56', '2022-09-25 14:57:56', 1, NULL),
(634, 127, 2, ' Mikroskopiya', 'Микроскопия', 15, 'Manfiy', '', 'Musbat', '', 2, NULL, 2, 2, '2022-09-25 14:59:03', '2022-09-25 14:59:03', 1, NULL),
(635, 127, 2, ' Ekish (shu jumladan xususiyatlari fenotip bo\'yicha)', 'Посев  (включая  характеристик у фенотипа)', 15, 'Manfiy', '', 'Musbat', '', 2, NULL, 2, 2, '2022-09-25 14:59:23', '2022-09-25 14:59:23', 1, NULL),
(636, 127, 2, 'Бактериальное  выделение', 'Бактериальное  выделение', 15, 'Manfiy', '', 'Musbat', '', 2, NULL, 2, 2, '2022-09-25 14:59:40', '2022-09-25 14:59:40', 1, NULL),
(637, 127, 2, ' Sichqonlarni yuqtirish orqali sinov', 'биопроба на белых мышах;', 15, 'Manfiy', '', 'Musbat', '', 2, NULL, 2, 2, '2022-09-25 15:00:02', '2022-09-25 15:00:02', 1, NULL),
(638, 127, 5, ' PCR = polimeraza zanjiri reaktsiyasi', 'ПЦР = полимеразная цепная реакция', 15, 'Manfiy', '', 'Musbat', '', 2, NULL, 2, 2, '2022-09-25 15:00:58', '2022-09-25 15:00:58', 1, NULL),
(639, 127, 11, '   IFA usulida antigenni aniqlash', 'Выявление антигена методом ИФА', 15, 'Manfiy', '', 'Musbat', '', 2, NULL, 2, 2, '2022-09-25 15:01:20', '2022-09-25 15:01:20', 1, NULL),
(640, 127, 11, ' IFA usulida antitelani aniqlash', 'Выявление антител методом ИФА ', 15, 'Manfiy', '', 'Musbat', '', 2, NULL, 2, 2, '2022-09-25 15:01:43', '2022-09-25 15:01:43', 1, NULL),
(641, 127, 1, ' aglutinatsiya reaktsiyasi RA', 'Реакция агглютинации РА', 15, 'Manfiy', '', 'Musbat', '', 2, NULL, 2, 2, '2022-09-25 15:02:27', '2022-09-25 15:02:27', 1, NULL),
(642, 128, 1, ' Mikroskopiya', 'Микроскопия', 15, 'Manfiy', '', 'Musbat', '', 2, NULL, 2, 2, '2022-09-25 15:03:20', '2022-09-25 15:03:20', 1, NULL),
(643, 128, 2, ' Ekish (shu jumladan xususiyatlari fenotip bo\'yicha)', 'Посев  (включая  характеристик у фенотипа)', 15, 'Manfiy', '', 'Musbat', '', 2, NULL, 2, 2, '2022-09-25 15:03:48', '2022-09-25 15:03:48', 1, NULL),
(644, 128, 2, ' dengiz cho\'chqalariga yuqtirish orqali sinov', 'биопроба на морским свинкам;', 15, 'Manfiy', '', 'Musbat', '', 2, NULL, 2, 2, '2022-09-25 15:04:12', '2022-09-25 15:04:12', 1, NULL),
(645, 129, 12, ' Mikroskopiya', 'Микроскопия', 15, 'Manfiy', '', 'Musbat', '', 2, NULL, 2, 2, '2022-09-25 15:04:50', '2022-09-25 15:04:50', 1, NULL),
(646, 129, 1, ' XRF = floresan antikor reaktsiyasi', 'РФА = реакция флуорецирующих антител', 15, 'Manfiy', '', 'Musbat', '', 2, NULL, 2, 2, '2022-09-25 15:05:18', '2022-09-25 15:05:18', 1, NULL),
(647, 129, 1, 'IC = immunoxromatografiya', 'ИХ = иммунохроматография ', 15, 'Manfiy', '', 'Musbat', '', 2, NULL, 2, 2, '2022-09-25 15:05:36', '2022-09-25 15:05:36', 1, NULL),
(648, 129, 5, 'PCR = polimeraza zanjiri reaktsiyasi', ' ПЦР = полимеразная цепная реакция ', 15, 'Manfiy', '', 'Musbat', '', 2, NULL, 2, 2, '2022-09-25 15:05:56', '2022-09-25 15:05:56', 1, NULL),
(649, 129, 11, '  IFA usulida antigenni aniqlash', 'Выявление антигена методом ИФА ', 15, 'Manfiy', '', 'Musbat', '', 2, NULL, 2, 2, '2022-09-25 15:06:18', '2022-09-25 15:06:18', 1, NULL),
(650, 129, 11, ' IFA usulida antitelani aniqlash', 'Выявление антител методом ИФА ', 15, 'Manfiy', '', 'Musbat', '', 2, NULL, 2, 2, '2022-09-25 15:06:41', '2022-09-25 15:06:41', 1, NULL),
(651, 131, 5, 'PCR = polimeraza zanjiri reaktsiyasi', 'ПЦР = полимеразная цепная реакция ', 15, 'Manfiy', '', 'Musbat', '', 2, NULL, 2, 2, '2022-09-25 15:09:22', '2022-09-25 15:09:22', 1, NULL),
(652, 131, 1, ' NRFA = bilvosita floresan reaktsiyasi antikorlar', 'НРФА = непрямая реакция флюоресцирующих антител', 15, 'Manfiy', '', 'Musbat', '', 2, NULL, 2, 2, '2022-09-25 15:09:50', '2022-09-25 15:09:50', 1, NULL),
(653, 131, 1, ' PR = oldinga reaktsiya aglutinatsiya', 'ПРА = прямая реакция агглютинации', 15, 'Manfiy', '', 'Musbat', '', 2, NULL, 2, 2, '2022-09-25 15:10:15', '2022-09-25 15:10:15', 1, NULL),
(654, 131, 1, ' MPA = o\'zgartirilgan aglutinatsiya testi', 'МРА = модифицированная реакция агглютинации', 15, 'Manfiy', '', 'Musbat', '', 2, NULL, 2, 2, '2022-09-25 15:10:40', '2022-09-25 15:10:40', 1, NULL),
(655, 131, 6, 'Histopatologik o\'rganish', 'Гистопатологическое исследование ', 15, 'Manfiy', '', 'Musbat', '', 2, NULL, 2, 2, '2022-09-25 15:11:04', '2022-09-25 15:11:04', 1, NULL),
(656, 131, 11, ' IFA usulida antigenni aniqlash', 'Выявление антигена методом ИФА  ', 15, 'Manfiy', '', 'Musbat', '', 2, NULL, 2, 2, '2022-09-25 15:11:28', '2022-09-25 15:11:28', 1, NULL),
(657, 131, 11, ' IFA usulida antitelani aniqlash', 'Выявление антител методом ИФА ', 15, 'Manfiy', '', 'Musbat', '', 2, NULL, 2, 2, '2022-09-25 15:12:00', '2022-09-25 15:12:00', 1, NULL),
(658, 132, 12, ' Pleroterkoidlarning diagnostikasi', 'Диагностика плероцеркоидов', 15, 'Manfiy', '', 'Musbat', '', 2, NULL, 2, 2, '2022-09-25 15:12:48', '2022-09-25 15:12:48', 1, NULL),
(659, 132, 12, 'Aylanma antigenni aniqlash', 'Обнаружение циркулирующего антигена ', 15, 'Manfiy', '', 'Musbat', '', 2, NULL, 2, 2, '2022-09-25 15:13:11', '2022-09-25 15:13:11', 1, NULL),
(660, 132, 12, ' Mikroskopiya', 'Микроскопия', 15, 'Manfiy', '', 'Musbat', '', 2, NULL, 2, 2, '2022-09-25 15:13:30', '2022-09-25 15:13:30', 1, NULL),
(661, 1, 1, 'test', 'test', 1, '0', '', '0', '', 0, NULL, 2, 2, '2022-10-17 16:12:08', '2022-10-17 16:12:08', 1, NULL);

-- --------------------------------------------------------

--
-- Table structure for table `template_animal_regulations`
--

CREATE TABLE `template_animal_regulations` (
  `regulation_id` int(11) NOT NULL,
  `template_id` int(11) NOT NULL,
  `state_id` int(11) DEFAULT NULL
) ENGINE=InnoDB DEFAULT CHARSET=utf8mb4 COMMENT='Shablonga qonunlarni boglanishi';

--
-- Dumping data for table `template_animal_regulations`
--

INSERT INTO `template_animal_regulations` (`regulation_id`, `template_id`, `state_id`) VALUES
(1, 161, NULL),
(2, 661, NULL),
(4, 40, NULL),
(9, 40, NULL),
(9, 661, NULL),
(17, 28, NULL),
(1, 29, 1),
(1, 31, 1),
(1, 35, 1),
(1, 36, 1),
(1, 37, 1),
(1, 38, 1),
(1, 40, 1),
(1, 47, 1),
(1, 64, 1),
(1, 65, 1),
(1, 66, 1),
(1, 67, 1),
(1, 68, 1),
(1, 69, 1),
(1, 70, 1),
(1, 71, 1),
(1, 72, 1),
(1, 73, 1),
(1, 74, 1),
(1, 75, 1),
(1, 76, 1),
(1, 84, 1),
(1, 85, 1),
(1, 86, 1),
(1, 87, 1),
(1, 88, 1),
(1, 89, 1),
(1, 90, 1),
(1, 99, 1),
(1, 100, 1),
(1, 101, 1),
(1, 102, 1),
(1, 103, 1),
(1, 104, 1),
(1, 122, 1),
(1, 123, 1),
(1, 124, 1),
(1, 125, 1),
(1, 126, 1),
(1, 127, 1),
(1, 128, 1),
(1, 129, 1),
(1, 130, 1),
(1, 131, 1),
(1, 132, 1),
(1, 133, 1),
(1, 134, 1),
(1, 135, 1),
(1, 136, 1),
(1, 137, 1),
(1, 138, 1),
(1, 139, 1),
(1, 140, 1),
(1, 141, 1),
(1, 142, 1),
(1, 143, 1),
(1, 144, 1),
(1, 145, 1),
(1, 146, 1),
(1, 147, 1),
(1, 148, 1),
(1, 149, 1),
(1, 150, 1),
(1, 151, 1),
(1, 152, 1),
(1, 153, 1),
(1, 162, 1),
(1, 163, 1),
(1, 164, 1),
(1, 165, 1),
(1, 166, 1),
(1, 167, 1),
(1, 168, 1),
(1, 169, 1),
(1, 170, 1),
(1, 171, 1),
(1, 172, 1),
(1, 173, 1),
(1, 174, 1),
(1, 175, 1),
(1, 176, 1),
(1, 177, 1),
(1, 178, 1),
(1, 179, 1),
(1, 180, 1),
(1, 181, 1),
(1, 182, 1),
(1, 183, 1),
(1, 184, 1),
(1, 185, 1),
(1, 186, 1),
(1, 187, 1),
(1, 188, 1),
(1, 189, 1),
(1, 190, 1),
(1, 191, 1),
(1, 192, 1),
(1, 193, 1),
(1, 194, 1),
(1, 195, 1),
(1, 196, 1),
(1, 197, 1),
(1, 198, 1),
(1, 199, 1),
(1, 200, 1),
(1, 201, 1),
(1, 202, 1),
(1, 203, 1),
(1, 204, 1),
(1, 205, 1),
(1, 206, 1),
(1, 207, 1),
(1, 208, 1),
(1, 209, 1),
(1, 210, 1),
(1, 211, 1),
(1, 212, 1),
(1, 213, 1),
(1, 214, 1),
(1, 220, 1),
(1, 221, 1),
(1, 222, 1),
(1, 223, 1),
(1, 224, 1),
(1, 225, 1),
(1, 226, 1),
(1, 231, 1),
(1, 232, 1),
(1, 233, 1),
(1, 234, 1),
(1, 235, 1),
(1, 236, 1),
(1, 237, 1),
(1, 238, 1),
(1, 239, 1),
(1, 240, 1),
(1, 241, 1),
(1, 242, 1),
(1, 243, 1),
(1, 244, 1),
(1, 245, 1),
(1, 246, 1),
(1, 247, 1),
(1, 248, 1),
(1, 249, 1),
(1, 267, 1),
(1, 268, 1),
(1, 269, 1),
(1, 270, 1),
(1, 271, 1),
(1, 272, 1),
(1, 273, 1),
(1, 274, 1),
(1, 275, 1),
(1, 276, 1),
(1, 277, 1),
(1, 278, 1),
(1, 279, 1),
(1, 280, 1),
(1, 281, 1),
(1, 282, 1),
(1, 283, 1),
(1, 284, 1),
(1, 285, 1),
(1, 286, 1),
(1, 287, 1),
(1, 288, 1),
(1, 289, 1),
(1, 290, 1),
(1, 291, 1),
(1, 292, 1),
(1, 293, 1),
(1, 294, 1),
(1, 295, 1),
(1, 296, 1),
(1, 297, 1),
(1, 298, 1),
(1, 299, 1),
(1, 300, 1),
(1, 301, 1),
(1, 302, 1),
(1, 303, 1),
(1, 304, 1),
(1, 305, 1),
(1, 306, 1),
(1, 307, 1),
(1, 308, 1),
(1, 309, 1),
(1, 310, 1),
(1, 311, 1),
(1, 312, 1),
(1, 313, 1),
(1, 314, 1),
(1, 315, 1),
(1, 316, 1),
(1, 317, 1),
(1, 318, 1),
(1, 319, 1),
(1, 320, 1),
(1, 321, 1),
(1, 322, 1),
(1, 323, 1),
(1, 324, 1),
(1, 325, 1),
(1, 326, 1),
(1, 327, 1),
(1, 328, 1),
(1, 329, 1),
(1, 330, 1),
(1, 335, 1),
(1, 336, 1),
(1, 337, 1),
(1, 338, 1),
(1, 339, 1),
(1, 340, 1),
(1, 341, 1),
(1, 342, 1),
(1, 343, 1),
(1, 344, 1),
(1, 345, 1),
(1, 346, 1),
(1, 347, 1),
(1, 348, 1),
(1, 349, 1),
(1, 350, 1),
(1, 351, 1),
(1, 352, 1),
(1, 353, 1),
(1, 354, 1),
(1, 355, 1),
(1, 356, 1),
(1, 357, 1),
(1, 358, 1),
(1, 359, 1),
(1, 360, 1),
(1, 361, 1),
(1, 362, 1),
(1, 363, 1),
(1, 372, 1),
(1, 373, 1),
(1, 374, 1),
(1, 375, 1),
(1, 376, 1),
(1, 377, 1),
(1, 378, 1),
(1, 379, 1),
(1, 380, 1),
(1, 381, 1),
(1, 382, 1),
(1, 383, 1),
(1, 384, 1),
(1, 385, 1),
(1, 386, 1),
(1, 387, 1),
(1, 388, 1),
(1, 389, 1),
(1, 390, 1),
(1, 391, 1),
(1, 392, 1),
(1, 393, 1),
(1, 394, 1),
(1, 395, 1),
(1, 396, 1),
(1, 397, 1),
(1, 398, 1),
(1, 399, 1),
(1, 400, 1),
(1, 401, 1),
(1, 402, 1),
(1, 403, 1),
(1, 404, 1),
(1, 405, 1),
(1, 406, 1),
(1, 407, 1),
(1, 408, 1),
(1, 409, 1),
(1, 410, 1),
(1, 411, 1),
(1, 412, 1),
(1, 413, 1),
(1, 414, 1),
(1, 415, 1),
(1, 416, 1),
(1, 417, 1),
(1, 418, 1),
(1, 419, 1),
(1, 420, 1),
(1, 421, 1),
(1, 422, 1),
(1, 423, 1),
(1, 424, 1),
(1, 425, 1),
(1, 426, 1),
(1, 427, 1),
(1, 428, 1),
(1, 429, 1),
(1, 430, 1),
(1, 431, 1),
(1, 432, 1),
(1, 433, 1),
(1, 434, 1),
(1, 435, 1),
(1, 436, 1),
(1, 437, 1),
(1, 438, 1),
(1, 439, 1),
(1, 440, 1),
(1, 441, 1),
(1, 442, 1),
(1, 443, 1),
(1, 444, 1),
(1, 445, 1),
(1, 446, 1),
(1, 447, 1),
(1, 448, 1),
(1, 449, 1),
(1, 450, 1),
(1, 451, 1),
(1, 452, 1),
(1, 453, 1),
(1, 454, 1),
(1, 455, 1),
(1, 456, 1),
(1, 457, 1),
(1, 458, 1),
(1, 459, 1),
(1, 460, 1),
(1, 461, 1),
(1, 462, 1),
(1, 463, 1),
(1, 464, 1),
(1, 465, 1),
(1, 466, 1),
(1, 467, 1),
(1, 468, 1),
(1, 469, 1),
(1, 470, 1),
(1, 471, 1),
(1, 472, 1),
(1, 473, 1),
(1, 474, 1),
(1, 475, 1),
(1, 476, 1),
(1, 477, 1),
(1, 478, 1),
(1, 479, 1),
(1, 480, 1),
(1, 481, 1),
(1, 482, 1),
(1, 483, 1),
(1, 484, 1),
(1, 485, 1),
(1, 486, 1),
(1, 487, 1),
(1, 488, 1),
(1, 489, 1),
(1, 490, 1),
(1, 491, 1),
(1, 492, 1),
(1, 493, 1),
(1, 494, 1),
(1, 495, 1),
(1, 496, 1),
(1, 497, 1),
(1, 498, 1),
(1, 499, 1),
(1, 500, 1),
(1, 501, 1),
(1, 502, 1),
(1, 503, 1),
(1, 504, 1),
(1, 505, 1),
(1, 506, 1),
(1, 507, 1),
(1, 508, 1),
(1, 509, 1),
(1, 510, 1),
(1, 511, 1),
(1, 512, 1),
(1, 513, 1),
(1, 514, 1),
(1, 515, 1),
(1, 516, 1),
(1, 517, 1),
(1, 518, 1),
(1, 519, 1),
(1, 520, 1),
(1, 521, 1),
(1, 522, 1),
(1, 523, 1),
(1, 524, 1),
(1, 525, 1),
(1, 526, 1),
(1, 527, 1),
(1, 528, 1),
(1, 529, 1),
(1, 530, 1),
(1, 531, 1),
(1, 532, 1),
(1, 533, 1),
(1, 534, 1),
(1, 535, 1),
(1, 536, 1),
(1, 537, 1),
(1, 538, 1),
(1, 539, 1),
(1, 540, 1),
(1, 541, 1),
(1, 542, 1),
(1, 543, 1),
(1, 544, 1),
(1, 545, 1),
(1, 546, 1),
(1, 547, 1),
(1, 548, 1),
(1, 549, 1),
(1, 550, 1),
(1, 551, 1),
(1, 552, 1),
(1, 553, 1),
(1, 554, 1),
(1, 555, 1),
(1, 556, 1),
(1, 557, 1),
(1, 558, 1),
(1, 559, 1),
(1, 560, 1),
(1, 561, 1),
(1, 562, 1),
(1, 563, 1),
(1, 564, 1),
(1, 565, 1),
(1, 566, 1),
(1, 567, 1),
(1, 568, 1),
(1, 569, 1),
(1, 570, 1),
(1, 571, 1),
(1, 572, 1),
(1, 573, 1),
(1, 574, 1),
(1, 575, 1),
(1, 576, 1),
(1, 577, 1),
(1, 578, 1),
(1, 579, 1),
(1, 580, 1),
(1, 581, 1),
(1, 582, 1),
(1, 583, 1),
(1, 584, 1),
(1, 585, 1),
(1, 586, 1),
(1, 587, 1),
(1, 588, 1),
(1, 589, 1),
(1, 590, 1),
(1, 591, 1),
(1, 592, 1),
(1, 593, 1),
(1, 594, 1),
(1, 595, 1),
(1, 596, 1),
(1, 597, 1),
(1, 598, 1),
(1, 599, 1),
(1, 600, 1),
(1, 601, 1),
(1, 602, 1),
(1, 603, 1),
(1, 604, 1),
(1, 605, 1),
(1, 606, 1),
(1, 607, 1),
(1, 608, 1),
(1, 609, 1),
(1, 610, 1),
(1, 611, 1),
(1, 612, 1),
(1, 613, 1),
(1, 614, 1),
(1, 615, 1),
(1, 616, 1),
(1, 617, 1),
(1, 618, 1),
(1, 619, 1),
(1, 620, 1),
(1, 621, 1),
(1, 622, 1),
(1, 623, 1),
(1, 624, 1),
(1, 625, 1),
(1, 626, 1),
(1, 627, 1),
(1, 628, 1),
(1, 629, 1),
(1, 630, 1),
(1, 631, 1),
(1, 632, 1),
(1, 633, 1),
(1, 634, 1),
(1, 635, 1),
(1, 636, 1),
(1, 637, 1),
(1, 638, 1),
(1, 639, 1),
(1, 640, 1),
(1, 641, 1),
(1, 642, 1),
(1, 643, 1),
(1, 644, 1),
(1, 645, 1),
(1, 646, 1),
(1, 647, 1),
(1, 648, 1),
(1, 649, 1),
(1, 650, 1),
(1, 651, 1),
(1, 652, 1),
(1, 653, 1),
(1, 654, 1),
(1, 655, 1),
(1, 656, 1),
(1, 657, 1),
(1, 658, 1),
(1, 659, 1),
(1, 660, 1),
(2, 29, 1),
(2, 33, 1),
(5, 30, 1),
(17, 41, 1),
(26, 42, 1),
(26, 43, 1),
(26, 44, 1),
(26, 45, 1),
(26, 46, 1),
(27, 48, 1),
(27, 49, 1),
(27, 50, 1),
(27, 51, 1),
(27, 52, 1),
(27, 53, 1),
(28, 48, 1),
(28, 49, 1),
(28, 50, 1),
(28, 51, 1),
(28, 52, 1),
(28, 53, 1),
(29, 54, 1),
(29, 55, 1),
(29, 56, 1),
(29, 57, 1),
(29, 58, 1),
(29, 59, 1),
(29, 60, 1),
(29, 61, 1),
(29, 62, 1),
(29, 63, 1),
(30, 77, 1),
(30, 78, 1),
(30, 79, 1),
(30, 80, 1),
(30, 81, 1),
(30, 82, 1),
(30, 83, 1),
(31, 77, 1),
(31, 78, 1),
(31, 79, 1),
(31, 80, 1),
(31, 81, 1),
(31, 82, 1),
(31, 83, 1),
(32, 91, 1),
(32, 92, 1),
(32, 93, 1),
(32, 94, 1),
(32, 95, 1),
(32, 96, 1),
(32, 97, 1),
(32, 98, 1),
(33, 105, 1),
(33, 106, 1),
(33, 107, 1),
(33, 108, 1),
(33, 109, 1),
(33, 110, 1),
(33, 111, 1),
(33, 112, 1),
(33, 113, 1),
(34, 114, 1),
(34, 115, 1),
(34, 116, 1),
(34, 117, 1),
(34, 118, 1),
(34, 119, 1),
(34, 120, 1),
(34, 121, 1),
(35, 114, 1),
(35, 115, 1),
(35, 116, 1),
(35, 117, 1),
(35, 118, 1),
(35, 119, 1),
(35, 120, 1),
(35, 121, 1),
(36, 154, 1),
(36, 155, 1),
(36, 156, 1),
(36, 157, 1),
(36, 158, 1),
(36, 159, 1),
(36, 160, 1),
(38, 215, 1),
(38, 216, 1),
(38, 217, 1),
(38, 218, 1),
(38, 219, 1),
(39, 227, 1),
(39, 228, 1),
(39, 229, 1),
(39, 230, 1),
(41, 250, 1),
(41, 251, 1),
(41, 252, 1),
(41, 253, 1),
(41, 254, 1),
(41, 255, 1),
(41, 256, 1),
(41, 257, 1),
(41, 258, 1),
(41, 259, 1),
(41, 260, 1),
(42, 261, 1),
(42, 262, 1),
(42, 263, 1),
(42, 264, 1),
(42, 265, 1),
(42, 266, 1),
(43, 331, 1),
(43, 332, 1),
(43, 333, 1),
(43, 334, 1),
(44, 364, 1),
(44, 365, 1),
(44, 366, 1),
(44, 367, 1),
(44, 368, 1),
(44, 369, 1),
(44, 370, 1),
(44, 371, 1);

-- --------------------------------------------------------

--
-- Table structure for table `template_animal_types`
--

CREATE TABLE `template_animal_types` (
  `template_id` int(11) NOT NULL,
  `type_id` int(11) NOT NULL
) ENGINE=InnoDB DEFAULT CHARSET=utf8mb4;

--
-- Dumping data for table `template_animal_types`
--

INSERT INTO `template_animal_types` (`template_id`, `type_id`) VALUES
(28, 1),
(28, 2),
(28, 3),
(28, 8),
(29, 1),
(29, 2),
(29, 3),
(29, 4),
(29, 5),
(30, 1),
(30, 2),
(30, 4),
(30, 5),
(30, 6),
(31, 1),
(31, 2),
(31, 3),
(31, 4),
(31, 5),
(31, 6),
(31, 7),
(31, 8),
(31, 9),
(31, 10),
(31, 11),
(31, 12),
(31, 13),
(31, 16),
(31, 17),
(31, 18),
(33, 1),
(33, 2),
(33, 3),
(33, 4),
(33, 5),
(33, 6),
(33, 7),
(33, 8),
(33, 9),
(33, 10),
(33, 11),
(33, 12),
(33, 13),
(33, 16),
(33, 17),
(33, 18),
(35, 1),
(35, 2),
(35, 3),
(35, 4),
(35, 5),
(35, 6),
(35, 7),
(35, 8),
(35, 9),
(35, 10),
(35, 11),
(35, 12),
(35, 13),
(35, 16),
(35, 17),
(35, 18),
(36, 1),
(36, 2),
(36, 3),
(36, 4),
(36, 5),
(36, 6),
(36, 7),
(36, 8),
(36, 9),
(36, 10),
(36, 11),
(36, 12),
(36, 13),
(36, 16),
(36, 17),
(36, 18),
(37, 1),
(37, 2),
(37, 3),
(37, 4),
(37, 5),
(37, 6),
(37, 7),
(37, 8),
(37, 9),
(37, 10),
(37, 11),
(37, 12),
(37, 13),
(37, 16),
(37, 17),
(37, 18),
(38, 1),
(38, 2),
(38, 3),
(38, 4),
(38, 5),
(38, 6),
(38, 7),
(38, 8),
(38, 9),
(38, 10),
(38, 11),
(38, 12),
(38, 13),
(38, 16),
(38, 17),
(38, 18),
(40, 1),
(40, 2),
(40, 3),
(40, 4),
(40, 5),
(40, 6),
(40, 7),
(40, 8),
(40, 9),
(40, 10),
(40, 11),
(40, 12),
(40, 13),
(40, 16),
(40, 17),
(40, 18),
(41, 1),
(41, 2),
(41, 3),
(41, 4),
(41, 5),
(41, 6),
(41, 7),
(41, 8),
(41, 9),
(41, 10),
(41, 11),
(41, 12),
(41, 13),
(41, 16),
(41, 17),
(41, 18),
(42, 1),
(42, 2),
(42, 3),
(42, 4),
(42, 5),
(42, 6),
(42, 7),
(42, 8),
(42, 9),
(42, 10),
(42, 12),
(42, 13),
(42, 16),
(42, 17),
(42, 18),
(43, 1),
(43, 2),
(43, 3),
(43, 4),
(43, 5),
(43, 6),
(43, 7),
(43, 8),
(43, 9),
(43, 10),
(43, 12),
(43, 13),
(43, 16),
(43, 17),
(43, 18),
(44, 1),
(44, 2),
(44, 3),
(44, 4),
(44, 5),
(44, 6),
(44, 7),
(44, 8),
(44, 9),
(44, 10),
(44, 12),
(44, 13),
(44, 16),
(44, 17),
(44, 18),
(45, 1),
(45, 2),
(45, 3),
(45, 4),
(45, 5),
(45, 6),
(45, 7),
(45, 8),
(45, 9),
(45, 10),
(45, 12),
(45, 13),
(45, 16),
(45, 17),
(45, 18),
(46, 1),
(46, 2),
(46, 3),
(46, 4),
(46, 5),
(46, 6),
(46, 7),
(46, 8),
(46, 9),
(46, 10),
(46, 12),
(46, 13),
(46, 16),
(46, 17),
(46, 18),
(47, 1),
(47, 2),
(47, 3),
(47, 4),
(47, 5),
(47, 6),
(47, 7),
(47, 8),
(47, 9),
(47, 16),
(48, 1),
(48, 2),
(48, 3),
(48, 4),
(48, 5),
(48, 6),
(48, 7),
(48, 8),
(48, 9),
(48, 16),
(49, 1),
(49, 2),
(49, 3),
(49, 4),
(49, 5),
(49, 6),
(49, 7),
(49, 8),
(49, 9),
(49, 10),
(50, 1),
(50, 2),
(50, 3),
(50, 4),
(50, 5),
(50, 6),
(50, 7),
(50, 8),
(50, 9),
(50, 10),
(51, 2),
(51, 3),
(51, 4),
(51, 5),
(51, 6),
(51, 7),
(51, 8),
(51, 9),
(51, 10),
(52, 2),
(52, 3),
(52, 4),
(52, 5),
(52, 6),
(52, 7),
(52, 8),
(52, 9),
(52, 10),
(53, 2),
(53, 3),
(53, 4),
(53, 5),
(53, 6),
(53, 7),
(53, 8),
(53, 9),
(53, 10),
(54, 1),
(54, 2),
(54, 3),
(54, 4),
(54, 5),
(54, 6),
(54, 7),
(54, 8),
(54, 9),
(54, 10),
(54, 16),
(55, 1),
(55, 3),
(55, 4),
(55, 5),
(55, 6),
(55, 7),
(55, 8),
(55, 9),
(55, 10),
(55, 16),
(56, 1),
(56, 2),
(56, 3),
(56, 4),
(56, 5),
(56, 6),
(56, 7),
(56, 8),
(56, 9),
(56, 10),
(56, 16),
(57, 1),
(57, 2),
(57, 3),
(57, 4),
(57, 5),
(57, 6),
(57, 7),
(57, 8),
(57, 9),
(57, 10),
(57, 16),
(57, 17),
(58, 1),
(58, 2),
(58, 3),
(58, 4),
(58, 5),
(58, 6),
(58, 7),
(58, 8),
(58, 9),
(58, 16),
(59, 1),
(59, 2),
(59, 3),
(59, 4),
(59, 5),
(59, 6),
(59, 7),
(59, 8),
(59, 9),
(59, 10),
(59, 16),
(59, 18),
(60, 1),
(60, 2),
(60, 3),
(60, 4),
(60, 5),
(60, 6),
(60, 7),
(60, 8),
(60, 9),
(60, 10),
(60, 16),
(60, 18),
(61, 1),
(61, 2),
(61, 3),
(61, 4),
(61, 5),
(61, 6),
(61, 7),
(61, 8),
(61, 9),
(61, 10),
(61, 16),
(61, 18),
(62, 1),
(62, 2),
(62, 3),
(62, 4),
(62, 5),
(62, 6),
(62, 7),
(62, 8),
(62, 9),
(62, 10),
(62, 16),
(62, 18),
(63, 2),
(63, 3),
(63, 4),
(63, 5),
(63, 6),
(63, 7),
(63, 8),
(63, 9),
(63, 10),
(63, 16),
(63, 18),
(64, 1),
(64, 2),
(64, 3),
(64, 4),
(64, 5),
(64, 6),
(64, 7),
(64, 8),
(64, 9),
(64, 10),
(64, 12),
(64, 13),
(64, 16),
(64, 18),
(65, 1),
(65, 2),
(65, 3),
(65, 4),
(65, 5),
(65, 6),
(65, 7),
(65, 8),
(65, 9),
(65, 10),
(65, 12),
(65, 13),
(65, 16),
(65, 18),
(66, 1),
(66, 2),
(66, 3),
(66, 4),
(66, 5),
(66, 6),
(66, 7),
(66, 8),
(66, 9),
(66, 10),
(66, 12),
(66, 13),
(66, 16),
(66, 18),
(67, 1),
(67, 2),
(67, 3),
(67, 4),
(67, 5),
(67, 6),
(67, 7),
(67, 8),
(67, 9),
(67, 16),
(68, 1),
(68, 2),
(68, 3),
(68, 4),
(68, 5),
(68, 6),
(68, 7),
(68, 8),
(68, 9),
(68, 16),
(69, 1),
(69, 2),
(69, 3),
(69, 4),
(69, 5),
(69, 6),
(69, 7),
(69, 8),
(69, 9),
(69, 10),
(69, 11),
(69, 12),
(69, 16),
(70, 1),
(70, 2),
(70, 3),
(70, 4),
(70, 5),
(70, 6),
(70, 7),
(70, 8),
(70, 9),
(70, 10),
(70, 11),
(70, 12),
(70, 16),
(71, 1),
(71, 2),
(71, 3),
(71, 4),
(71, 5),
(71, 6),
(71, 7),
(71, 8),
(71, 9),
(71, 10),
(71, 11),
(71, 12),
(71, 16),
(72, 1),
(72, 2),
(72, 3),
(72, 4),
(72, 5),
(72, 6),
(72, 7),
(72, 8),
(72, 9),
(72, 10),
(72, 11),
(72, 12),
(72, 13),
(72, 16),
(73, 1),
(73, 2),
(73, 3),
(73, 4),
(73, 5),
(73, 6),
(73, 7),
(73, 8),
(73, 9),
(73, 10),
(73, 11),
(73, 12),
(73, 13),
(73, 16),
(74, 1),
(74, 2),
(74, 3),
(74, 4),
(74, 5),
(74, 6),
(74, 7),
(74, 8),
(74, 9),
(74, 10),
(74, 11),
(74, 12),
(74, 13),
(74, 16),
(75, 1),
(75, 2),
(75, 3),
(75, 4),
(75, 5),
(75, 6),
(75, 7),
(75, 8),
(75, 9),
(75, 10),
(75, 11),
(75, 12),
(75, 13),
(75, 16),
(76, 1),
(76, 2),
(76, 3),
(76, 4),
(76, 5),
(76, 6),
(76, 7),
(76, 8),
(76, 9),
(76, 10),
(76, 11),
(76, 12),
(76, 13),
(76, 16),
(77, 1),
(77, 2),
(77, 3),
(77, 4),
(77, 5),
(77, 6),
(77, 7),
(77, 8),
(77, 9),
(77, 10),
(77, 12),
(77, 13),
(77, 16),
(77, 17),
(77, 18),
(78, 1),
(78, 2),
(78, 3),
(78, 4),
(78, 5),
(78, 6),
(78, 7),
(78, 8),
(78, 9),
(78, 10),
(78, 12),
(78, 13),
(78, 16),
(78, 17),
(78, 18),
(79, 1),
(79, 2),
(79, 3),
(79, 4),
(79, 5),
(79, 6),
(79, 7),
(79, 8),
(79, 9),
(79, 10),
(79, 12),
(79, 13),
(79, 16),
(79, 17),
(79, 18),
(80, 1),
(80, 2),
(80, 3),
(80, 4),
(80, 5),
(80, 6),
(80, 7),
(80, 8),
(80, 9),
(80, 10),
(80, 12),
(80, 13),
(80, 16),
(80, 17),
(80, 18),
(81, 1),
(81, 2),
(81, 3),
(81, 4),
(81, 5),
(81, 6),
(81, 7),
(81, 8),
(81, 9),
(81, 10),
(81, 12),
(81, 13),
(81, 16),
(81, 17),
(81, 18),
(82, 1),
(82, 2),
(82, 3),
(82, 4),
(82, 5),
(82, 6),
(82, 7),
(82, 8),
(82, 9),
(82, 10),
(82, 12),
(82, 13),
(82, 16),
(82, 17),
(82, 18),
(83, 1),
(83, 2),
(83, 3),
(83, 4),
(83, 5),
(83, 6),
(83, 7),
(83, 8),
(83, 9),
(83, 10),
(83, 12),
(83, 13),
(83, 16),
(83, 17),
(83, 18),
(84, 1),
(84, 2),
(84, 3),
(84, 4),
(84, 5),
(84, 6),
(84, 7),
(84, 8),
(84, 9),
(84, 10),
(84, 12),
(84, 16),
(85, 1),
(85, 2),
(85, 3),
(85, 4),
(85, 5),
(85, 6),
(85, 7),
(85, 8),
(85, 9),
(85, 10),
(85, 12),
(85, 16),
(86, 1),
(86, 2),
(86, 3),
(86, 4),
(86, 5),
(86, 6),
(86, 7),
(86, 8),
(86, 9),
(86, 10),
(86, 12),
(86, 16),
(87, 1),
(87, 2),
(87, 3),
(87, 4),
(87, 5),
(87, 6),
(87, 7),
(87, 8),
(87, 9),
(87, 10),
(87, 12),
(87, 16),
(88, 1),
(88, 2),
(88, 3),
(88, 4),
(88, 5),
(88, 6),
(88, 7),
(88, 8),
(88, 9),
(88, 10),
(88, 12),
(88, 16),
(89, 1),
(89, 2),
(89, 3),
(89, 4),
(89, 5),
(89, 6),
(89, 7),
(89, 8),
(89, 9),
(89, 10),
(89, 11),
(89, 12),
(89, 13),
(89, 16),
(90, 1),
(90, 2),
(90, 3),
(90, 4),
(90, 5),
(90, 6),
(90, 7),
(90, 8),
(90, 9),
(90, 10),
(90, 11),
(90, 12),
(90, 13),
(90, 16),
(91, 1),
(91, 2),
(91, 3),
(91, 4),
(91, 5),
(91, 6),
(91, 7),
(91, 8),
(91, 9),
(91, 10),
(91, 12),
(91, 13),
(91, 16),
(91, 17),
(91, 18),
(92, 1),
(92, 2),
(92, 3),
(92, 4),
(92, 5),
(92, 6),
(92, 7),
(92, 8),
(92, 9),
(92, 10),
(92, 12),
(92, 13),
(92, 16),
(92, 17),
(92, 18),
(93, 1),
(93, 2),
(93, 3),
(93, 4),
(93, 5),
(93, 6),
(93, 7),
(93, 8),
(93, 9),
(93, 10),
(93, 12),
(93, 13),
(93, 16),
(93, 17),
(93, 18),
(94, 1),
(94, 2),
(94, 3),
(94, 4),
(94, 5),
(94, 6),
(94, 7),
(94, 8),
(94, 9),
(94, 10),
(94, 12),
(94, 13),
(94, 16),
(94, 17),
(94, 18),
(95, 1),
(95, 2),
(95, 3),
(95, 4),
(95, 5),
(95, 6),
(95, 7),
(95, 8),
(95, 9),
(95, 10),
(95, 12),
(95, 13),
(95, 16),
(95, 17),
(95, 18),
(96, 1),
(96, 2),
(96, 3),
(96, 4),
(96, 5),
(96, 6),
(96, 7),
(96, 8),
(96, 9),
(96, 10),
(96, 12),
(96, 13),
(96, 16),
(96, 17),
(96, 18),
(97, 1),
(97, 2),
(97, 3),
(97, 4),
(97, 5),
(97, 6),
(97, 7),
(97, 8),
(97, 9),
(97, 10),
(97, 12),
(97, 13),
(97, 16),
(97, 17),
(97, 18),
(98, 1),
(98, 2),
(98, 3),
(98, 4),
(98, 5),
(98, 6),
(98, 7),
(98, 8),
(98, 9),
(98, 10),
(98, 12),
(98, 13),
(98, 16),
(98, 17),
(98, 18),
(99, 1),
(99, 2),
(99, 3),
(99, 4),
(99, 5),
(99, 6),
(99, 7),
(99, 8),
(99, 9),
(99, 10),
(99, 12),
(99, 13),
(99, 16),
(99, 17),
(99, 18),
(100, 1),
(100, 2),
(100, 3),
(100, 4),
(100, 5),
(100, 6),
(100, 7),
(100, 8),
(100, 9),
(100, 10),
(100, 12),
(100, 13),
(100, 16),
(100, 17),
(100, 18),
(101, 1),
(101, 2),
(101, 3),
(101, 4),
(101, 5),
(101, 6),
(101, 7),
(101, 8),
(101, 9),
(101, 10),
(101, 12),
(101, 13),
(101, 16),
(101, 17),
(101, 18),
(102, 1),
(102, 2),
(102, 3),
(102, 4),
(102, 5),
(102, 6),
(102, 7),
(102, 8),
(102, 9),
(102, 10),
(102, 12),
(102, 13),
(102, 16),
(102, 17),
(102, 18),
(103, 1),
(103, 2),
(103, 3),
(103, 4),
(103, 5),
(103, 6),
(103, 7),
(103, 8),
(103, 9),
(103, 10),
(103, 12),
(103, 13),
(103, 14),
(103, 16),
(103, 17),
(103, 18),
(104, 1),
(104, 2),
(104, 3),
(104, 4),
(104, 5),
(104, 6),
(104, 7),
(104, 8),
(104, 9),
(104, 10),
(104, 12),
(104, 13),
(104, 14),
(104, 16),
(104, 17),
(104, 18),
(105, 1),
(105, 2),
(105, 3),
(105, 4),
(105, 5),
(105, 6),
(105, 7),
(105, 8),
(105, 9),
(105, 10),
(105, 12),
(105, 13),
(105, 14),
(105, 16),
(105, 17),
(105, 18),
(106, 1),
(106, 2),
(106, 3),
(106, 4),
(106, 5),
(106, 6),
(106, 7),
(106, 8),
(106, 9),
(106, 10),
(106, 12),
(106, 13),
(106, 14),
(106, 16),
(106, 17),
(106, 18),
(107, 1),
(107, 2),
(107, 3),
(107, 4),
(107, 5),
(107, 6),
(107, 7),
(107, 8),
(107, 9),
(107, 10),
(107, 12),
(107, 13),
(107, 14),
(107, 16),
(107, 17),
(107, 18),
(108, 1),
(108, 2),
(108, 3),
(108, 4),
(108, 5),
(108, 6),
(108, 7),
(108, 8),
(108, 9),
(108, 10),
(108, 12),
(108, 13),
(108, 14),
(108, 16),
(108, 17),
(108, 18),
(109, 1),
(109, 2),
(109, 3),
(109, 4),
(109, 5),
(109, 6),
(109, 7),
(109, 8),
(109, 9),
(109, 10),
(109, 12),
(109, 13),
(109, 14),
(109, 16),
(109, 17),
(109, 18),
(110, 1),
(110, 2),
(110, 3),
(110, 4),
(110, 5),
(110, 6),
(110, 7),
(110, 8),
(110, 9),
(110, 10),
(110, 12),
(110, 13),
(110, 14),
(110, 16),
(110, 17),
(110, 18),
(111, 1),
(111, 2),
(111, 3),
(111, 4),
(111, 5),
(111, 6),
(111, 7),
(111, 8),
(111, 9),
(111, 10),
(111, 12),
(111, 13),
(111, 14),
(111, 16),
(111, 17),
(111, 18),
(112, 1),
(112, 2),
(112, 3),
(112, 4),
(112, 5),
(112, 6),
(112, 7),
(112, 8),
(112, 9),
(112, 10),
(112, 12),
(112, 13),
(112, 14),
(112, 16),
(112, 17),
(112, 18),
(113, 1),
(113, 2),
(113, 3),
(113, 4),
(113, 5),
(113, 6),
(113, 7),
(113, 8),
(113, 9),
(113, 10),
(113, 12),
(113, 13),
(113, 14),
(113, 16),
(113, 17),
(113, 18),
(114, 1),
(114, 2),
(114, 3),
(114, 4),
(114, 5),
(114, 6),
(114, 7),
(114, 8),
(114, 9),
(114, 10),
(114, 12),
(114, 13),
(114, 14),
(114, 16),
(114, 17),
(114, 18),
(115, 1),
(115, 2),
(115, 3),
(115, 4),
(115, 5),
(115, 6),
(115, 7),
(115, 8),
(115, 9),
(115, 10),
(115, 12),
(115, 13),
(115, 16),
(115, 17),
(115, 18),
(116, 1),
(116, 2),
(116, 3),
(116, 4),
(116, 5),
(116, 6),
(116, 7),
(116, 8),
(116, 9),
(116, 10),
(116, 12),
(116, 13),
(116, 16),
(116, 17),
(116, 18),
(117, 1),
(117, 2),
(117, 3),
(117, 4),
(117, 5),
(117, 6),
(117, 7),
(117, 8),
(117, 9),
(117, 10),
(117, 12),
(117, 13),
(117, 16),
(117, 17),
(117, 18),
(118, 1),
(118, 2),
(118, 3),
(118, 4),
(118, 5),
(118, 6),
(118, 7),
(118, 8),
(118, 9),
(118, 10),
(118, 12),
(118, 13),
(118, 16),
(118, 17),
(118, 18),
(119, 1),
(119, 2),
(119, 3),
(119, 4),
(119, 5),
(119, 6),
(119, 7),
(119, 8),
(119, 9),
(119, 10),
(119, 12),
(119, 13),
(119, 16),
(119, 17),
(119, 18),
(120, 1),
(120, 2),
(120, 3),
(120, 4),
(120, 5),
(120, 6),
(120, 7),
(120, 8),
(120, 9),
(120, 10),
(120, 12),
(120, 13),
(120, 16),
(120, 17),
(120, 18),
(121, 1),
(121, 2),
(121, 3),
(121, 4),
(121, 5),
(121, 6),
(121, 7),
(121, 8),
(121, 9),
(121, 10),
(121, 12),
(121, 13),
(121, 16),
(121, 17),
(121, 18),
(122, 1),
(122, 2),
(122, 3),
(122, 4),
(122, 5),
(122, 6),
(122, 7),
(122, 8),
(122, 9),
(122, 10),
(122, 12),
(122, 13),
(122, 16),
(122, 17),
(122, 18),
(123, 1),
(123, 2),
(123, 3),
(123, 4),
(123, 5),
(123, 6),
(123, 7),
(123, 8),
(123, 9),
(123, 10),
(123, 12),
(123, 13),
(123, 16),
(123, 17),
(123, 18),
(124, 1),
(124, 2),
(124, 3),
(124, 4),
(124, 5),
(124, 6),
(124, 7),
(124, 8),
(124, 9),
(124, 10),
(124, 12),
(124, 16),
(125, 1),
(125, 2),
(125, 3),
(125, 4),
(125, 5),
(125, 6),
(125, 7),
(125, 8),
(125, 9),
(125, 10),
(125, 11),
(125, 12),
(125, 13),
(125, 16),
(125, 17),
(125, 18),
(126, 1),
(126, 2),
(126, 3),
(126, 4),
(126, 5),
(126, 6),
(126, 7),
(126, 8),
(126, 9),
(126, 10),
(126, 11),
(126, 12),
(126, 13),
(126, 16),
(126, 17),
(126, 18),
(127, 1),
(127, 2),
(127, 3),
(127, 4),
(127, 5),
(127, 6),
(127, 7),
(127, 8),
(127, 9),
(127, 10),
(127, 11),
(127, 12),
(127, 13),
(127, 16),
(127, 17),
(127, 18),
(128, 1),
(128, 2),
(128, 3),
(128, 4),
(128, 5),
(128, 6),
(128, 7),
(128, 8),
(128, 9),
(128, 10),
(128, 11),
(128, 12),
(128, 13),
(128, 16),
(128, 17),
(128, 18),
(129, 1),
(129, 2),
(129, 3),
(129, 4),
(129, 5),
(129, 6),
(129, 7),
(129, 8),
(129, 9),
(129, 10),
(129, 12),
(129, 13),
(129, 16),
(129, 17),
(129, 18),
(130, 1),
(130, 2),
(130, 3),
(130, 4),
(130, 5),
(130, 6),
(130, 7),
(130, 8),
(130, 9),
(130, 10),
(130, 12),
(130, 13),
(130, 16),
(130, 17),
(130, 18),
(131, 1),
(131, 2),
(131, 3),
(131, 4),
(131, 5),
(131, 6),
(131, 7),
(131, 8),
(131, 9),
(131, 10),
(131, 12),
(131, 13),
(131, 16),
(131, 17),
(131, 18),
(132, 1),
(132, 4),
(132, 7),
(132, 10),
(132, 16),
(133, 1),
(133, 4),
(133, 7),
(133, 10),
(133, 16),
(134, 1),
(134, 4),
(134, 7),
(134, 10),
(134, 16),
(135, 1),
(135, 4),
(135, 7),
(135, 10),
(135, 16),
(136, 1),
(136, 4),
(136, 7),
(136, 10),
(136, 16),
(137, 1),
(137, 4),
(137, 7),
(137, 10),
(137, 16),
(138, 1),
(138, 2),
(138, 3),
(138, 4),
(138, 10),
(138, 16),
(139, 1),
(139, 2),
(139, 3),
(139, 4),
(139, 10),
(139, 16),
(140, 1),
(140, 2),
(140, 3),
(140, 4),
(140, 10),
(140, 16),
(141, 1),
(141, 2),
(141, 3),
(141, 4),
(141, 10),
(141, 16),
(142, 1),
(142, 2),
(142, 3),
(142, 4),
(142, 5),
(142, 6),
(142, 7),
(142, 8),
(142, 9),
(142, 10),
(142, 11),
(142, 12),
(142, 13),
(142, 16),
(142, 17),
(142, 18),
(143, 1),
(143, 2),
(143, 3),
(143, 4),
(143, 5),
(143, 6),
(143, 7),
(143, 8),
(143, 9),
(143, 10),
(143, 11),
(143, 12),
(143, 13),
(143, 16),
(143, 17),
(143, 18),
(144, 1),
(144, 2),
(144, 3),
(144, 4),
(144, 5),
(144, 6),
(144, 7),
(144, 8),
(144, 9),
(144, 10),
(144, 11),
(144, 12),
(144, 13),
(144, 16),
(144, 17),
(144, 18),
(145, 1),
(145, 2),
(145, 3),
(145, 4),
(145, 5),
(145, 6),
(145, 7),
(145, 8),
(145, 9),
(145, 10),
(145, 11),
(145, 12),
(145, 13),
(145, 16),
(145, 17),
(145, 18),
(146, 1),
(146, 2),
(146, 3),
(146, 4),
(146, 5),
(146, 6),
(146, 7),
(146, 8),
(146, 9),
(146, 10),
(146, 11),
(146, 12),
(146, 13),
(146, 16),
(146, 17),
(146, 18),
(147, 1),
(147, 2),
(147, 3),
(147, 4),
(147, 5),
(147, 6),
(147, 7),
(147, 8),
(147, 9),
(147, 10),
(147, 11),
(147, 12),
(147, 13),
(147, 16),
(147, 17),
(147, 18),
(148, 5),
(148, 7),
(149, 5),
(149, 7),
(150, 5),
(150, 7),
(151, 5),
(151, 7),
(152, 5),
(152, 7),
(153, 5),
(153, 7),
(154, 1),
(154, 2),
(154, 3),
(154, 4),
(154, 7),
(154, 10),
(154, 16),
(155, 1),
(155, 2),
(155, 3),
(155, 4),
(155, 7),
(155, 10),
(155, 16),
(156, 5),
(156, 7),
(157, 1),
(157, 2),
(157, 3),
(157, 4),
(157, 7),
(157, 10),
(157, 16),
(158, 1),
(158, 2),
(158, 3),
(158, 4),
(158, 7),
(158, 10),
(158, 16),
(159, 1),
(159, 2),
(159, 3),
(159, 4),
(159, 7),
(159, 10),
(159, 16),
(160, 1),
(160, 2),
(160, 3),
(160, 4),
(160, 7),
(160, 10),
(160, 16),
(161, 1),
(161, 2),
(161, 3),
(161, 4),
(161, 5),
(161, 6),
(161, 7),
(161, 8),
(161, 9),
(161, 10),
(161, 12),
(161, 13),
(161, 16),
(161, 18),
(162, 1),
(162, 2),
(162, 3),
(162, 4),
(162, 5),
(162, 6),
(162, 7),
(162, 8),
(162, 9),
(162, 10),
(162, 12),
(162, 13),
(162, 16),
(162, 17),
(162, 18),
(163, 1),
(163, 2),
(163, 3),
(163, 4),
(163, 5),
(163, 6),
(163, 7),
(163, 8),
(163, 9),
(163, 10),
(163, 12),
(163, 13),
(163, 16),
(163, 17),
(163, 18),
(164, 1),
(164, 2),
(164, 3),
(164, 4),
(164, 5),
(164, 6),
(164, 7),
(164, 8),
(164, 9),
(164, 10),
(164, 12),
(164, 13),
(164, 16),
(164, 17),
(164, 18),
(165, 1),
(165, 2),
(165, 3),
(165, 4),
(165, 5),
(165, 6),
(165, 7),
(165, 8),
(165, 9),
(165, 10),
(165, 12),
(165, 13),
(165, 16),
(165, 17),
(165, 18),
(166, 1),
(166, 2),
(166, 3),
(166, 4),
(166, 5),
(166, 6),
(166, 7),
(166, 8),
(166, 9),
(166, 10),
(166, 12),
(166, 13),
(166, 16),
(166, 17),
(166, 18),
(167, 1),
(168, 1),
(169, 1),
(170, 1),
(171, 1),
(172, 1),
(173, 1),
(174, 1),
(175, 1),
(176, 1),
(177, 1),
(178, 1),
(179, 1),
(179, 16),
(180, 1),
(180, 16),
(181, 1),
(181, 16),
(182, 1),
(182, 16),
(183, 1),
(183, 16),
(184, 1),
(184, 16),
(185, 1),
(185, 16),
(186, 1),
(186, 2),
(186, 3),
(186, 4),
(186, 7),
(186, 10),
(186, 16),
(187, 1),
(187, 2),
(187, 3),
(187, 4),
(187, 5),
(187, 6),
(187, 7),
(187, 8),
(187, 9),
(187, 10),
(187, 11),
(187, 12),
(187, 13),
(187, 16),
(187, 17),
(187, 18),
(188, 1),
(188, 2),
(188, 3),
(188, 4),
(188, 5),
(188, 6),
(188, 7),
(188, 8),
(188, 9),
(188, 10),
(188, 11),
(188, 12),
(188, 13),
(188, 16),
(188, 17),
(188, 18),
(189, 1),
(189, 2),
(189, 3),
(189, 4),
(189, 5),
(189, 6),
(189, 7),
(189, 8),
(189, 9),
(189, 10),
(189, 11),
(189, 12),
(189, 13),
(189, 16),
(189, 17),
(189, 18),
(190, 1),
(190, 2),
(190, 3),
(190, 4),
(190, 5),
(190, 6),
(190, 7),
(190, 8),
(190, 9),
(190, 10),
(190, 11),
(190, 12),
(190, 13),
(190, 16),
(190, 17),
(190, 18),
(191, 1),
(191, 2),
(191, 3),
(191, 4),
(191, 5),
(191, 6),
(191, 7),
(191, 8),
(191, 9),
(191, 10),
(191, 11),
(191, 12),
(191, 13),
(191, 16),
(191, 17),
(191, 18),
(192, 1),
(192, 2),
(192, 3),
(192, 4),
(192, 5),
(192, 6),
(192, 7),
(192, 8),
(192, 9),
(192, 10),
(192, 11),
(192, 12),
(192, 13),
(192, 16),
(192, 17),
(192, 18),
(193, 1),
(193, 2),
(193, 3),
(193, 4),
(193, 5),
(193, 6),
(193, 7),
(193, 8),
(193, 9),
(193, 10),
(193, 11),
(193, 12),
(193, 13),
(193, 16),
(193, 17),
(193, 18),
(194, 1),
(194, 2),
(194, 3),
(194, 4),
(194, 5),
(194, 6),
(194, 7),
(194, 8),
(194, 9),
(194, 10),
(194, 11),
(194, 12),
(194, 13),
(194, 16),
(194, 17),
(194, 18),
(195, 1),
(196, 1),
(197, 1),
(198, 1),
(199, 1),
(200, 1),
(201, 1),
(202, 1),
(203, 1),
(204, 1),
(205, 1),
(206, 1),
(207, 1),
(208, 1),
(209, 1),
(210, 1),
(211, 1),
(212, 1),
(213, 1),
(214, 1),
(215, 1),
(216, 1),
(217, 1),
(218, 1),
(219, 1),
(220, 1),
(221, 1),
(222, 1),
(223, 1),
(224, 1),
(225, 1),
(226, 1),
(227, 1),
(228, 1),
(229, 1),
(230, 1),
(231, 1),
(231, 2),
(231, 3),
(231, 4),
(231, 5),
(231, 6),
(231, 7),
(231, 8),
(231, 9),
(231, 10),
(231, 12),
(231, 13),
(231, 16),
(231, 17),
(232, 1),
(232, 2),
(232, 3),
(232, 4),
(232, 5),
(232, 6),
(232, 7),
(232, 8),
(232, 9),
(232, 10),
(232, 12),
(232, 13),
(232, 16),
(232, 17),
(233, 1),
(233, 2),
(233, 3),
(233, 4),
(233, 5),
(233, 6),
(233, 7),
(233, 8),
(233, 9),
(233, 10),
(233, 12),
(233, 13),
(233, 16),
(233, 17),
(234, 1),
(234, 2),
(234, 3),
(234, 4),
(234, 5),
(234, 6),
(234, 7),
(234, 8),
(234, 9),
(234, 10),
(234, 12),
(234, 13),
(234, 16),
(234, 17),
(235, 1),
(235, 2),
(235, 3),
(235, 4),
(235, 5),
(235, 6),
(235, 7),
(235, 8),
(235, 9),
(235, 10),
(235, 12),
(235, 13),
(235, 16),
(235, 17),
(236, 1),
(236, 2),
(236, 3),
(236, 4),
(236, 5),
(236, 6),
(236, 7),
(236, 8),
(236, 9),
(236, 10),
(236, 12),
(236, 13),
(236, 16),
(236, 17),
(237, 1),
(237, 2),
(237, 3),
(237, 4),
(237, 5),
(237, 6),
(237, 7),
(237, 8),
(237, 9),
(237, 10),
(237, 12),
(237, 13),
(237, 16),
(237, 17),
(238, 1),
(238, 2),
(238, 3),
(238, 4),
(238, 5),
(238, 6),
(238, 7),
(238, 8),
(238, 9),
(238, 10),
(238, 12),
(238, 13),
(238, 16),
(238, 17),
(239, 1),
(239, 2),
(239, 3),
(239, 4),
(239, 5),
(239, 6),
(239, 7),
(239, 8),
(239, 9),
(239, 10),
(239, 12),
(239, 13),
(239, 16),
(239, 17),
(240, 1),
(240, 2),
(240, 3),
(240, 4),
(240, 5),
(240, 6),
(240, 7),
(240, 8),
(240, 9),
(240, 10),
(240, 12),
(240, 13),
(240, 16),
(240, 17),
(241, 1),
(242, 1),
(243, 1),
(244, 1),
(245, 1),
(246, 1),
(247, 1),
(248, 1),
(249, 1),
(250, 1),
(251, 1),
(252, 1),
(253, 1),
(254, 1),
(255, 1),
(256, 1),
(257, 1),
(258, 1),
(259, 1),
(260, 1),
(261, 1),
(262, 1),
(263, 1),
(264, 1),
(265, 1),
(266, 1),
(267, 5),
(268, 5),
(269, 5),
(270, 5),
(271, 5),
(272, 5),
(273, 5),
(274, 5),
(275, 5),
(276, 5),
(277, 5),
(278, 5),
(279, 5),
(280, 5),
(281, 5),
(282, 5),
(283, 5),
(284, 5),
(285, 5),
(286, 5),
(287, 5),
(288, 5),
(289, 5),
(290, 5),
(291, 5),
(292, 5),
(293, 5),
(294, 5),
(295, 5),
(296, 5),
(297, 5),
(298, 5),
(299, 5),
(300, 5),
(301, 5),
(302, 5),
(303, 5),
(304, 5),
(305, 5),
(306, 5),
(307, 5),
(308, 5),
(309, 5),
(310, 5),
(311, 5),
(312, 5),
(313, 5),
(314, 5),
(315, 5),
(316, 5),
(317, 5),
(318, 5),
(319, 5),
(320, 5),
(321, 5),
(322, 5),
(323, 5),
(324, 5),
(325, 5),
(326, 5),
(327, 2),
(327, 3),
(328, 2),
(328, 3),
(329, 2),
(329, 3),
(330, 2),
(330, 3),
(331, 2),
(331, 3),
(332, 2),
(332, 3),
(333, 2),
(333, 3),
(334, 2),
(334, 3),
(335, 2),
(335, 3),
(336, 2),
(336, 3),
(337, 2),
(337, 3),
(338, 2),
(338, 3),
(339, 2),
(339, 3),
(340, 2),
(340, 3),
(341, 2),
(341, 3),
(342, 2),
(342, 3),
(343, 2),
(343, 3),
(344, 2),
(344, 3),
(345, 2),
(345, 3),
(346, 2),
(346, 3),
(347, 2),
(347, 3),
(348, 2),
(348, 3),
(349, 2),
(349, 3),
(350, 2),
(350, 3),
(351, 2),
(351, 3),
(352, 2),
(352, 3),
(353, 2),
(353, 3),
(354, 2),
(354, 3),
(355, 2),
(355, 3),
(356, 2),
(356, 3),
(357, 2),
(357, 3),
(358, 2),
(358, 3),
(359, 2),
(359, 3),
(360, 2),
(361, 2),
(362, 2),
(363, 2),
(364, 2),
(364, 3),
(365, 2),
(365, 3),
(366, 2),
(366, 3),
(367, 2),
(367, 3),
(368, 2),
(368, 3),
(369, 2),
(369, 3),
(370, 2),
(370, 3),
(371, 2),
(371, 3),
(372, 2),
(372, 3),
(373, 2),
(373, 3),
(374, 2),
(374, 3),
(375, 2),
(375, 3),
(376, 2),
(376, 3),
(377, 2),
(377, 3),
(378, 2),
(378, 3),
(379, 2),
(379, 3),
(380, 2),
(380, 3),
(381, 2),
(381, 3),
(382, 2),
(382, 3),
(383, 2),
(383, 3),
(384, 2),
(384, 3),
(385, 1),
(385, 2),
(385, 3),
(385, 4),
(385, 5),
(385, 6),
(385, 7),
(385, 8),
(385, 9),
(385, 10),
(385, 11),
(385, 12),
(385, 13),
(385, 16),
(385, 17),
(385, 18),
(386, 1),
(386, 2),
(386, 3),
(386, 4),
(386, 5),
(386, 6),
(386, 7),
(386, 8),
(386, 9),
(386, 10),
(386, 11),
(386, 12),
(386, 13),
(386, 16),
(386, 17),
(386, 18),
(387, 1),
(387, 2),
(387, 3),
(387, 4),
(387, 5),
(387, 6),
(387, 7),
(387, 8),
(387, 9),
(387, 10),
(387, 11),
(387, 12),
(387, 13),
(387, 16),
(387, 17),
(387, 18),
(388, 1),
(388, 2),
(388, 3),
(388, 4),
(388, 5),
(388, 6),
(388, 7),
(388, 8),
(388, 9),
(388, 10),
(388, 11),
(388, 12),
(388, 13),
(388, 16),
(388, 17),
(388, 18),
(389, 1),
(389, 2),
(389, 3),
(389, 4),
(389, 5),
(389, 6),
(389, 7),
(389, 8),
(389, 9),
(389, 10),
(389, 11),
(389, 12),
(389, 13),
(389, 16),
(389, 17),
(389, 18),
(390, 1),
(390, 2),
(390, 3),
(390, 4),
(390, 5),
(390, 6),
(390, 7),
(390, 8),
(390, 9),
(390, 10),
(390, 11),
(390, 12),
(390, 13),
(390, 16),
(390, 17),
(390, 18),
(391, 1),
(391, 2),
(391, 3),
(391, 4),
(391, 5),
(391, 6),
(391, 7),
(391, 8),
(391, 9),
(391, 10),
(391, 11),
(391, 12),
(391, 13),
(391, 16),
(391, 17),
(391, 18),
(392, 1),
(392, 2),
(392, 3),
(392, 4),
(392, 5),
(392, 6),
(392, 7),
(392, 8),
(392, 9),
(392, 10),
(392, 11),
(392, 12),
(392, 13),
(392, 16),
(392, 17),
(392, 18),
(393, 1),
(393, 2),
(393, 3),
(393, 4),
(393, 5),
(393, 6),
(393, 7),
(393, 8),
(393, 9),
(393, 10),
(393, 11),
(393, 12),
(393, 13),
(393, 16),
(393, 17),
(393, 18),
(394, 2),
(394, 3),
(395, 2),
(395, 3),
(396, 2),
(396, 3),
(397, 2),
(397, 3),
(398, 2),
(398, 3),
(399, 2),
(399, 3),
(400, 2),
(400, 3),
(401, 2),
(401, 3),
(402, 2),
(402, 3),
(403, 2),
(403, 3),
(404, 2),
(404, 3),
(405, 2),
(405, 3),
(406, 2),
(406, 3),
(407, 2),
(407, 3),
(408, 2),
(408, 3),
(409, 2),
(409, 3),
(410, 2),
(410, 3),
(411, 2),
(411, 3),
(412, 7),
(413, 7),
(414, 7),
(415, 7),
(416, 7),
(417, 7),
(418, 7),
(419, 7),
(420, 7),
(421, 7),
(422, 7),
(423, 7),
(424, 7),
(425, 7),
(426, 7),
(427, 7),
(428, 7),
(429, 7),
(430, 7),
(431, 7),
(432, 7),
(433, 7),
(434, 7),
(435, 7),
(436, 7),
(437, 7),
(438, 7),
(439, 7),
(440, 7),
(441, 7),
(442, 7),
(443, 7),
(444, 7),
(445, 7),
(446, 7),
(447, 7),
(448, 7),
(449, 7),
(450, 7),
(451, 7),
(452, 7),
(453, 7),
(454, 7),
(455, 7),
(456, 7),
(457, 7),
(458, 7),
(459, 7),
(460, 7),
(461, 7),
(462, 7),
(463, 7),
(464, 7),
(465, 7),
(466, 7),
(467, 7),
(468, 7),
(469, 7),
(470, 7),
(471, 7),
(472, 7),
(473, 7),
(474, 7),
(475, 7),
(476, 7),
(477, 7),
(478, 1),
(478, 2),
(478, 3),
(478, 4),
(478, 5),
(478, 6),
(478, 7),
(478, 8),
(478, 9),
(478, 10),
(478, 12),
(478, 13),
(478, 14),
(478, 15),
(478, 16),
(478, 17),
(478, 18),
(479, 1),
(479, 2),
(479, 3),
(479, 4),
(479, 5),
(479, 6),
(479, 7),
(479, 8),
(479, 9),
(479, 10),
(479, 12),
(479, 13),
(479, 14),
(479, 15),
(479, 16),
(479, 17),
(479, 18),
(480, 1),
(480, 2),
(480, 3),
(480, 4),
(480, 5),
(480, 6),
(480, 7),
(480, 8),
(480, 9),
(480, 10),
(480, 12),
(480, 13),
(480, 14),
(480, 15),
(480, 16),
(480, 17),
(480, 18),
(481, 1),
(481, 2),
(481, 3),
(481, 4),
(481, 5),
(481, 6),
(481, 7),
(481, 8),
(481, 9),
(481, 10),
(481, 12),
(481, 13),
(481, 14),
(481, 15),
(481, 16),
(481, 17),
(481, 18),
(482, 1),
(482, 2),
(482, 3),
(482, 4),
(482, 5),
(482, 6),
(482, 7),
(482, 8),
(482, 9),
(482, 10),
(482, 12),
(482, 13),
(482, 14),
(482, 15),
(482, 16),
(482, 17),
(482, 18),
(483, 1),
(483, 2),
(483, 3),
(483, 4),
(483, 5),
(483, 6),
(483, 7),
(483, 8),
(483, 9),
(483, 10),
(483, 12),
(483, 13),
(483, 14),
(483, 15),
(483, 16),
(483, 17),
(483, 18),
(484, 4),
(485, 4),
(486, 4),
(487, 4),
(488, 4),
(489, 4),
(490, 4),
(491, 12),
(491, 13),
(492, 12),
(492, 13),
(493, 12),
(493, 13),
(494, 12),
(494, 13),
(495, 12),
(495, 13),
(496, 12),
(496, 13),
(497, 12),
(497, 13),
(498, 12),
(498, 13),
(499, 12),
(499, 13),
(500, 12),
(500, 13),
(501, 8),
(501, 12),
(501, 13),
(501, 17),
(502, 8),
(502, 12),
(502, 13),
(502, 17),
(503, 8),
(503, 12),
(503, 13),
(503, 17),
(504, 8),
(504, 12),
(504, 13),
(504, 17),
(505, 8),
(505, 12),
(505, 13),
(505, 17),
(506, 8),
(506, 12),
(506, 13),
(506, 17),
(507, 13),
(508, 13),
(509, 13),
(510, 13),
(511, 13),
(512, 13),
(513, 13),
(514, 13),
(515, 13),
(516, 13),
(517, 13),
(518, 13),
(519, 13),
(520, 13),
(521, 11),
(522, 11),
(523, 11),
(524, 11),
(525, 11),
(526, 11),
(527, 11),
(528, 11),
(529, 11),
(530, 11),
(531, 11),
(532, 11),
(533, 11),
(534, 11),
(535, 11),
(536, 11),
(537, 11),
(538, 11),
(539, 11),
(540, 11),
(541, 11),
(542, 11),
(543, 11),
(544, 11),
(545, 11),
(546, 11),
(547, 11),
(548, 11),
(549, 11),
(550, 11),
(551, 11),
(552, 11),
(553, 11),
(554, 11),
(555, 11),
(556, 11),
(557, 11),
(558, 11),
(559, 11),
(560, 11),
(561, 11),
(562, 11),
(563, 11),
(564, 11),
(565, 11),
(566, 11),
(567, 11),
(568, 11),
(569, 11),
(570, 11),
(571, 11),
(572, 11),
(573, 11),
(574, 11),
(575, 11),
(576, 11),
(577, 11),
(578, 11),
(579, 11),
(580, 11),
(581, 11),
(582, 11),
(583, 11),
(584, 11),
(585, 11),
(586, 11),
(587, 11),
(588, 11),
(589, 11),
(590, 11),
(591, 11),
(592, 11),
(593, 11),
(594, 11),
(595, 11),
(596, 11),
(597, 11),
(598, 11),
(599, 11),
(600, 11),
(601, 11),
(602, 11),
(603, 11),
(604, 11),
(605, 11),
(606, 11),
(607, 11),
(608, 11),
(609, 11),
(610, 11),
(611, 14),
(611, 20),
(611, 21),
(611, 22),
(612, 14),
(612, 20),
(612, 21),
(612, 22),
(613, 14),
(613, 20),
(613, 21),
(613, 22),
(614, 14),
(614, 20),
(614, 21),
(614, 22),
(615, 14),
(615, 20),
(615, 21),
(615, 22),
(616, 14),
(616, 20),
(616, 21),
(616, 22),
(617, 14),
(617, 20),
(617, 21),
(617, 22),
(618, 15),
(619, 15),
(620, 15),
(621, 15),
(622, 15),
(623, 15),
(624, 15),
(625, 15),
(626, 15),
(627, 15),
(628, 15),
(629, 15),
(630, 15),
(631, 15),
(632, 15),
(633, 15),
(634, 1),
(634, 2),
(634, 3),
(634, 4),
(634, 5),
(634, 6),
(634, 7),
(634, 8),
(634, 9),
(634, 10),
(634, 11),
(634, 12),
(634, 13),
(634, 16),
(634, 17),
(634, 18),
(635, 1),
(635, 2),
(635, 3),
(635, 4),
(635, 5),
(635, 6),
(635, 7),
(635, 8),
(635, 9),
(635, 10),
(635, 11),
(635, 12),
(635, 13),
(635, 16),
(635, 17),
(635, 18),
(636, 1),
(636, 2),
(636, 3),
(636, 4),
(636, 5),
(636, 6),
(636, 7),
(636, 8),
(636, 9),
(636, 10),
(636, 11),
(636, 12),
(636, 13),
(636, 16),
(636, 17),
(636, 18),
(637, 1),
(637, 2),
(637, 3),
(637, 4),
(637, 5),
(637, 6),
(637, 7),
(637, 8),
(637, 9),
(637, 10),
(637, 11),
(637, 12),
(637, 13),
(637, 16),
(637, 17),
(637, 18),
(638, 1),
(638, 2),
(638, 3),
(638, 4),
(638, 5),
(638, 6),
(638, 7),
(638, 8),
(638, 9),
(638, 10),
(638, 11),
(638, 12),
(638, 13),
(638, 16),
(638, 17),
(638, 18),
(639, 1),
(639, 2),
(639, 3),
(639, 4),
(639, 5),
(639, 6),
(639, 7),
(639, 8),
(639, 9),
(639, 10),
(639, 11),
(639, 12),
(639, 13),
(639, 16),
(639, 17),
(639, 18),
(640, 1),
(640, 2),
(640, 3),
(640, 4),
(640, 5),
(640, 6),
(640, 7),
(640, 8),
(640, 9),
(640, 10),
(640, 11),
(640, 12),
(640, 13),
(640, 16),
(640, 17),
(640, 18),
(641, 1),
(641, 2),
(641, 3),
(641, 4),
(641, 5),
(641, 6),
(641, 7),
(641, 8),
(641, 9),
(641, 10),
(641, 11),
(641, 12),
(641, 13),
(641, 16),
(641, 17),
(641, 18),
(642, 1),
(642, 2),
(642, 3),
(642, 4),
(642, 5),
(642, 6),
(642, 7),
(642, 8),
(642, 9),
(642, 10),
(642, 11),
(642, 12),
(642, 13),
(642, 16),
(642, 17),
(642, 18),
(643, 1),
(643, 2),
(643, 3),
(643, 4),
(643, 5),
(643, 6),
(643, 7),
(643, 8),
(643, 9),
(643, 10),
(643, 11),
(643, 12),
(643, 13),
(643, 16),
(643, 17),
(643, 18),
(644, 1),
(644, 2),
(644, 3),
(644, 4),
(644, 5),
(644, 6),
(644, 7),
(644, 8),
(644, 9),
(644, 10),
(644, 11),
(644, 12),
(644, 13),
(644, 16),
(644, 17),
(644, 18),
(645, 1),
(645, 2),
(645, 3),
(645, 4),
(645, 5),
(645, 6),
(645, 7),
(645, 8),
(645, 9),
(645, 10),
(645, 11),
(645, 12),
(645, 13),
(645, 16),
(645, 17),
(645, 18),
(646, 1),
(646, 2),
(646, 3),
(646, 4),
(646, 5),
(646, 6),
(646, 7),
(646, 8),
(646, 9),
(646, 10),
(646, 11),
(646, 12),
(646, 13),
(646, 16),
(646, 17),
(646, 18),
(647, 1),
(647, 2),
(647, 3),
(647, 4),
(647, 5),
(647, 6),
(647, 7),
(647, 8),
(647, 9),
(647, 10),
(647, 11),
(647, 12),
(647, 13),
(647, 16),
(647, 17),
(647, 18),
(648, 1),
(648, 2),
(648, 3),
(648, 4),
(648, 5),
(648, 6),
(648, 7),
(648, 8),
(648, 9),
(648, 10),
(648, 11),
(648, 12),
(648, 13),
(648, 16),
(648, 17),
(648, 18),
(649, 1),
(649, 2),
(649, 3),
(649, 4),
(649, 5),
(649, 6),
(649, 7),
(649, 8),
(649, 9),
(649, 10),
(649, 11),
(649, 12),
(649, 13),
(649, 16),
(649, 17),
(649, 18),
(650, 1),
(650, 2),
(650, 3),
(650, 4),
(650, 5),
(650, 6),
(650, 7),
(650, 8),
(650, 9),
(650, 10),
(650, 11),
(650, 12),
(650, 13),
(650, 16),
(650, 17),
(650, 18),
(651, 1),
(651, 2),
(651, 3),
(651, 4),
(651, 5),
(651, 6),
(651, 7),
(651, 8),
(651, 9),
(651, 10),
(651, 11),
(651, 12),
(651, 13),
(651, 16),
(651, 17),
(651, 18),
(652, 1),
(652, 2),
(652, 3),
(652, 4),
(652, 5),
(652, 6),
(652, 7),
(652, 8),
(652, 9),
(652, 10),
(652, 11),
(652, 12),
(652, 13),
(652, 16),
(652, 17),
(652, 18),
(653, 1),
(653, 2),
(653, 3),
(653, 4),
(653, 5),
(653, 6),
(653, 7),
(653, 8),
(653, 9),
(653, 10),
(653, 11),
(653, 12),
(653, 13),
(653, 16),
(653, 17),
(653, 18),
(654, 1),
(654, 2),
(654, 3),
(654, 4),
(654, 5),
(654, 6),
(654, 7),
(654, 8),
(654, 9),
(654, 10),
(654, 11),
(654, 12),
(654, 13),
(654, 16),
(654, 17),
(654, 18),
(655, 1),
(655, 2),
(655, 3),
(655, 4),
(655, 5),
(655, 6),
(655, 7),
(655, 8),
(655, 9),
(655, 10),
(655, 11),
(655, 12),
(655, 13),
(655, 16),
(655, 17),
(655, 18),
(656, 1),
(656, 2),
(656, 3),
(656, 4),
(656, 5),
(656, 6),
(656, 7),
(656, 8),
(656, 9),
(656, 10),
(656, 11),
(656, 12),
(656, 13),
(656, 16),
(656, 17),
(656, 18),
(657, 1),
(657, 2),
(657, 3),
(657, 4),
(657, 5),
(657, 6),
(657, 7),
(657, 8),
(657, 9),
(657, 10),
(657, 11),
(657, 12),
(657, 13),
(657, 16),
(657, 17),
(657, 18),
(658, 1),
(658, 2),
(658, 3),
(658, 4),
(658, 5),
(658, 6),
(658, 7),
(658, 8),
(658, 9),
(658, 10),
(658, 11),
(658, 12),
(658, 13),
(658, 16),
(658, 17),
(658, 18),
(659, 1),
(659, 2),
(659, 3),
(659, 4),
(659, 5),
(659, 6),
(659, 7),
(659, 8),
(659, 9),
(659, 10),
(659, 11),
(659, 12),
(659, 13),
(659, 16),
(659, 17),
(659, 18),
(660, 1),
(660, 2),
(660, 3),
(660, 4),
(660, 5),
(660, 6),
(660, 7),
(660, 8),
(660, 9),
(660, 10),
(660, 11),
(660, 12),
(660, 13),
(660, 16),
(660, 17),
(660, 18),
(661, 1),
(661, 4),
(661, 6);

-- --------------------------------------------------------

--
-- Table structure for table `template_food`
--

CREATE TABLE `template_food` (
  `id` int(11) NOT NULL,
  `category_id` int(11) DEFAULT NULL,
  `food_id` int(11) DEFAULT NULL,
  `group_id` int(11) DEFAULT NULL,
  `name_ru` varchar(255) DEFAULT NULL,
  `name_uz` varchar(255) DEFAULT NULL,
  `unit_id` int(11) DEFAULT NULL,
  `min_1` varchar(255) DEFAULT NULL,
  `min_2` varchar(255) DEFAULT NULL,
  `max_1` varchar(255) DEFAULT NULL,
  `max_2` varchar(255) DEFAULT NULL
) ENGINE=InnoDB DEFAULT CHARSET=utf8mb4;

--
-- Dumping data for table `template_food`
--

INSERT INTO `template_food` (`id`, `category_id`, `food_id`, `group_id`, `name_ru`, `name_uz`, `unit_id`, `min_1`, `min_2`, `max_1`, `max_2`) VALUES
(1, 1, 1, 1, 'свинец', 'qo\'rg\'oshin', 9, '0', NULL, '0.5', NULL),
(2, 1, 1, 1, 'мышьяк', 'mishyak', 9, '0', NULL, '0.1', NULL),
(3, 1, 1, 1, 'кадмий', 'kadmiy', 9, '0', NULL, '0.05', NULL),
(4, 1, 1, 1, 'ртуть', 'simob', 9, '0', NULL, '0.03', NULL),
(5, 1, 1, 1, 'цинк', 'ruh', 9, '0', NULL, '70', NULL),
(6, 1, 1, 1, 'медь', 'mis', 9, '0', NULL, '5', NULL),
(7, 1, 1, 3, 'гексахлорциклогексан (α, ß, γ-изомеры)', 'geksaxlorotsiklogeksan (a, ß, g-izomerlar)', 9, '0', NULL, '0.1', NULL),
(8, 1, 1, 3, 'ДДТ и его метаболиты', 'DDT va uning metabolitlari', 9, '0', NULL, '0.1', NULL),
(9, 1, 1, 4, 'цезий-137', 'seziy-137', 9, '0', NULL, '160', NULL),
(10, 1, 1, 4, 'стронций-90', 'stronsiy-90', 9, '0', NULL, '200', NULL),
(11, 1, 1, 5, 'Левомицетин', 'Levomisetin', 9, '0', NULL, '0.01', NULL),
(12, 1, 1, 5, 'Тетрациклиновая группа', 'Tetrasiklin guruhi', 9, '0', NULL, '0', NULL),
(13, 1, 1, 5, 'Гризин', 'Grizin', 9, '0', NULL, '0', NULL),
(14, 1, 1, 5, 'Бацитрацин', 'Basitrasin', 9, '0', NULL, '0', NULL),
(15, 1, 1, 6, 'Финны (цистицерки), личинки трихинелл и эхинококков, цисты саркоцист и токсоплазм', 'Финны (цистицерки), личинки трихинелл и эхинококков, цисты саркоцист и токсоплазм', 1, '0', NULL, NULL, NULL),
(16, 1, 2, 1, 'свинец', 'qo\'rg\'oshin', 9, '0', NULL, '0.6', NULL),
(17, 1, 2, 1, 'мышьяк', 'mishyak', 9, '0', NULL, '1', NULL),
(18, 1, 2, 1, 'кадмий', 'kadmiy', 9, '0', NULL, '1', NULL),
(19, 1, 2, 1, 'ртуть', 'simob', 9, '0', NULL, '0.3', NULL),
(20, 1, 2, 1, 'цинк', 'ruh', 9, '0', NULL, '1', NULL),
(21, 1, 2, 1, 'медь', 'mis', 9, '0', NULL, '0.1', NULL),
(22, 1, 2, 3, 'гексахлорциклогексан (α, ß, γ-изомеры)', 'geksaxlorotsiklogeksan (a, ß, g-izomerlar)', 9, '0', NULL, '0.1', NULL),
(23, 1, 2, 3, 'ДДТ и его метаболиты', 'DDT va uning metabolitlari', 9, '0', NULL, '0.1', NULL),
(24, 1, 2, 4, 'цезий-137', 'seziy-137', 9, '0', NULL, '160', NULL),
(25, 1, 2, 4, 'стронций-90', 'stronsiy-90', 9, '0', NULL, '200', NULL),
(26, 1, 2, 5, 'Левомицетин', 'Levomisetin', 9, '0', NULL, '0', NULL),
(27, 1, 2, 5, 'Тетрациклиновая группа', 'Tetrasiklin guruhi', 9, '0', NULL, '0', NULL),
(28, 1, 2, 5, 'Гризин', 'Grizin', 9, '0', NULL, '0', NULL),
(29, 1, 2, 5, 'Бацитрацин', 'Basitrasin', 9, '0', NULL, '0', NULL),
(30, 1, 2, 6, 'Финны (цистицерки), личинки трихинелл и эхинококков, цисты саркоцист и токсоплазм', 'Финны (цистицерки), личинки трихинелл и эхинококков, цисты саркоцист и токсоплазм', 1, '0', NULL, NULL, NULL),
(31, 1, 3, 1, 'свинец', 'qo\'rg\'oshin', 9, '0', NULL, '0.5', NULL),
(32, 1, 3, 1, 'мышьяк', 'mishyak', 9, '0', NULL, '0.1', NULL),
(33, 1, 3, 1, 'кадмий', 'kadmiy', 9, '0', NULL, '0.05', NULL),
(34, 1, 3, 1, 'ртуть', 'simob', 9, '0', NULL, '0.03', NULL),
(35, 1, 3, 1, 'цинк', 'ruh', 9, '0', NULL, '70', NULL),
(36, 1, 3, 1, 'медь', 'mis', 9, NULL, NULL, '0.5', NULL),
(37, 1, 3, 7, 'Нитриты', 'Нитриты', 9, '0', NULL, '50', NULL),
(38, 1, 3, 8, 'Сумма НДМА и НДЭА', 'Сумма НДМА и НДЭА', 4, NULL, NULL, '0.002', '0.004'),
(39, 1, 3, 3, 'гексахлорциклогексан (α, ß, γ-изомеры)', 'geksaxlorotsiklogeksan (a, ß, g-izomerlar)', 9, '0', NULL, '0.1', NULL),
(40, 1, 3, 3, 'ДДТ и его метаболиты', 'DDT va uning metabolitlari', 9, '0', NULL, '0.1', NULL),
(41, 1, 3, 4, 'цезий-137', 'seziy-137', 9, '0', NULL, '160', NULL),
(42, 1, 3, 4, 'стронций-90', 'stronsiy-90', 9, '0', NULL, '320', NULL),
(43, 1, 3, 5, 'Левомицетин', 'Levomisetin', 9, '0', NULL, '0', NULL),
(44, 1, 3, 5, 'Тетрациклиновая группа', 'Tetrasiklin guruhi', 9, '0', NULL, '0', NULL),
(45, 1, 3, 5, 'Гризин', 'Grizin', 9, '0', NULL, '0', NULL),
(46, 1, 3, 5, 'Бацитрацин', 'Basitrasin', 9, '0', NULL, '0', NULL),
(47, 1, 3, 6, 'Финны (цистицерки), личинки трихинелл и эхинококков, цисты саркоцист и токсоплазм', 'Финны (цистицерки), личинки трихинелл и эхинококков, цисты саркоцист и токсоплазм', 1, '0', NULL, NULL, NULL),
(48, 1, 3, 1, 'свинец', 'qo\'rg\'oshin', 9, NULL, NULL, '0.6', NULL),
(49, 1, 3, 1, 'мышьяк', 'mishyak', 9, NULL, NULL, '1', NULL),
(50, 1, 3, 1, 'кадмий', 'kadmiy', 9, NULL, NULL, '0.3', NULL),
(51, 1, 3, 1, 'ртуть', 'simob', 9, NULL, NULL, '0.1', NULL),
(52, 1, 3, 1, 'цинк', 'ruh', 9, NULL, NULL, '70', NULL),
(53, 1, 3, 1, 'медь', 'mis', 9, NULL, NULL, '5', NULL),
(54, 1, 3, 7, 'Нитриты', 'Нитриты', 9, NULL, NULL, '50', NULL),
(55, 1, 3, 8, 'Сумма НДМА и НДЭА', 'Сумма НДМА и НДЭА', 4, NULL, NULL, '0.002', '0.004'),
(56, 1, 3, 5, 'Левомицетин', 'Levomisetin', 10, NULL, NULL, '0.01', NULL),
(57, 1, 3, 5, 'Тетрациклиновая группа', 'Tetrasiklin guruhi', 10, NULL, NULL, '0.01', NULL),
(58, 1, 3, 5, 'Гризин', 'Grizin', 10, NULL, NULL, '0.5', NULL),
(59, 1, 3, 5, 'Бацитрацин', 'Basitrasin', 10, NULL, NULL, '0.02', NULL),
(60, 1, 3, 3, 'гексахлорциклогексан (α, ß, γ-изомеры)', 'geksaxlorotsiklogeksan (a, ß, g-izomerlar)', 9, NULL, NULL, '0.1', NULL),
(61, 1, 3, 3, 'ДДТ и его метаболиты', 'DDT va uning metabolitlari', 9, NULL, NULL, '0.1', NULL),
(62, 1, 4, 1, 'свинец', 'qo\'rg\'oshin', 9, NULL, NULL, '0.6', NULL),
(63, 1, 4, 1, 'мышьяк', 'mishyak', 9, NULL, NULL, '1', NULL),
(64, 1, 4, 1, 'кадмий', 'kadmiy', 9, NULL, NULL, '0.3', NULL),
(65, 1, 4, 1, 'ртуть', 'simob', 9, NULL, NULL, '0.1', NULL),
(66, 1, 4, 1, 'цинк', 'ruh', 9, NULL, NULL, '70', NULL),
(67, 1, 4, 1, 'медь', 'mis', 9, NULL, NULL, '5', NULL),
(68, 1, 4, 5, 'Левомицетин', 'Levomisetin', 9, NULL, NULL, '0', NULL),
(69, 1, 4, 5, 'Тетрациклиновая группа', 'Tetrasiklin guruhi', 9, NULL, NULL, '0', NULL),
(70, 1, 4, 5, 'Гризин', 'Grizin', 9, NULL, NULL, '0', NULL),
(71, 1, 4, 5, 'Бацитрацин', 'Basitrasin', 9, NULL, NULL, '0', NULL),
(72, 1, 4, 3, 'гексахлорциклогексан (α, ß, γ-изомеры)', 'geksaxlorotsiklogeksan (a, ß, g-izomerlar)', 9, NULL, NULL, '0.1', NULL),
(73, 1, 4, 3, 'ДДТ и его метаболиты', 'DDT va uning metabolitlari', 9, NULL, NULL, '0.1', NULL),
(74, 1, 4, 8, 'Сумма НДМА и НДЭА', 'Сумма НДМА и НДЭА', 4, NULL, NULL, '0.002', '0.004'),
(75, 1, 4, 3, 'гексахлорциклогексан (α, ß, γ-изомеры)', 'geksaxlorotsiklogeksan (a, ß, g-izomerlar)', 9, '0', NULL, '0.1', NULL),
(76, 1, 4, 3, 'ДДТ и его метаболиты', 'DDT va uning metabolitlari', 9, '0', NULL, '0.1', NULL),
(77, 1, 4, 4, 'цезий-137', 'seziy-137', 11, '0', NULL, '160', NULL),
(78, 1, 4, 4, 'стронций-90', 'stronsiy-90', 11, '0', NULL, '200', NULL),
(79, 1, 5, 1, 'Свинец', 'qo\'rg\'oshin', 9, NULL, NULL, '0.5', NULL),
(80, 1, 5, 1, 'Мышьяк', 'mishyak', 9, NULL, NULL, '0.1', NULL),
(81, 1, 5, 1, 'Кадмий', 'kadmiy', 9, NULL, NULL, '0.05', NULL),
(82, 1, 5, 1, 'Ртуть', 'simob', 9, NULL, NULL, '0.03', NULL),
(83, 1, 5, 1, 'Олово', 'Qalay', 9, NULL, NULL, '200', NULL),
(84, 1, 5, 1, 'Хром', 'Xrom', 9, NULL, NULL, '0.5', NULL),
(85, 1, 5, 1, 'Гексахлорциклогексан(α, ß, γ-изомеры)', 'Гексахлорциклогексан(α, ß, γ-изомеры)', 9, NULL, NULL, '0.1', NULL),
(86, 1, 5, 1, 'ДДТ и его метаболиты', 'DDT va uning metabolitlari', 9, NULL, NULL, '0.1', NULL),
(87, 1, 5, 8, 'Сумма НДМА и НДЭА', 'Сумма НДМА и НДЭА', 4, NULL, NULL, '0.002', '0.004'),
(88, 1, 5, 7, 'Нитраты:', 'Nitratlar', 9, NULL, NULL, '200', NULL),
(89, 1, 5, 4, 'цезий-137', 'seziy-137', 11, '0', NULL, '160', NULL),
(90, 1, 5, 4, 'стронций-90', 'stronsiy-90', 11, '0', NULL, '200', NULL),
(91, 1, 5, 5, 'Левомицетин', 'Levomisetin', 9, '0', NULL, '0.01', NULL),
(92, 1, 5, 5, 'Тетрациклиновая группа', 'Tetrasiklin guruhi', 9, '0', NULL, '0', NULL),
(93, 1, 5, 5, 'Гризин', 'Grizin', 9, '0', NULL, '0', NULL),
(94, 1, 5, 5, 'Бацитрацин', 'Basitrasin', 9, '0', NULL, '0', NULL),
(95, 1, 5, 3, 'гексахлорциклогексан (α, ß, γ-изомеры)', 'geksaxlorotsiklogeksan (a, ß, g-izomerlar)', 9, '0', NULL, '0.1', NULL),
(96, 1, 5, 3, 'ДДТ и его метаболиты', 'DDT va uning metabolitlari', 9, '0', NULL, '0.1', NULL),
(97, 1, 6, 1, 'Свинец', 'qo\'rg\'oshin', 9, NULL, NULL, '0.6', NULL),
(98, 1, 6, 1, 'Мышьяк', 'mishyak', 9, NULL, NULL, '1', NULL),
(99, 1, 6, 1, 'Кадмий', 'kadmiy', 9, NULL, NULL, '0.3', NULL),
(100, 1, 6, 1, 'Ртуть', 'simob', 9, NULL, NULL, '0.1', NULL),
(101, 1, 6, 1, 'Олово', 'Qalay', 9, NULL, NULL, '200', NULL),
(102, 1, 6, 1, 'Хром', 'Xrom', 9, NULL, NULL, '0.5', NULL),
(103, 1, 6, 8, 'Сумма НДМА и НДЭА', 'Сумма НДМА и НДЭА', 4, NULL, NULL, '0.002', '0.004'),
(104, 1, 6, 3, 'гексахлорциклогексан (α, ß, γ-изомеры)', 'geksaxlorotsiklogeksan (a, ß, g-izomerlar)', 9, '0', NULL, '0.1', NULL),
(105, 1, 6, 3, 'ДДТ и его метаболиты', 'DDT va uning metabolitlari', 9, '0', NULL, '0.1', NULL),
(106, 1, 6, 4, 'цезий-137', 'seziy-137', 11, '0', NULL, '160', NULL),
(107, 1, 6, 4, 'стронций-90', 'stronsiy-90', 11, '0', NULL, '200', NULL),
(108, 1, 6, 5, 'Левомицетин', 'Levomisetin', 9, '0', NULL, '0.01', NULL),
(109, 1, 6, 5, 'Тетрациклиновая группа', 'Tetrasiklin guruhi', 9, '0', NULL, '0', NULL),
(110, 1, 6, 5, 'Гризин', 'Grizin', 9, '0', NULL, '0', NULL),
(111, 1, 6, 5, 'Бацитрацин', 'Basitrasin', 9, '0', NULL, '0', NULL),
(112, 1, 7, 1, 'свинец', 'qo\'rg\'oshin', 9, '0', NULL, '0.5', NULL),
(113, 1, 7, 1, 'мышьяк', 'mishyak', 9, '0', NULL, '0.1', NULL),
(114, 1, 7, 1, 'кадмий', 'kadmiy', 9, '0', NULL, '0.05', NULL),
(115, 1, 7, 1, 'ртуть', 'simob', 9, '0', NULL, '0.03', NULL),
(116, 1, 7, 1, 'цинк', 'ruh', 9, '0', NULL, '70', NULL),
(117, 1, 7, 1, 'медь', 'mis', 9, '0', NULL, '5', NULL),
(118, 1, 7, 3, 'гексахлорциклогексан (α, ß, γ-изомеры)', 'geksaxlorotsiklogeksan (a, ß, g-izomerlar)', 9, '0', NULL, '0.1', NULL),
(119, 1, 7, 3, 'ДДТ и его метаболиты', 'DDT va uning metabolitlari', 9, '0', NULL, '0.1', NULL),
(120, 1, 7, 4, 'цезий-137', 'seziy-137', 11, '0', NULL, '160', NULL),
(121, 1, 7, 4, 'стронций-90', 'stronsiy-90', 11, '0', NULL, '200', NULL),
(122, 1, 7, 5, 'Левомицетин', 'Levomisetin', 9, '0', NULL, '0.01', NULL),
(123, 1, 7, 5, 'Тетрациклиновая группа', 'Tetrasiklin guruhi', 9, '0', NULL, '0', NULL),
(124, 1, 7, 5, 'Гризин', 'Grizin', 9, '0', NULL, '0', NULL),
(125, 1, 7, 5, 'Бацитрацин', 'Basitrasin', 9, '0', NULL, '0', NULL),
(126, 1, 7, 8, 'Сумма НДМА и НДЭА', 'Сумма НДМА и НДЭА', 4, NULL, NULL, '0.002', '0.004'),
(127, 1, 8, 1, 'Свинец', 'qo\'rg\'oshin', 9, NULL, NULL, '0.5', NULL),
(128, 1, 8, 1, 'Мышьяк', 'mishyak', 9, NULL, NULL, '0.1', NULL),
(129, 1, 8, 1, 'Кадмий', 'kadmiy', 9, NULL, NULL, '0.05', NULL),
(130, 1, 8, 1, 'Ртуть', 'simob', 9, NULL, NULL, '0.03', NULL),
(131, 1, 8, 3, 'гексахлорциклогексан (α, ß, γ-изомеры)', 'geksaxlorotsiklogeksan (a, ß, g-izomerlar)', 9, '0', NULL, '0.1', NULL),
(132, 1, 8, 3, 'ДДТ и его метаболиты', 'DDT va uning metabolitlari', 9, '0', NULL, '0.1', NULL),
(133, 1, 8, 4, 'цезий-137', 'seziy-137', 11, '0', NULL, '180', NULL),
(134, 1, 8, 4, 'стронций-90', 'stronsiy-90', 11, '0', NULL, '80', NULL),
(135, 1, 8, 5, 'Левомицетин', 'Levomisetin', 9, '0', NULL, '0', NULL),
(136, 1, 8, 5, 'Тетрациклиновая группа', 'Tetrasiklin guruhi', 9, '0', NULL, '0', NULL),
(137, 1, 8, 5, 'Гризин', 'Grizin', 9, '0', NULL, '0', NULL),
(138, 1, 8, 5, 'Бацитрацин', 'Basitrasin', 9, '0', NULL, '0', NULL),
(139, 1, 9, 1, 'Свинец', 'qo\'rg\'oshin', 9, NULL, NULL, '0.6', NULL),
(140, 1, 9, 1, 'Мышьяк', 'mishyak', 9, NULL, NULL, '1', NULL),
(141, 1, 9, 1, 'Кадмий', 'kadmiy', 9, NULL, NULL, '0.3', NULL),
(142, 1, 9, 1, 'Ртуть', 'simob', 9, NULL, NULL, '0.1', NULL),
(143, 1, 9, 3, 'гексахлорциклогексан (α, ß, γ-изомеры)', 'geksaxlorotsiklogeksan (a, ß, g-izomerlar)', 9, '0', NULL, '0.1', NULL),
(144, 1, 9, 3, 'ДДТ и его метаболиты', 'DDT va uning metabolitlari', 9, '0', NULL, '0.1', NULL),
(145, 1, 9, 4, 'цезий-137', 'seziy-137', 11, '0', NULL, '180', NULL),
(146, 1, 9, 4, 'стронций-90', 'stronsiy-90', 11, '0', NULL, '80', NULL),
(147, 1, 9, 5, 'Левомицетин', 'Levomisetin', 9, '0', NULL, '0', NULL),
(148, 1, 9, 5, 'Тетрациклиновая группа', 'Tetrasiklin guruhi', 9, '0', NULL, '0', NULL),
(149, 1, 9, 5, 'Гризин', 'Grizin', 9, '0', NULL, '0', NULL),
(150, 1, 9, 5, 'Бацитрацин', 'Basitrasin', 9, '0', NULL, '0', NULL),
(151, 1, 10, 1, 'Свинец', 'qo\'rg\'oshin', 9, NULL, NULL, '0.5', NULL),
(152, 1, 10, 1, 'Мышьяк', 'mishyak', 9, NULL, NULL, '0.1', NULL),
(153, 1, 10, 1, 'Кадмий', 'kadmiy', 9, NULL, NULL, '0.05', NULL),
(154, 1, 10, 1, 'Ртуть', 'simob', 9, NULL, NULL, '0.03', NULL),
(155, 1, 10, 7, 'Нитриты ', 'Нитриты ', 9, NULL, NULL, '50', NULL),
(156, 1, 10, 8, 'Сумма НДМА и НДЭА', 'Сумма НДМА и НДЭА', 4, NULL, NULL, '0.002', '0.004'),
(157, 1, 10, 3, 'гексахлорциклогексан (α, ß, γ-изомеры)', 'geksaxlorotsiklogeksan (a, ß, g-izomerlar)', 9, '0', NULL, '0.1', NULL),
(158, 1, 10, 3, 'ДДТ и его метаболиты', 'DDT va uning metabolitlari', 9, '0', NULL, '0.1', NULL),
(159, 1, 10, 4, 'цезий-137', 'seziy-137', 11, '0', NULL, '180', NULL),
(160, 1, 10, 4, 'стронций-90', 'stronsiy-90', 11, '0', NULL, '80', NULL),
(161, 1, 10, 5, 'Левомицетин', 'Levomisetin', 9, '0', NULL, '0', NULL),
(162, 1, 10, 5, 'Тетрациклиновая группа', 'Tetrasiklin guruhi', 9, '0', NULL, '0', NULL),
(163, 1, 10, 5, 'Гризин', 'Grizin', 9, '0', NULL, '0', NULL),
(164, 1, 10, 5, 'Бацитрацин', 'Basitrasin', 9, '0', NULL, '0', NULL),
(165, 1, 11, 1, 'Свинец', 'qo\'rg\'oshin', 9, NULL, NULL, '0.6', NULL),
(166, 1, 11, 1, 'Мышьяк', 'mishyak', 9, NULL, NULL, '1', NULL),
(167, 1, 11, 1, 'Кадмий', 'kadmiy', 9, NULL, NULL, '0.3', NULL),
(168, 1, 11, 1, 'Ртуть', 'simob', 9, NULL, NULL, '0.1', NULL),
(169, 1, 11, 8, 'Сумма НДМА и НДЭА', 'Сумма НДМА и НДЭА', 4, NULL, NULL, '0.002', '0.004'),
(170, 1, 11, 3, 'гексахлорциклогексан (α, ß, γ-изомеры)', 'geksaxlorotsiklogeksan (a, ß, g-izomerlar)', 9, '0', NULL, '0.1', NULL),
(171, 1, 11, 3, 'ДДТ и его метаболиты', 'DDT va uning metabolitlari', 9, '0', NULL, '0.1', NULL),
(172, 1, 11, 4, 'цезий-137', 'seziy-137', 11, '0', NULL, '180', NULL),
(173, 1, 11, 4, 'стронций-90', 'stronsiy-90', 11, '0', NULL, '80', NULL),
(174, 1, 11, 5, 'Левомицетин', 'Levomisetin', 9, '0', NULL, '0', NULL),
(175, 1, 11, 5, 'Тетрациклиновая группа', 'Tetrasiklin guruhi', 9, '0', NULL, '0', NULL),
(176, 1, 11, 5, 'Гризин', 'Grizin', 9, '0', NULL, '0', NULL),
(177, 1, 11, 5, 'Бацитрацин', 'Basitrasin', 9, '0', NULL, '0', NULL),
(178, 1, 12, 1, 'Свинец', 'qo\'rg\'oshin', 9, NULL, NULL, '0.5', NULL),
(179, 1, 12, 1, 'Мышьяк', 'mishyak', 9, NULL, NULL, '0.1', NULL),
(180, 1, 12, 1, 'Кадмий', 'kadmiy', 9, NULL, NULL, '0.05', NULL),
(181, 1, 12, 1, 'Ртуть', 'simob', 9, NULL, NULL, '0.03', NULL),
(182, 1, 12, 1, 'Олово', 'Qalay', 9, NULL, NULL, '200', NULL),
(183, 1, 12, 1, 'Хром', 'Xrom', 9, NULL, NULL, '0.5', NULL),
(184, 1, 12, 8, 'Сумма НДМА и НДЭА', 'Сумма НДМА и НДЭА', 4, NULL, NULL, '0.002', '0.004'),
(185, 1, 12, 7, 'Нитриты', 'Нитриты', 9, NULL, NULL, '200', NULL),
(186, 1, 12, 3, 'гексахлорциклогексан (α, ß, γ-изомеры)', 'geksaxlorotsiklogeksan (a, ß, g-izomerlar)', 9, '0', NULL, '0.1', NULL),
(187, 1, 12, 3, 'ДДТ и его метаболиты', 'DDT va uning metabolitlari', 9, '0', NULL, '0.1', NULL),
(188, 1, 12, 4, 'цезий-137', 'seziy-137', 11, '0', NULL, '180', NULL),
(189, 1, 12, 4, 'стронций-90', 'stronsiy-90', 11, '0', NULL, '80', NULL),
(190, 1, 12, 5, 'Левомицетин', 'Levomisetin', 9, '0', NULL, '0', NULL),
(191, 1, 12, 5, 'Тетрациклиновая группа', 'Tetrasiklin guruhi', 9, '0', NULL, '0', NULL),
(192, 1, 12, 5, 'Гризин', 'Grizin', 9, '0', NULL, '0', NULL),
(193, 1, 12, 5, 'Бацитрацин', 'Basitrasin', 9, '0', NULL, '0', NULL),
(194, 1, 12, 1, 'Свинец', 'qo\'rg\'oshin', 9, NULL, NULL, '0.5', NULL),
(195, 1, 13, 1, 'Мышьяк', 'mishyak', 9, NULL, NULL, '0.1', NULL),
(196, 1, 13, 1, 'Кадмий', 'kadmiy', 9, NULL, NULL, '0.05', NULL),
(197, 1, 13, 1, 'Ртуть', 'simob', 9, NULL, NULL, '0.03', NULL),
(198, 1, 13, 3, 'гексахлорциклогексан (α, ß, γ-изомеры)', 'geksaxlorotsiklogeksan (a, ß, g-izomerlar)', 9, '0', NULL, '0.1', NULL),
(199, 1, 13, 3, 'ДДТ и его метаболиты', 'DDT va uning metabolitlari', 9, '0', NULL, '0.1', NULL),
(200, 1, 13, 4, 'цезий-137', 'seziy-137', 11, '0', NULL, '180', NULL),
(201, 1, 13, 4, 'стронций-90', 'stronsiy-90', 11, '0', NULL, '80', NULL),
(202, 1, 13, 5, 'Левомицетин', 'Levomisetin', 9, '0', NULL, '0', NULL),
(203, 1, 13, 5, 'Тетрациклиновая группа', 'Tetrasiklin guruhi', 9, '0', NULL, '0', NULL),
(204, 1, 13, 5, 'Гризин', 'Grizin', 9, '0', NULL, '0', NULL),
(205, 1, 13, 5, 'Бацитрацин', 'Basitrasin', 9, '0', NULL, '0', NULL),
(206, 1, 13, 8, 'Сумма НДМА и НДЭА', 'Сумма НДМА и НДЭА', 4, NULL, NULL, '0.002', '0.004'),
(207, 1, 13, 7, 'Нитраты:', 'Nitratlar', 9, NULL, NULL, '200', NULL),
(208, 1, 14, 9, 'КМАФАнМ ', 'КМАФАнМ ', 13, NULL, NULL, NULL, NULL),
(209, 1, 14, 9, 'БГКП (коли-формы)', 'БГКП (коли-формы)', 12, NULL, NULL, NULL, NULL),
(210, 1, 14, 9, 'Патогенные, в т. ч. сальмонеллы', 'Патогенные, в т. ч. сальмонеллы', 12, NULL, NULL, NULL, NULL),
(211, 1, 14, 9, 'Дрожжи, КОЕ', 'Дрожжи, КОЕ', 1, '1', NULL, NULL, NULL),
(212, 1, 14, 9, 'Плесени, КОЕ', 'Плесени, КОЕ', 1, '1', NULL, NULL, NULL),
(213, 1, 14, 10, 'Массовая доля сухих веществ', 'Quruq moddaning massa ulushi', 12, NULL, NULL, NULL, NULL),
(214, 1, 14, 10, 'Белок ', 'Oqsil ', 12, NULL, NULL, NULL, NULL),
(215, 1, 14, 10, 'Жир', 'Yog`', 12, NULL, NULL, NULL, NULL),
(216, 1, 14, 10, 'Поверенная соль', 'Osh tuzi', 12, NULL, NULL, NULL, NULL),
(217, 1, 14, 10, 'Крахмал ', 'Kraxmal ', 12, NULL, NULL, NULL, NULL),
(218, 1, 14, 10, 'Рисовая и пшеничная мука', 'guruch va bug`doy uni', 12, NULL, NULL, NULL, NULL),
(219, 1, 14, 10, 'Нитриты', 'Nitratlar', 9, NULL, NULL, NULL, NULL),
(220, 1, 14, 10, 'Железо ', 'Temir', 12, NULL, NULL, NULL, NULL),
(221, 1, 14, 10, 'Остаточная активность кислой фосфатазы', 'Achchiq fosfat faolligi qoldig`i', 7, NULL, NULL, NULL, NULL),
(222, 1, 14, 10, 'Общий фосфор', 'Umumiy fasfor', 7, NULL, NULL, NULL, NULL),
(223, 1, 14, 11, 'Апрамицин  (аминогликозиды)', 'Апрамицин  (аминогликозиды)', 9, NULL, NULL, NULL, NULL),
(224, 1, 14, 11, 'Гентамицин (аминогликозиды)', 'Гентамицин (аминогликозиды)', 9, NULL, NULL, NULL, NULL),
(225, 1, 14, 11, 'Канамицин (аминогликозиды)', 'Канамицин (аминогликозиды)', 9, NULL, NULL, NULL, NULL),
(226, 1, 14, 11, 'Неомицин (аминогликозиды)', 'Неомицин (аминогликозиды)', 9, NULL, NULL, NULL, NULL),
(227, 1, 14, 11, 'Паромомицин(аминогликозиды)', 'Паромомицин(аминогликозиды)', 9, NULL, NULL, NULL, NULL),
(228, 1, 14, 11, 'Спектиномицин (аминогликозиды)', 'Спектиномицин (аминогликозиды)', 9, NULL, NULL, NULL, NULL),
(229, 1, 14, 11, 'Стрептомицин/диги', 'Стрептомицин/диги', 9, NULL, NULL, NULL, NULL),
(230, 1, 14, 11, 'Цефтиофур (цефалоспорины)', 'Цефтиофур (цефалоспорины)', 9, NULL, NULL, NULL, NULL),
(231, 1, 14, 11, 'Цефалексин (цефалоспорины)', 'Цефалексин (цефалоспорины)', 9, NULL, NULL, NULL, NULL),
(232, 1, 14, 11, 'Цефапирин (цефалоспорины)', 'Цефапирин (цефалоспорины)', 9, NULL, NULL, NULL, NULL),
(233, 1, 14, 11, 'Цефкином (цефалоспорины)', 'Цефкином (цефалоспорины)', 9, NULL, NULL, NULL, NULL),
(234, 1, 14, 11, 'Все вещества ульфаниламидной группы сульфаниламиды', 'Все вещества ульфаниламидной группы сульфаниламиды', 9, NULL, NULL, NULL, NULL),
(235, 1, 14, 11, 'Баквилоприм (производные диаминопиримидина)', 'Баквилоприм (производные диаминопиримидина)', 9, NULL, NULL, NULL, NULL),
(236, 1, 14, 11, 'Триметоприм (производные диаминопиримидина)', 'Триметоприм (производные диаминопиримидина)', 9, NULL, NULL, NULL, NULL),
(237, 1, 14, 11, 'Клавулановая кислота (ингибиторы беталактамазы)', 'Клавулановая кислота (ингибиторы беталактамазы)', 9, NULL, NULL, NULL, NULL),
(238, 1, 14, 11, 'Линкомицин (линкозамиды)', 'Линкомицин (линкозамиды)', 9, NULL, NULL, NULL, NULL),
(239, 1, 14, 11, 'Пирлимицин (линкозамиды)', 'Пирлимицин (линкозамиды)', 9, NULL, NULL, NULL, NULL),
(240, 1, 14, 11, 'Тиамфеникол', 'Тиамфеникол', 9, NULL, NULL, NULL, NULL),
(241, 1, 14, 11, 'Флорфеникол', 'Флорфеникол', 9, NULL, NULL, NULL, NULL),
(242, 1, 14, 11, 'Флумекин (хинолоны)', 'Флумекин (хинолоны)', 9, NULL, NULL, NULL, NULL),
(243, 1, 14, 11, 'Ципрофлоксацин/ энрофлоксацин/ пефлоксацин/ офлоксацин/ норфлоксацин Cipro floxacin/Enrof', 'Ципрофлоксацин/ энрофлоксацин/ пефлоксацин/ офлоксацин/ норфлоксацин Cipro floxacin/Enrof', 9, NULL, NULL, NULL, NULL),
(244, 1, 14, 11, 'Данофлоксацин (хинолоны)', 'Данофлоксацин (хинолоны)', 9, NULL, NULL, NULL, NULL),
(245, 1, 14, 11, 'Марбофлоксацин (хинолоны)', 'Марбофлоксацин (хинолоны)', 9, NULL, NULL, NULL, NULL),
(246, 1, 14, 11, 'Оксолиновая кислота (хинолоны)', 'Оксолиновая кислота (хинолоны)', 9, NULL, NULL, NULL, NULL),
(247, 1, 14, 11, 'Эритромицин (макролиды)', 'Эритромицин (макролиды)', 9, NULL, NULL, NULL, NULL),
(248, 1, 14, 11, 'Спирамицин (макролиды)', 'Спирамицин (макролиды)', 9, NULL, NULL, NULL, NULL),
(249, 1, 14, 11, 'Тилмикозин (макролиды)', 'Тилмикозин (макролиды)', 9, NULL, NULL, NULL, NULL),
(250, 1, 14, 11, 'Тилозин (макролиды)', 'Тилозин (макролиды)', 9, NULL, NULL, NULL, NULL),
(251, 1, 14, 11, 'Тилвалозин (макролиды)', 'Тилвалозин (макролиды)', 9, NULL, NULL, NULL, NULL),
(252, 1, 14, 11, 'Тиамулин (плевромутилины)', 'Тиамулин (плевромутилины)', 9, NULL, NULL, NULL, NULL),
(253, 1, 14, 11, 'Вальнемулин (плевромутилины)', 'Вальнемулин (плевромутилины)', 9, NULL, NULL, NULL, NULL),
(254, 1, 14, 11, 'Рифаксимин/ рифампицин (ансамицины)', 'Рифаксимин/ рифампицин (ансамицины)', 9, NULL, NULL, NULL, NULL),
(255, 1, 14, 11, 'Колистин (полимиксины)', 'Колистин (полимиксины)', 9, NULL, NULL, NULL, NULL),
(256, 1, 14, 11, 'Бацитрацин (полипептиды)', 'Basitrasin (полипептиды)', 9, NULL, NULL, NULL, NULL),
(257, 1, 14, 11, 'Авиламицин (ортозомицины)', 'Авиламицин (ортозомицины)', 9, NULL, NULL, NULL, NULL),
(258, 1, 14, 11, 'Монензин (ионофоры)', 'Монензин (ионофоры)', 9, NULL, NULL, NULL, NULL),
(259, 1, 14, 11, 'Ласалоцид (ионофоры)', 'Ласалоцид (ионофоры)', 9, NULL, NULL, NULL, NULL),
(260, 1, 14, 11, 'Нитрофураны (включая фуразолидон)', 'Нитрофураны (включая фуразолидон)', 9, NULL, NULL, NULL, NULL),
(261, 1, 14, 11, 'Метронидазол/ диметридазол/ ронидазол/дапсон/ клотримазол/ аминитризол ', 'Метронидазол/ диметридазол/ ронидазол/дапсон/ клотримазол/ аминитризол ', 9, NULL, NULL, NULL, NULL),
(262, 1, 14, 11, 'Флавомицин (стрептотрицины)', 'Флавомицин (стрептотрицины)', 9, NULL, NULL, NULL, NULL),
(263, 1, 14, 11, 'Доксициклин (тетрациклины)', 'Доксициклин (тетрациклины)', 9, NULL, NULL, NULL, NULL),
(264, 1, 14, 11, 'Бензилпенициллин (группа пенициллина)', 'Бензилпенициллин (группа пенициллина)', 9, NULL, NULL, NULL, NULL),
(265, 1, 14, 11, 'Ампициллин (группа пенициллина)', 'Ампициллин (группа пенициллина)', 9, NULL, NULL, NULL, NULL),
(266, 1, 14, 11, 'Амоксициллин (группа пенициллина)', 'Амоксициллин (группа пенициллина)', 9, NULL, NULL, NULL, NULL),
(267, 1, 14, 11, 'Клоксациллин (пенициллины)', 'Клоксациллин (пенициллины)', 9, NULL, NULL, NULL, NULL),
(268, 1, 14, 11, 'Диклоксациллин (пенициллины)', 'Диклоксациллин (пенициллины)', 9, NULL, NULL, NULL, NULL),
(269, 1, 14, 11, 'Нафциллин (пенициллины)', 'Нафциллин (пенициллины)', 9, NULL, NULL, NULL, NULL),
(270, 1, 14, 11, 'Оксациллин (пенициллины)', 'Оксациллин (пенициллины)', 9, NULL, NULL, NULL, NULL),
(271, 1, 14, 11, 'Феноксиметилпенициллин (группа пенициллина)', 'Феноксиметилпенициллин (группа пенициллина)', 9, NULL, NULL, NULL, NULL),
(272, 1, 14, 12, 'Диклазурил ', 'Диклазурил ', 9, NULL, NULL, NULL, NULL),
(273, 1, 14, 12, 'Имидокарб', 'Имидокарб', 9, NULL, NULL, NULL, NULL),
(274, 1, 14, 12, 'Толтразурил', 'Толтразурил', 9, NULL, NULL, NULL, NULL),
(275, 1, 14, 12, 'Робенидин', 'Робенидин', 9, NULL, NULL, NULL, NULL),
(276, 1, 14, 12, 'Семдурамицин', 'Семдурамицин', 9, NULL, NULL, NULL, NULL),
(277, 1, 14, 12, 'Наразин', 'Наразин', 9, NULL, NULL, NULL, NULL),
(278, 1, 14, 12, 'Мадуромицин', 'Мадуромицин', 9, NULL, NULL, NULL, NULL),
(279, 1, 14, 12, 'Салиномицин', 'Салиномицин', 9, NULL, NULL, NULL, NULL),
(280, 1, 14, 12, 'Галофугинон', 'Галофугинон', 9, NULL, NULL, NULL, NULL),
(281, 1, 14, 12, 'Декоквинат', 'Декоквинат', 9, NULL, NULL, NULL, NULL),
(282, 1, 14, 13, 'Амитраз', 'Амитраз', 9, NULL, NULL, NULL, NULL),
(283, 2, 27, 2, 'Афлатоксин M1', 'Афлатоксин M1', 9, NULL, NULL, NULL, NULL),
(284, 2, 27, 5, 'Левомицетин (хлорамфеникол)', 'Levomisetin (хлорамфеникол)', 9, NULL, NULL, NULL, NULL),
(285, 2, 27, 5, 'Тетрациклиновая группа', 'Tetrasiklin guruhi', 9, NULL, NULL, NULL, NULL),
(286, 2, 27, 5, 'Стрептомицин', 'Стрептомицин', 9, NULL, NULL, NULL, NULL),
(287, 2, 27, 5, 'Пенициллин', 'Пенициллин', 9, NULL, NULL, NULL, NULL),
(288, 2, 27, 5, 'Меламин ', 'Меламин ', 9, NULL, NULL, NULL, NULL),
(289, 2, 27, 5, 'Диоксины ', 'Диоксины ', 9, NULL, NULL, NULL, NULL),
(290, 2, 15, 1, 'Свинец', 'qo\'rg\'oshin', 9, '0', NULL, '0.1', NULL),
(291, 2, 15, 1, 'Мышьяк', 'mishyak', 9, '0', NULL, '0.05', NULL),
(292, 2, 15, 1, 'Кадмий', 'kadmiy', 9, '0', NULL, '0.03', NULL),
(293, 2, 15, 1, 'Ртуть', 'simob', 9, '0', NULL, '0.005', NULL),
(294, 2, 15, 3, 'Гексахлорциклогексан (α, ß, γ-изомеры)', 'geksaxlorotsiklogeksan (a, ß, g-izomerlar)', 9, '0', NULL, '0.05', NULL),
(295, 2, 15, 3, 'ДДТ и его метаболиты', 'DDT va uning metabolitlari', 9, '0', NULL, '0.05', NULL),
(296, 2, 15, 4, 'Цезий-137', 'seziy-137', 11, '0', NULL, '300', NULL),
(297, 2, 15, 4, 'Стронций-90', 'stronsiy-90', 11, '0', NULL, '10', NULL),
(298, 2, 15, 4, 'Перекисное число', 'Перекисное число', 7, '0', NULL, NULL, NULL),
(299, 2, 16, 1, 'Свинец', 'qo\'rg\'oshin', 9, '0', NULL, '0.3', NULL),
(300, 2, 16, 1, 'Мышьяк', 'mishyak', 9, '0', NULL, '0.2', NULL),
(301, 2, 16, 1, 'Кадмий', 'kadmiy', 9, '0', NULL, '0.1', NULL),
(302, 2, 16, 1, 'Ртуть', 'simob', 9, '0', NULL, '0.02', NULL),
(303, 2, 16, 3, 'Гексахлорциклогексан (α, ß, γ-изомеры)', 'geksaxlorotsiklogeksan (a, ß, g-izomerlar)', 9, '0', NULL, '1.25', NULL),
(304, 2, 16, 3, 'ДДТ и его метаболиты', 'DDT va uning metabolitlari', 9, '0', NULL, '1', NULL),
(305, 2, 16, 4, 'Цезий-137', 'seziy-137', 9, '0', NULL, '100', NULL),
(306, 2, 16, 4, 'Стронций-90', 'stronsiy-90', 9, '0', NULL, '25', NULL),
(307, 2, 16, 4, 'Показатель кислотности - для творога и творожных продуктов', 'Achchiqlik ko`rsatkichi', 9, '0', NULL, '240', NULL),
(308, 2, 17, 1, 'Свинец', 'qo\'rg\'oshin', 9, '0', NULL, '0.3', NULL),
(309, 2, 17, 1, 'Мышьяк', 'mishyak', 9, '0', NULL, '0.15', NULL),
(310, 2, 17, 1, 'Кадмий', 'kadmiy', 11, '0', NULL, '0.1', NULL),
(311, 2, 17, 1, 'Ртуть', 'simob', 11, '0', NULL, '0.015', NULL),
(312, 2, 17, 1, 'Олово', 'Qalay', 9, '0', NULL, '200', NULL),
(313, 2, 17, 1, 'Хром', 'Xrom', 9, '0', NULL, '0.5', NULL),
(314, 2, 17, 2, 'Афлотоксин М1', 'Афлотоксин М1', 9, '0', NULL, '0', NULL),
(315, 2, 17, 2, 'Меламин ', 'Меламин ', 9, '0', NULL, '0', NULL),
(316, 2, 17, 3, 'Гексахлорциклогексан (α, ß, γ-изомеры)', 'geksaxlorotsiklogeksan (a, ß, g-izomerlar)', 9, '0', NULL, '1.25', NULL),
(317, 2, 17, 3, 'ДДТ и его метаболиты', 'DDT va uning metabolitlari', 9, '0', NULL, '1', NULL),
(318, 2, 17, 4, 'Цезий-137', 'seziy-137', 9, '0', NULL, '300', NULL),
(319, 2, 17, 4, 'Стронций-90', 'stronsiy-90', 9, '0', NULL, '100', NULL),
(320, 2, 18, 1, 'Свинец', 'qo\'rg\'oshin', 9, '0', NULL, '0.1', NULL),
(321, 2, 18, 1, 'Мышьяк', 'mishyak', 9, '0', NULL, '0.05', NULL),
(322, 2, 18, 1, 'Кадмий', 'kadmiy', 9, '0', NULL, '0.03', NULL),
(323, 2, 18, 1, 'Ртуть', 'simob', 11, '0', NULL, '0.005', NULL),
(324, 2, 18, 3, 'Гексахлорциклогексан (α, ß, γ-изомеры)', 'geksaxlorotsiklogeksan (a, ß, g-izomerlar)', 11, '0', NULL, '1.25', NULL),
(325, 2, 18, 3, 'ДДТ и его метаболиты', 'DDT va uning metabolitlari', 9, '0', NULL, '1', NULL),
(326, 2, 18, 4, 'Цезий-137', 'seziy-137', 9, '0', NULL, '500', NULL),
(327, 2, 18, 4, 'Стронций-90', 'stronsiy-90', 9, '0', NULL, '200', NULL),
(328, 2, 19, 1, 'Свинец', 'qo\'rg\'oshin', 9, '0', NULL, '0.3', NULL),
(329, 2, 19, 1, 'Мышьяк', 'mishyak', 9, '0', NULL, '1', NULL),
(330, 2, 19, 1, 'Кадмий', 'kadmiy', 9, '0', NULL, '0.2', NULL),
(331, 2, 19, 1, 'Ртуть', 'simob', 11, '0', NULL, '0.03', NULL),
(332, 2, 19, 3, 'Гексахлорциклогексан (α, ß, γ-изомеры)', 'geksaxlorotsiklogeksan (a, ß, g-izomerlar)', 11, '0', NULL, '1.25', NULL),
(333, 2, 19, 3, 'ДДТ и его метаболиты', 'DDT va uning metabolitlari', 9, '0', NULL, '1', NULL),
(334, 2, 19, 4, 'Цезий-137', 'seziy-137', 9, '0', NULL, '300', NULL),
(335, 2, 19, 4, 'Стронций-90', 'stronsiy-90', 9, '0', NULL, '80', NULL),
(336, 2, 20, 1, 'Свинец', 'qo\'rg\'oshin', 9, '0', NULL, '0.5', NULL),
(337, 2, 20, 1, 'Мышьяк', 'mishyak', 9, '0', NULL, '0.3', NULL),
(338, 2, 20, 1, 'Кадмий', 'kadmiy', 9, '0', NULL, '0.2', NULL),
(339, 2, 20, 1, 'Ртуть', 'simob', 11, '0', NULL, '0.03', NULL),
(340, 2, 20, 1, 'Бенз(а)пирен', 'Benzapiren', 11, '0', NULL, '0', NULL),
(341, 2, 20, 3, 'Гексахлорциклогексан (α, ß, γ-изомеры)', 'geksaxlorotsiklogeksan (a, ß, g-izomerlar)', 9, '0', NULL, '1.25', NULL),
(342, 2, 20, 3, 'ДДТ и его метаболиты', 'DDT va uning metabolitlari', 9, '0', NULL, '1', NULL),
(343, 2, 20, 4, 'Цезий-137', 'seziy-137', 9, '0', NULL, '50', NULL),
(344, 2, 20, 4, 'Стронций-90', 'stronsiy-90', 9, '0', NULL, '100', NULL),
(345, 2, 21, 16, 'Кислотность жировой фазы', 'Yog` fazasi kislotligi', 9, '0', NULL, '2.5', NULL),
(346, 2, 21, 1, 'Свинец', 'qo\'rg\'oshin', 9, '0', NULL, '0.1', NULL),
(347, 2, 21, 1, 'Мышьяк', 'mishyak', 9, '0', NULL, '0.1', NULL),
(348, 2, 21, 1, 'Кадмий', 'kadmiy', 11, '0', NULL, '0.03', NULL),
(349, 2, 21, 1, 'Ртуть', 'simob', 11, '0', NULL, '0.03', NULL),
(350, 2, 21, 1, 'Медь', 'mis', 9, '0', NULL, '0.4', NULL),
(351, 2, 21, 1, 'Цинк ', 'ruh ', 9, '0', NULL, '0', NULL),
(352, 2, 21, 1, 'Железо', 'Железо', 9, '0', NULL, '1.5', NULL),
(353, 2, 21, 1, 'Олово', 'Qalay', 9, '0', NULL, '0', NULL),
(354, 2, 21, 3, 'Гексахлорциклогексан (α, ß, γ-изомеры)', 'geksaxlorotsiklogeksan (a, ß, g-izomerlar)', 9, '0', NULL, '1.25', NULL),
(355, 2, 21, 3, 'ДДТ и его метаболиты', 'DDT va uning metabolitlari', 9, '0', NULL, '1', NULL),
(356, 2, 21, 3, '2,4 Д-кислота', '2,4 D-kislota', 9, '0', NULL, '0', NULL),
(357, 2, 21, 4, 'Цезий-137', 'seziy-137', 9, '0', NULL, '200', NULL),
(358, 2, 21, 4, 'Стронций-90', 'stronsiy-90', 9, '0', NULL, '60', NULL),
(359, 2, 22, 16, 'Перекисное число в жире, выделенном из продукта', 'Yog`dagi perekis soni', 9, '0', NULL, '10', NULL),
(360, 2, 22, 16, 'Кислотность жировой фазы', 'Yog` fazasi kislotligi', 9, '0', NULL, '2.5', NULL),
(361, 2, 22, 1, 'Свинец', 'qo\'rg\'oshin', 9, '0', NULL, '0.1', NULL),
(362, 2, 22, 1, 'Мышьяк', 'mishyak', 11, '0', NULL, '0.1', NULL),
(363, 2, 22, 1, 'Кадмий', 'kadmiy', 11, '0', NULL, '0.03', NULL),
(364, 2, 22, 1, 'Ртуть', 'simob', 9, '0', NULL, '0.03', NULL),
(365, 2, 22, 1, 'Медь', 'mis', 9, '0', NULL, '0.4', NULL),
(366, 2, 22, 1, 'Железо', 'Железо', 9, '0', NULL, '1.5', NULL),
(367, 2, 22, 1, 'Никель ', 'Никель ', 9, '0', NULL, '0.7', NULL),
(368, 2, 22, 3, 'Гексахлорциклогексан (α, ß, γ-изомеры) ', 'geksaxlorotsiklogeksan (a, ß, g-izomerlar) ', 9, '0', NULL, '1.25', NULL),
(369, 2, 22, 3, 'ДДТ и его метаболиты', 'DDT va uning metabolitlari', 9, '0', NULL, '1', NULL),
(370, 2, 22, 4, 'Цезий-137', 'seziy-137', 9, '0', NULL, '100', NULL),
(371, 2, 22, 4, 'Стронций-90', 'stronsiy-90', 9, '0', NULL, '80', NULL),
(372, 2, 23, 1, 'Свинец', 'qo\'rg\'oshin', 9, '0', NULL, '0.1', NULL),
(373, 2, 23, 1, 'Мышьяк', 'mishyak', 9, '0', NULL, '0.05', NULL),
(374, 2, 23, 1, 'Кадмий', 'kadmiy', 9, '0', NULL, '0.03', NULL),
(375, 2, 23, 1, 'Ртуть', 'simob', 11, '0', NULL, '0.005', NULL),
(376, 2, 23, 3, 'Гексахлорциклогексан (α, ß, γ-изомеры) ', 'geksaxlorotsiklogeksan (a, ß, g-izomerlar) ', 11, '0', NULL, '1.25', NULL),
(377, 2, 23, 3, 'ДДТ и его метаболиты', 'DDT va uning metabolitlari', 9, '0', NULL, '1', NULL),
(378, 2, 23, 3, '2,4 Д-кислота<*>', '2,4 Д-кислота<*>', 9, '0', NULL, '0', NULL),
(379, 2, 23, 4, 'Цезий-137', 'seziy-137', 9, '0', NULL, '100', NULL),
(380, 2, 23, 4, 'Стронций-90', 'stronsiy-90', 9, '0', NULL, '25', NULL),
(381, 2, 24, 1, 'Свинец', 'qo\'rg\'oshin', 9, '0', NULL, '1', NULL),
(382, 2, 24, 1, 'Мышьяк', 'mishyak', 9, '0', NULL, '0.2', NULL),
(383, 2, 24, 1, 'Кадмий', 'kadmiy', 9, '0', NULL, '0.2', NULL),
(384, 2, 24, 1, 'Ртуть', 'simob', 11, '0', NULL, '0.03', NULL),
(385, 2, 25, 1, 'Свинец', 'qo\'rg\'oshin', 11, '0', NULL, '0.3', NULL),
(386, 2, 25, 1, 'Мышьяк', 'mishyak', 9, '0', NULL, '1', NULL),
(387, 2, 25, 1, 'Кадмий', 'kadmiy', 9, '0', NULL, '0.2', NULL),
(388, 2, 25, 1, 'Ртуть', 'simob', 9, '0', NULL, '0.03', NULL),
(389, 2, 25, 3, 'Гексахлорциклогексан (α, ß, γ-изомеры) ', 'geksaxlorotsiklogeksan (a, ß, g-izomerlar) ', 9, '0', NULL, '1.25', NULL),
(390, 2, 25, 3, 'ДДТ и его метаболиты', 'DDT va uning metabolitlari', 9, '0', NULL, '1', NULL),
(391, 2, 25, 4, 'Цезий-137', 'seziy-137', 9, '0', NULL, '160', NULL),
(392, 2, 25, 4, 'Стронций-90', 'stronsiy-90', 9, '0', NULL, '80', NULL),
(393, 2, 26, 1, 'Свинец', 'qo\'rg\'oshin', 9, '0', NULL, '10', NULL),
(394, 2, 26, 1, 'Мышьяк', 'mishyak', 9, '0', NULL, '3', NULL),
(395, 2, 27, 9, 'КМАФАнМ, КОЕ', 'КМАФАнМ, КОЕ', 9, NULL, NULL, NULL, NULL),
(396, 2, 27, 9, 'БГКП колиформы', 'БГКП колиформы', 11, NULL, NULL, NULL, NULL),
(397, 2, 27, 9, 'патогенные микроорганизмы,в т.ч. сальмонеллы', 'патогенные микроорганизмы,в т.ч. сальмонеллы', 11, NULL, NULL, NULL, NULL),
(398, 2, 27, 9, 'S. aureus', 'S. aureus', 9, NULL, NULL, NULL, NULL),
(399, 2, 27, 9, 'L. mono-cytogenes', 'L. mono-cytogenes', 9, NULL, NULL, NULL, NULL),
(400, 2, 27, 9, 'Дрожжи (Д), ', 'Дрожжи (Д), ', 14, NULL, NULL, NULL, NULL),
(401, 2, 27, 9, 'Плесени (П)', 'Плесени (П)', 14, NULL, NULL, NULL, NULL),
(402, 2, 27, 15, 'внешний вид', 'tashqi ko`rinish', 15, NULL, NULL, NULL, NULL),
(403, 2, 27, 15, 'консистенция', 'konsistensiya', 15, NULL, NULL, NULL, NULL),
(404, 2, 27, 15, 'вкус и запах', 'ta\'m va xid', 15, NULL, NULL, NULL, NULL),
(405, 2, 27, 15, 'цвет', 'rang', 15, NULL, NULL, NULL, NULL),
(406, 2, 27, 5, 'Левомицетин (дестская питания)', 'Levomisetin (дестская питания)', 9, NULL, NULL, NULL, NULL),
(407, 2, 27, 5, 'Тетрациклиновая группа (дестская питания)', 'Tetrasiklin guruhi (дестская питания)', 9, NULL, NULL, NULL, NULL),
(408, 2, 27, 5, 'Пенициллин (дестская питания)', 'Пенициллин (дестская питания)', 9, NULL, NULL, NULL, NULL),
(409, 2, 27, 5, 'Стрептомицин (дестская питания)', 'Стрептомицин (дестская питания)', 9, NULL, NULL, NULL, NULL),
(410, 2, 27, 5, 'Патулин(дестская питания)', 'Патулин(дестская питания)', 9, NULL, NULL, NULL, NULL),
(411, 2, 27, 5, 'Меламин (дестская питания)', 'Меламин (дестская питания)', 9, NULL, NULL, NULL, NULL),
(412, 2, 27, 5, 'Диоксины (дестская питания)', 'Диоксины (дестская питания)', 9, NULL, NULL, NULL, NULL),
(413, 2, 27, 16, 'Показатель окислительной порчи', 'Показатель окислительной порчи', 9, NULL, NULL, NULL, NULL),
(414, 2, 27, 2, 'Микотоксины (дестская питания)', 'Микотоксины (дестская питания)', 9, NULL, NULL, NULL, NULL),
(415, 2, 27, 16, 'Кислотность (дестская питания)', 'Кислотность (дестская питания)', 4, NULL, NULL, '1', '40'),
(416, 2, 27, 16, 'Осмоляльность (дестская питания)', 'Осмоляльность (дестская питания)', 17, NULL, NULL, NULL, NULL),
(417, 3, 28, 1, 'свинец', 'qo\'rg\'oshin', 9, '0', NULL, '0.5', NULL),
(418, 3, 28, 1, 'мышьяк', 'mishyak', 9, '0', NULL, '0.2', NULL),
(419, 3, 28, 1, 'кадмий', 'kadmiy', 9, '0', NULL, '0.1', NULL),
(420, 3, 28, 1, 'ртуть', 'simob', 9, '0', NULL, '0.03', NULL),
(421, 3, 28, 3, 'гексахлорциклогексан (α, ß, γ-изомеры)', 'geksaxlorotsiklogeksan (a, ß, g-izomerlar)', 9, '0.2', NULL, '0.5', NULL),
(422, 3, 28, 3, 'ДДТ и его метаболиты', 'DDT va uning metabolitlari', 9, '0', NULL, '0.02', NULL),
(423, 3, 28, 4, 'цезий-137', 'seziy-137', 11, '0', NULL, '60', NULL),
(424, 3, 28, 4, 'стронций-90', 'stronsiy-90', 11, '0', NULL, '11', NULL),
(425, 3, 28, 2, 'Зеараленон ', 'Zearalenon ', 9, '0', NULL, '1', NULL),
(426, 3, 28, 2, 'Фумонизин ', 'Fumonizin ', 9, '0', NULL, '4', NULL),
(427, 3, 28, 2, 'Бенз(а) пирен', 'Benzapiren', 9, '0', NULL, '0.001', NULL),
(428, 3, 28, 2, ' Влажность', 'Namlik', 7, '12', NULL, '14', NULL),
(429, 3, 28, 2, 'Сырой протеин ', 'Xom protein ', 7, '8', NULL, '10', NULL),
(430, 3, 28, 2, 'Сырой жир ', 'Xom yog` ', 7, '3', NULL, '5', NULL),
(431, 3, 28, 2, 'Сырая клечатка ', 'Xom klechatka ', 7, '1.2', NULL, '3.2', NULL),
(432, 3, 28, 2, 'Кальций ', 'Kalsiy ', 7, '0.04', NULL, '0.06', NULL),
(433, 3, 28, 2, 'Фосфор ', 'Fosfor ', 7, '0.2', NULL, '0.4', NULL),
(434, 3, 28, 2, 'Натрий ', 'Natriy ', 7, '0.02', NULL, '0.04', NULL),
(435, 3, 29, 1, 'свинец', 'qo\'rg\'oshin', 9, '0', NULL, '0.5', NULL),
(436, 3, 29, 1, 'мышьяк', 'mishyak', 9, '0', NULL, '0.2', NULL),
(437, 3, 29, 1, 'кадмий', 'kadmiy', 9, '0', NULL, '0.1', NULL),
(438, 3, 29, 1, 'ртуть', 'simob', 9, '0', NULL, '0.03', NULL),
(439, 3, 29, 2, 'Дезоксиниваленол ', 'Dezoksinivalenol ', 9, '0.7', NULL, '1', NULL),
(440, 3, 29, 2, 'Т-2 токсин ', 'Т-2 toksin ', 9, '0', NULL, '1', NULL),
(441, 3, 29, 2, 'Охратоксин А', 'Oxratoksin A', 9, '0', NULL, '0.005', NULL),
(442, 3, 29, 2, 'Зеараленон ', 'Zearalenon ', 9, '0', NULL, '1', NULL),
(443, 3, 29, 3, 'Гексахлорбензол ', 'geksaxlorbenzol ', 9, '0', NULL, '0.01', NULL),
(444, 3, 29, 3, 'Ртутьорганические 3 ', 'Рутьорганические 3 ', 9, '0', NULL, '0', NULL),
(445, 3, 29, 3, '2,4-Д кислота,ее соли, эфиры ', '2,4-Д кислота,ее соли, эфиры ', 9, '0', NULL, '0', NULL),
(446, 3, 29, 3, 'Зараженность вредителями ', 'Zararkunanda bilan zararlanish ', 9, '0', NULL, '0', NULL),
(447, 3, 29, 4, 'цезий-137', 'seziy-137', 11, '0', NULL, '60', NULL),
(448, 3, 29, 4, 'стронций-90', 'stronsiy-90', 11, '0', NULL, '11', NULL),
(449, 3, 29, 4, ' Влажность', ' Namlik', 7, '12', NULL, '14', NULL),
(450, 3, 29, 4, 'Сырой протеин ', 'Xom protein ', 7, '11.6', NULL, '13.6', NULL),
(451, 3, 29, 4, 'Сырой жир ', 'Xom yog` ', 7, '1.2', NULL, '3.2', NULL),
(452, 3, 29, 4, 'Сырая клечатка ', 'Xom klechatka ', 7, '1.7', NULL, '3.7', NULL),
(453, 3, 29, 4, 'Кальций ', 'Kalsiy ', 7, '0.05', NULL, '0.07', NULL),
(454, 3, 29, 4, 'Фосфор ', 'Fosfor ', 7, '0.3', NULL, '0.5', NULL),
(455, 3, 29, 4, 'Натрий ', 'Natriy ', 7, '0.01', NULL, '0.03', NULL),
(456, 3, 30, 4, ' Влажность', ' Namlik', 7, '12.5', NULL, '14.5', NULL),
(457, 3, 30, 4, 'Сырой протеин ', 'Xom protein ', 7, '14.2', NULL, '16.2', NULL),
(458, 3, 30, 4, 'Сырой жир ', 'Xom yog` ', 7, '3.2', NULL, '4.2', NULL),
(459, 3, 30, 4, 'Сырая клечатка ', 'Xom klechatka ', 7, '8', NULL, '10', NULL),
(460, 3, 30, 4, 'Кальций ', 'Kalsiy ', 7, '0.13', NULL, '0.15', NULL),
(461, 3, 30, 4, 'Фосфор ', 'Fosfor ', 7, '0.99', NULL, '1.1', NULL),
(462, 3, 30, 4, 'Натрий ', 'Natriy ', 7, '0.03', NULL, '0.04', NULL),
(463, 3, 31, 1, 'свинец', 'qo\'rg\'oshin', 9, '0', NULL, '0.5', NULL),
(464, 3, 31, 1, 'мышьяк', 'mishyak', 9, '0', NULL, '0.2', NULL),
(465, 3, 31, 1, 'кадмий', 'kadmiy', 9, '0', NULL, '0.1', NULL),
(466, 3, 31, 1, 'ртуть', 'simob', 9, '0', NULL, '0.03', NULL),
(467, 3, 31, 2, 'Афлатоксин В1', 'Аflatoksin В1', 9, '0', NULL, '0.005', NULL),
(468, 3, 31, 2, 'Охратоксин А', 'Oxratoksin A', 9, '0', NULL, '0.005', NULL),
(469, 3, 31, 4, 'цезий-137', 'seziy-137', 11, '0', NULL, '60', NULL),
(470, 3, 31, 4, 'стронций-90', 'stronsiy-90', 11, '0', NULL, '11', NULL),
(471, 3, 31, 4, ' Влажность', ' Namlik', 7, '12', NULL, '14', NULL),
(472, 3, 31, 4, 'Сырой протеин ', 'Xom protein ', 7, '10.7', NULL, '12.7', NULL),
(473, 3, 31, 4, 'Сырой жир ', 'Xom yog` ', 7, '1', NULL, '3', NULL),
(474, 3, 31, 4, 'Сырая клечатка ', 'Xom klechatka ', 7, '1.4', NULL, '3.4', NULL),
(475, 3, 31, 4, 'Кальций ', 'Kalsiy ', 7, '0.06', NULL, '0.08', NULL),
(476, 3, 31, 4, 'Фосфор ', 'Fosfor ', 7, '0.2', NULL, '0.4', NULL),
(477, 3, 31, 4, 'Натрий ', 'Natriy ', 7, '0.01', NULL, '0.04', NULL),
(478, 3, 32, 4, ' Влажность', ' Namlik', 7, '12.5', NULL, '14.5', NULL),
(479, 3, 32, 4, 'Сырой протеин ', 'Xom protein ', 7, '14', NULL, '15', NULL),
(480, 3, 32, 4, 'Сырой жир ', 'Xom yog` ', 7, '3.3', NULL, '3.5', NULL),
(481, 3, 32, 4, 'Сырая клечатка ', 'Xom klechatka ', 7, '6', NULL, '8', NULL),
(482, 3, 32, 4, 'Кальций ', 'Kalsiy ', 7, '0.1', NULL, '0.12', NULL),
(483, 3, 32, 4, 'Фосфор ', 'Fosfor ', 7, '0.6', NULL, '0.7', NULL),
(484, 3, 32, 4, 'Натрий ', 'Natriy ', 7, '0.03', NULL, '0.05', NULL),
(485, 3, 33, 1, 'свинец', 'qo\'rg\'oshin', 9, '0', NULL, '0.5', NULL),
(486, 3, 33, 1, 'мышьяк', 'mishyak', 9, '0', NULL, '0.2', NULL),
(487, 3, 33, 1, 'кадмий', 'kadmiy', 9, '0', NULL, '0.1', NULL),
(488, 3, 33, 1, 'ртуть', 'simob', 9, '0', NULL, '0.03', NULL),
(489, 3, 33, 2, 'Афлатоксин В1', 'Аflatoksin В1', 9, '0', NULL, '0.005', NULL),
(490, 3, 33, 4, 'цезий-137', 'seziy-137', 11, '0', NULL, '60', NULL),
(491, 3, 33, 4, 'стронций-90', 'stronsiy-90', 11, '0', NULL, '11', NULL),
(492, 3, 33, 4, 'Влаги ', 'Влаги ', 7, '15.6', NULL, '17', NULL),
(493, 3, 34, 1, 'свинец', 'qo\'rg\'oshin', 9, '0', NULL, '0.5', NULL),
(494, 3, 34, 1, 'мышьяк', 'mishyak', 9, '0', NULL, '0.2', NULL),
(495, 3, 34, 1, 'кадмий', 'kadmiy', 9, '0', NULL, '0.1', NULL),
(496, 3, 34, 1, 'ртуть', 'simob', 9, '0', NULL, '0.03', NULL),
(497, 3, 34, 2, 'Афлатоксин В1', 'Аflatoksin В1', 9, '0', NULL, '0.005', NULL),
(498, 3, 34, 4, 'цезий-137', 'seziy-137', 11, '0', NULL, '60', NULL),
(499, 3, 34, 4, 'стронций-90', 'stronsiy-90', 11, '0', NULL, '11', NULL),
(500, 3, 34, 4, ' Влажность', ' Namlik', 7, '11.5', NULL, '13.5', NULL),
(501, 3, 34, 4, 'Сырой протеин ', 'Xom protein ', 7, '9.5', NULL, '11.5', NULL),
(502, 3, 34, 4, 'Сырой жир ', 'Xom yog` ', 7, '3.5', NULL, '5.5', NULL),
(503, 3, 34, 4, 'Сырая клечатка ', 'Xom klechatka ', 7, '9.3', NULL, '11.3', NULL),
(504, 3, 34, 4, 'Кальций ', 'Kalsiy ', 7, '0.11', NULL, '0.13', NULL),
(505, 3, 34, 4, 'Фосфор ', 'Fosfor ', 7, '0.34', NULL, '0.36', NULL),
(506, 3, 34, 4, 'Натрий ', 'Natriy ', 7, '0.02', NULL, '0.04', NULL),
(507, 3, 35, 1, 'свинец', 'qo\'rg\'oshin', 9, '0', NULL, '0.5', NULL),
(508, 3, 35, 1, 'мышьяк', 'mishyak', 9, '0', NULL, '0.2', NULL),
(509, 3, 35, 1, 'кадмий', 'kadmiy', 9, '0', NULL, '0.1', NULL),
(510, 3, 35, 1, 'ртуть', 'simob', 9, '0', NULL, '0.03', NULL),
(511, 3, 35, 2, 'Афлатоксин В1', 'Аflatoksin В1', 9, '0', NULL, '0.005', NULL),
(512, 3, 35, 2, 'Дезоксиниваленол ', 'Dezoksinivalenol ', 9, '0.7', NULL, '1', NULL),
(513, 3, 35, 2, 'Т-2 токсин ', 'Т-2 toksin ', 9, '0', NULL, '1', NULL),
(514, 3, 35, 2, 'Охратоксин А', 'Oxratoksin A', 9, '0', NULL, '0.005', NULL),
(515, 3, 35, 2, 'Зеараленон ', 'Zearalenon ', 9, '0', NULL, '1', NULL),
(516, 3, 35, 4, 'цезий-137', 'seziy-137', 11, '0', NULL, '60', NULL),
(517, 3, 35, 4, 'стронций-90', 'stronsiy-90', 11, '0', NULL, '11', NULL),
(518, 3, 35, 4, ' Влажность', ' Namlik', 7, '12', NULL, '14', NULL),
(519, 3, 35, 4, 'Сырой протеин ', 'Xom protein ', 7, '10.1', NULL, '12.1', NULL),
(520, 3, 35, 4, 'Сырой жир ', 'Xom yog` ', 7, '1.2', NULL, '3.2', NULL),
(521, 3, 35, 4, 'Сырая клечатка ', 'Xom klechatka ', 7, '4.5', NULL, '6.5', NULL),
(522, 3, 35, 4, 'Кальций ', 'Kalsiy ', 7, '0.05', NULL, '0.07', NULL),
(523, 3, 35, 4, 'Фосфор ', 'Fosfor ', 7, '0.33', NULL, '0.35', NULL),
(524, 3, 35, 4, 'Натрий ', 'Natriy ', 7, '0.03', NULL, '0.05', NULL),
(525, 3, 36, 1, 'свинец', 'qo\'rg\'oshin', 9, '0', NULL, '0.5', NULL),
(526, 3, 36, 1, 'мышьяк', 'mishyak', 9, '0', NULL, '0.2', NULL),
(527, 3, 36, 1, 'кадмий', 'kadmiy', 9, '0', NULL, '0.1', NULL),
(528, 3, 36, 1, 'ртуть', 'simob', 9, '0', NULL, '0.03', NULL),
(529, 3, 36, 2, 'Афлатоксин В1', 'Аflatoksin В1', 9, '0', NULL, '0.005', NULL),
(530, 3, 36, 4, 'цезий-137', 'seziy-137', 11, '0', NULL, '60', NULL),
(531, 3, 36, 4, 'стронций-90', 'stronsiy-90', 11, '0', NULL, '11', NULL),
(532, 3, 36, 4, 'Влажность', 'Namlik', 7, '12', NULL, '14', NULL),
(533, 3, 36, 4, 'Сырой протеин ', 'Xom protein ', 7, '10', NULL, '12', NULL),
(534, 3, 36, 4, 'Сырой жир ', 'Xom yog` ', 7, '2.6', NULL, '4.6', NULL),
(535, 3, 36, 4, 'Сырая клечатка ', 'Xom klechatka ', 7, '8', NULL, '10', NULL),
(536, 3, 36, 4, 'Кальций ', 'Kalsiy ', 7, '0.06', NULL, '0.08', NULL),
(537, 3, 36, 4, 'Фосфор ', 'Fosfor ', 7, '0.29', NULL, '0.31', NULL),
(538, 3, 36, 4, 'Натрий ', 'Natriy ', 7, '0.02', NULL, '0.04', NULL),
(539, 3, 37, 1, 'свинец', 'qo\'rg\'oshin', 9, '0', NULL, '0.5', NULL),
(540, 3, 37, 1, 'мышьяк', 'mishyak', 9, '0', NULL, '0.2', NULL),
(541, 3, 37, 1, 'кадмий', 'kadmiy', 9, '0', NULL, '0.1', NULL),
(542, 3, 37, 1, 'ртуть', 'simob', 9, '0', NULL, '0.03', NULL),
(543, 3, 37, 2, 'Афлатоксин В1', 'Аflatoksin В1', 9, '0', NULL, '0.005', NULL),
(544, 3, 37, 2, 'Охратоксин А', 'Oxratoksin A', 9, '0', NULL, '0.005', NULL),
(545, 3, 37, 4, 'цезий-137', 'seziy-137', 11, '0', NULL, '60', NULL),
(546, 3, 37, 4, 'стронций-90', 'stronsiy-90', 11, '0', NULL, '11', NULL),
(547, 3, 37, 4, ' Влажность', ' Namlik', 7, '11', NULL, '13', NULL),
(548, 3, 37, 4, 'Сырой протеин ', 'Xom protein ', 7, '7.3', NULL, '9.3', NULL),
(549, 3, 37, 4, 'Сырой жир ', 'Xom yog` ', 7, '1.1', NULL, '3.1', NULL),
(550, 3, 37, 4, 'Сырая клечатка ', 'Xom klechatka ', 7, '7.4', NULL, '9.4', NULL),
(551, 3, 37, 4, 'Кальций ', 'Kalsiy ', 7, '0.06', NULL, '0.08', NULL),
(552, 3, 37, 4, 'Фосфор ', 'Fosfor ', 7, '0.22', NULL, '0.24', NULL),
(553, 3, 37, 4, 'Натрий ', 'Natriy ', 7, '0.02', NULL, '0.04', NULL),
(554, 3, 38, 1, 'свинец', 'qo\'rg\'oshin', 9, '0', NULL, '0.5', NULL),
(555, 3, 38, 1, 'мышьяк', 'mishyak', 9, '0', NULL, '0.2', NULL),
(556, 3, 38, 1, 'кадмий', 'kadmiy', 9, '0', NULL, '0.1', NULL),
(557, 3, 38, 1, 'ртуть', 'simob', 9, '0', NULL, '0.03', NULL),
(558, 3, 38, 2, 'Афлатоксин В1', 'Аflatoksin В1', 9, '0', NULL, '0.005', NULL),
(559, 3, 38, 4, 'цезий-137', 'seziy-137', 11, '0', NULL, '60', NULL),
(560, 3, 38, 4, 'стронций-90', 'stronsiy-90', 11, '0', NULL, '11', NULL),
(561, 3, 38, 4, 'Влажность', 'Namlik', 7, '11', NULL, '13', NULL),
(562, 3, 38, 4, 'Сырой протеин ', 'Xom protein ', 7, '9.3', NULL, '11.3', NULL),
(563, 3, 38, 4, 'Сырой жир ', 'Xom yog` ', 7, '1.8', NULL, '3.8', NULL),
(564, 3, 38, 4, 'Сырая клечатка ', 'Xom klechatka ', 7, '2.3', NULL, '4.3', NULL),
(565, 3, 38, 4, 'Кальций ', 'Kalsiy ', 7, '0.1', NULL, '0.12', NULL),
(566, 3, 38, 4, 'Фосфор ', 'Fosfor ', 7, '0.24', NULL, '0.26', NULL),
(567, 3, 38, 4, 'Натрий ', 'Natriy ', 7, '0.02', NULL, '0.04', NULL),
(568, 4, 39, 1, 'свинец', 'qo\'rg\'oshin', 9, '0', NULL, '0.5', NULL),
(569, 4, 39, 1, 'мышьяк', 'mishyak', 9, '0', NULL, '0.3', NULL),
(570, 4, 39, 1, 'кадмий', 'kadmiy', 9, '0', NULL, '0.1', NULL),
(571, 4, 39, 1, 'ртуть', 'simob', 9, '0', NULL, '0.02', NULL),
(572, 4, 39, 2, 'Афлатоксин В1', 'Аflatoksin В1', 9, '0', NULL, '0.005', NULL),
(573, 4, 39, 3, 'Гексахлорциклогексан (α, ß, γ-изомеры)', 'geksaxlorotsiklogeksan (a, ß, g-izomerlar)', 9, '0', NULL, '0.5', NULL),
(574, 4, 39, 3, 'ДДТ и его метоболиты', 'DDT va uning metobolitlari', 9, '0', NULL, '0.05', NULL),
(575, 4, 39, 3, 'Ртутьорганические 3 ', 'Рутьорганические 3 ', 9, '0', NULL, '0', NULL),
(576, 4, 39, 3, '2,4-Д кислоте, ее соли, эфиры ', '2,4-D kislota, uning tuzi, efiri ', 9, '0', NULL, '0', NULL),
(577, 4, 39, 4, 'цезий-137', 'seziy-137', 11, '0', NULL, '60', NULL),
(578, 4, 39, 4, 'стронций-90', 'stronsiy-90', 11, '0', NULL, '11', NULL),
(579, 4, 39, 4, ' Влажность', ' Namlik', 7, '13', NULL, '15', NULL),
(580, 4, 39, 4, 'Сырой протеин ', 'Xom protein ', 7, '24', NULL, '26', NULL),
(581, 4, 39, 4, 'Сырой жир ', 'Xom yog` ', 7, '0.5', NULL, '2.5', NULL),
(582, 4, 39, 4, 'Сырая клечатка ', 'Xom klechatka ', 7, '5.6', NULL, '7.6', NULL),
(583, 4, 39, 4, 'Кальций ', 'Kalsiy ', 7, '0.13', NULL, '0.15', NULL),
(584, 4, 39, 4, 'Фосфор ', 'Fosfor ', 7, '0.49', NULL, '0.51', NULL),
(585, 4, 39, 4, 'Натрий ', 'Natriy ', 7, '0.02', NULL, '0.04', NULL),
(586, 4, 40, 1, 'свинец', 'qo\'rg\'oshin', 9, '0', NULL, '0.5', NULL),
(587, 4, 40, 1, 'мышьяк', 'mishyak', 9, '0', NULL, '0.3', NULL),
(588, 4, 40, 1, 'кадмий', 'kadmiy', 9, '0', NULL, '0.1', NULL),
(589, 4, 40, 1, 'ртуть', 'simob', 9, '0', NULL, '0.02', NULL),
(590, 4, 40, 2, 'Афлатоксин В1', 'Аflatoksin В1', 9, '0', NULL, '0.005', NULL),
(591, 4, 40, 3, 'Гексахлорциклогексан (α, ß, γ-изомеры)', 'geksaxlorotsiklogeksan (a, ß, g-izomerlar)', 9, '0', NULL, '0.5', NULL),
(592, 4, 40, 3, 'ДДТ и его метоболиты', 'DDT va uning metobolitlari', 9, '0', NULL, '0.05', NULL),
(593, 4, 40, 3, 'Ртутьорганические 3 ', 'Рутьорганические 3 ', 9, '0', NULL, '0', NULL),
(594, 4, 40, 3, '2,4-Д кислоте, ее соли, эфиры ', '2,4-D kislota, uning tuzi, efiri ', 9, '0', NULL, '0', NULL),
(595, 4, 40, 4, 'цезий-137', 'seziy-137', 11, '0', NULL, '60', NULL),
(596, 4, 40, 4, 'стронций-90', 'stronsiy-90', 11, '0', NULL, '11', NULL),
(597, 4, 40, 4, 'Влажность', 'Namlik', 7, '13', NULL, '15', NULL),
(598, 4, 40, 4, 'Сырой протеин ', 'Xom protein ', 7, '20.2', NULL, '22.2', NULL),
(599, 4, 40, 4, 'Сырой жир ', 'Xom yog` ', 7, '0.5', NULL, '2.5', NULL),
(600, 4, 40, 4, 'Сырая клечатка ', 'Xom klechatka ', 7, '4.4', NULL, '6.4', NULL),
(601, 4, 40, 4, 'Кальций ', 'Kalsiy ', 7, '0.13', NULL, '0.15', NULL),
(602, 4, 40, 4, 'Фосфор ', 'Fosfor ', 7, '0.36', NULL, '0.38', NULL),
(603, 4, 40, 4, 'Натрий ', 'Natriy ', 7, '0.02', NULL, '0.04', NULL),
(604, 4, 41, 1, 'свинец', 'qo\'rg\'oshin', 9, '0', NULL, '0.5', NULL),
(605, 4, 41, 1, 'мышьяк', 'mishyak', 9, '0', NULL, '0.3', NULL),
(606, 4, 41, 1, 'кадмий', 'kadmiy', 9, '0', NULL, '0.1', NULL),
(607, 4, 41, 1, 'ртуть', 'simob', 9, '0', NULL, '0.02', NULL),
(608, 4, 41, 2, 'Афлатоксин В1', 'Аflatoksin В1', 9, '0', NULL, '0.005', NULL),
(609, 4, 41, 3, 'Гексахлорциклогексан (α, ß, γ-изомеры)', 'geksaxlorotsiklogeksan (a, ß, g-izomerlar)', 9, '0', NULL, '0.5', NULL),
(610, 4, 41, 3, 'ДДТ и его метоболиты', 'DDT va uning metobolitlari', 9, '0', NULL, '0.05', NULL),
(611, 4, 41, 3, 'Ртутьорганические 3 ', 'Рутьорганические 3 ', 9, '0', NULL, '0', NULL),
(612, 4, 41, 3, '2,4-Д кислоте, ее соли, эфиры ', '2,4-D kislota, uning tuzi, efiri ', 9, '0', NULL, '0', NULL),
(613, 4, 41, 4, 'цезий-137', 'seziy-137', 11, '0', NULL, '60', NULL),
(614, 4, 41, 4, 'стронций-90', 'stronsiy-90', 11, '0', NULL, '11', NULL),
(615, 4, 41, 4, ' Влажность', ' Namlik', 7, '15', NULL, '18', NULL),
(616, 4, 42, 1, 'свинец', 'qo\'rg\'oshin', 9, '0', NULL, '0.5', NULL),
(617, 4, 42, 1, 'мышьяк', 'mishyak', 9, '0', NULL, '0.3', NULL),
(618, 4, 42, 1, 'кадмий', 'kadmiy', 9, '0', NULL, '0.1', NULL),
(619, 4, 42, 1, 'ртуть', 'simob', 9, '0', NULL, '0.02', NULL),
(620, 4, 42, 2, 'Афлатоксин В1', 'Аflatoksin В1', 9, '0', NULL, '0.005', NULL),
(621, 4, 42, 3, 'Гексахлорциклогексан (α, ß, γ-изомеры)', 'geksaxlorotsiklogeksan (a, ß, g-izomerlar)', 9, '0', NULL, '0.5', NULL),
(622, 4, 42, 3, 'ДДТ и его метоболиты', 'DDT va uning metobolitlari', 9, '0', NULL, '0.05', NULL),
(623, 4, 42, 3, 'Ртутьорганические 3 ', 'simobорганические 3 ', 9, '0', NULL, '0', NULL),
(624, 4, 42, 3, '2,4-Д кислоте, ее соли, эфиры ', '2,4-D kislota, uning tuzi, efiri ', 9, '0', NULL, '0', NULL),
(625, 4, 42, 4, 'цезий-137', 'seziy-137', 11, '0', NULL, '60', NULL),
(626, 4, 42, 4, 'стронций-90', 'stronsiy-90', 11, '0', NULL, '11', NULL),
(627, 4, 42, 4, 'Влажность', 'Namlik', 7, '13', NULL, '15', NULL),
(628, 4, 42, 4, 'Сырой протеин ', 'Xom protein ', 7, '21.6', NULL, '23.6', NULL),
(629, 4, 42, 4, 'Сырой жир ', 'Xom yog` ', 7, '3.7', NULL, '5.7', NULL),
(630, 4, 42, 4, 'Сырая клечатка ', 'Xom klechatka ', 7, '1.5', NULL, '3.5', NULL),
(631, 4, 42, 4, 'Кальций ', 'Kalsiy ', 7, '0.06', NULL, '0.08', NULL),
(632, 4, 42, 4, 'Фосфор ', 'Fosfor ', 7, '0.29', NULL, '0.31', NULL),
(633, 4, 42, 4, 'Натрий ', 'Natriy ', 7, '0.02', NULL, '0.04', NULL),
(634, 4, 43, 1, 'свинец', 'qo\'rg\'oshin', 9, '0', NULL, '0.5', NULL),
(635, 4, 43, 1, 'мышьяк', 'mishyak', 9, '0', NULL, '0.3', NULL);
INSERT INTO `template_food` (`id`, `category_id`, `food_id`, `group_id`, `name_ru`, `name_uz`, `unit_id`, `min_1`, `min_2`, `max_1`, `max_2`) VALUES
(636, 4, 43, 1, 'кадмий', 'kadmiy', 9, '0', NULL, '0.1', NULL),
(637, 4, 43, 1, 'ртуть', 'simob', 9, '0', NULL, '0.02', NULL),
(638, 4, 43, 2, 'Афлатоксин В1', 'Аflatoksin В1', 9, '0', NULL, '0.005', NULL),
(639, 4, 43, 3, 'Гексахлорциклогексан (α, ß, γ-изомеры)', 'geksaxlorotsiklogeksan (a, ß, g-izomerlar)', 9, '0', NULL, '0.5', NULL),
(640, 4, 43, 3, 'ДДТ и его метоболиты', 'DDT va uning metobolitlari', 9, '0', NULL, '0.05', NULL),
(641, 4, 43, 3, 'Ртутьорганические 3 ', 'Рутьорганические 3 ', 9, '0', NULL, '0', NULL),
(642, 4, 43, 3, '2,4-Д кислоте, ее соли, эфиры ', '2,4-D kislota, uning tuzi, efiri ', 9, '0', NULL, '0', NULL),
(643, 4, 43, 4, 'цезий-137', 'seziy-137', 11, '0', NULL, '60', NULL),
(644, 4, 43, 4, 'стронций-90', 'stronsiy-90', 11, '0', NULL, '11', NULL),
(645, 4, 43, 4, 'Влажность', 'Namlik', 7, '13', NULL, '15', NULL),
(646, 4, 43, 4, 'Сырой протеин ', 'Xom protein ', 7, '24.2', NULL, '26.2', NULL),
(647, 4, 43, 4, 'Сырой жир ', 'Xom yog` ', 7, '0.3', NULL, '2.3', NULL),
(648, 4, 43, 4, 'Сырая клечатка ', 'Xom klechatka ', 7, '3.3', NULL, '5.3', NULL),
(649, 4, 43, 4, 'Кальций ', 'Kalsiy ', 7, '0.11', NULL, '0.13', NULL),
(650, 4, 43, 4, 'Фосфор ', 'Fosfor ', 7, '0.44', NULL, '0.46', NULL),
(651, 4, 43, 4, 'Натрий ', 'Natriy ', 7, '0.02', NULL, '0.04', NULL),
(652, 4, 44, 1, 'свинец', 'qo\'rg\'oshin', 9, '0', NULL, '0.5', NULL),
(653, 4, 44, 1, 'мышьяк', 'mishyak', 9, '0', NULL, '0.3', NULL),
(654, 4, 44, 1, 'кадмий', 'kadmiy', 9, '0', NULL, '0.1', NULL),
(655, 4, 44, 1, 'ртуть', 'simob', 9, '0', NULL, '0.02', NULL),
(656, 4, 44, 2, 'Афлатоксин В1', 'Аflatoksin В1', 9, '0', NULL, '0.005', NULL),
(657, 4, 44, 3, 'Гексахлорциклогексан (α, ß, γ-изомеры)', 'geksaxlorotsiklogeksan (a, ß, g-izomerlar)', 9, '0', NULL, '0.5', NULL),
(658, 4, 44, 3, 'ДДТ и его метоболиты', 'DDT va uning metobolitlari', 9, '0', NULL, '0.05', NULL),
(659, 4, 44, 3, 'Ртутьорганические 3 ', 'Рутьорганические 3 ', 9, '0', NULL, '0', NULL),
(660, 4, 44, 3, '2,4-Д кислоте, ее соли, эфиры ', '2,4-D kislota, uning tuzi, efiri ', 9, '0', NULL, '0', NULL),
(661, 4, 44, 4, 'цезий-137', 'seziy-137', 11, '0', NULL, '60', NULL),
(662, 4, 44, 4, 'стронций-90', 'stronsiy-90', 11, '0', NULL, '11', NULL),
(663, 4, 44, 4, 'Влажность', 'Namlik', 7, '13', NULL, '15', NULL),
(664, 5, 45, 1, 'свинец', 'qo\'rg\'oshin', 9, '0', NULL, '1', NULL),
(665, 5, 45, 1, 'мышьяк', 'mishyak', 9, '0', NULL, '0.3', NULL),
(666, 5, 45, 1, 'кадмий', 'kadmiy', 9, '0.1', NULL, '0.35', NULL),
(667, 5, 45, 1, 'ртуть', 'simob', 9, '0', NULL, '0.05', NULL),
(668, 5, 45, 2, 'Афлатоксин В1', 'Аflatoksin В1', 9, '0', NULL, '0.005', NULL),
(669, 5, 45, 3, 'Гексахлорциклогексан (α, ß, γ-изомеры)', 'geksaxlorotsiklogeksan (a, ß, g-izomerlar)', 9, '0', NULL, '0.5', NULL),
(670, 5, 45, 3, 'ДДТ и его метоболиты', 'DDT va uning metobolitlari', 9, '0', NULL, '0.15', NULL),
(671, 5, 45, 4, 'цезий-137', 'seziy-137', 11, '0', NULL, '60', NULL),
(672, 5, 45, 4, 'стронций-90', 'stronsiy-90', 11, '0', NULL, '11', NULL),
(673, 5, 45, 4, 'Влажность', 'Namlik', 7, '8.1', NULL, '9', NULL),
(674, 5, 46, 1, 'свинец', 'qo\'rg\'oshin', 9, '0', NULL, '1', NULL),
(675, 5, 46, 1, 'мышьяк', 'mishyak', 9, '0', NULL, '0.3', NULL),
(676, 5, 46, 1, 'кадмий', 'kadmiy', 9, '0.1', NULL, '0.35', NULL),
(677, 5, 46, 1, 'ртуть', 'simob', 9, '0', NULL, '0.05', NULL),
(678, 5, 46, 2, 'Афлатоксин В1', 'Аflatoksin В1', 9, '0', NULL, '0.005', NULL),
(679, 5, 46, 3, 'Гексахлорциклогексан (α, ß, γ-изомеры)', 'geksaxlorotsiklogeksan (a, ß, g-izomerlar)', 9, '0', NULL, '0.2', NULL),
(680, 5, 46, 3, 'ДДТ и его метоболиты', 'DDT va uning metobolitlari', 9, '0', NULL, '0.05', NULL),
(681, 5, 46, 3, 'Зараженность вредителями ', 'Zararkunanda bilan zararlanish ', 9, '0', NULL, '0', NULL),
(682, 5, 46, 4, 'цезий-137', 'seziy-137', 11, '0', NULL, '60', NULL),
(683, 5, 46, 4, 'стронций-90', 'stronsiy-90', 11, '0', NULL, '11', NULL),
(684, 5, 46, 4, 'Влажность', 'Namlik', 7, '13', NULL, '15', NULL),
(685, 5, 46, 4, 'Сырой протеин ', 'Xom protein ', 7, '33', NULL, '35', NULL),
(686, 5, 46, 4, 'Сырой жир ', 'Xom yog` ', 7, '15.6', NULL, '17.6', NULL),
(687, 5, 46, 4, 'Сырая клечатка ', 'Xom klechatka ', 7, '5', NULL, '7', NULL),
(688, 5, 46, 4, 'Кальций ', 'Kalsiy ', 7, '0.29', NULL, '0.31', NULL),
(689, 5, 46, 4, 'Фосфор ', 'Fosfor ', 7, '0.54', NULL, '0.56', NULL),
(690, 5, 46, 4, 'Натрий ', 'Natriy ', 7, '0.02', NULL, '0.04', NULL),
(691, 5, 47, 1, 'свинец', 'qo\'rg\'oshin', 9, '0', NULL, '1', NULL),
(692, 5, 47, 1, 'мышьяк', 'mishyak', 9, '0', NULL, '0.3', NULL),
(693, 5, 47, 1, 'кадмий', 'kadmiy', 9, '0.1', NULL, '0.35', NULL),
(694, 5, 47, 1, 'ртуть', 'simob', 9, '0', NULL, '0.05', NULL),
(695, 5, 47, 2, 'Афлатоксин В1', 'Аflatoksin В1', 9, '0', NULL, '0.005', NULL),
(696, 5, 47, 3, 'Гексахлорциклогексан (α, ß, γ-изомеры)', 'geksaxlorotsiklogeksan (a, ß, g-izomerlar)', 9, '0', NULL, '0.2', NULL),
(697, 5, 47, 3, 'ДДТ и его метоболиты', 'DDT va uning metobolitlari', 9, '0', NULL, '0.05', NULL),
(698, 5, 47, 3, 'Зараженность вредителями ', 'Zararkunanda bilan zararlanish ', 9, '0', NULL, '0', NULL),
(699, 5, 47, 4, 'цезий-137', 'seziy-137', 11, '0', NULL, '60', NULL),
(700, 5, 47, 4, 'стронций-90', 'stronsiy-90', 11, '0', NULL, '11', NULL),
(701, 5, 47, 4, 'Влажность', 'Namlik', 7, '8.7', NULL, '14.9', NULL),
(702, 5, 48, 1, 'свинец', 'qo\'rg\'oshin', 9, '0', NULL, '1', NULL),
(703, 5, 48, 1, 'мышьяк', 'mishyak', 9, '0', NULL, '0.3', NULL),
(704, 5, 48, 1, 'кадмий', 'kadmiy', 9, '0.1', NULL, '0.35', NULL),
(705, 5, 48, 1, 'ртуть', 'simob', 9, '0', NULL, '0.05', NULL),
(706, 5, 48, 2, 'Афлатоксин В1', 'Аflatoksin В1', 9, '0', NULL, '0.005', NULL),
(707, 5, 48, 3, 'Гексахлорциклогексан (α, ß, γ-изомеры)', 'geksaxlorotsiklogeksan (a, ß, g-izomerlar)', 9, '0', NULL, '0.4', NULL),
(708, 5, 48, 3, 'ДДТ и его метоболиты', 'DDT va uning metobolitlari', 9, '0', NULL, '0.1', NULL),
(709, 5, 48, 3, 'Зараженность вредителями ', 'Zararkunanda bilan zararlanish ', 9, '0', NULL, '0', NULL),
(710, 5, 48, 4, 'цезий-137', 'seziy-137', 9, '0', NULL, '60', NULL),
(711, 5, 48, 4, 'стронций-90', 'stronsiy-90', 9, '0', NULL, '11', NULL),
(712, 5, 48, 4, 'Влажность', 'Namlik', 9, '10', NULL, '12', NULL),
(713, 5, 49, 1, 'свинец', 'qo\'rg\'oshin', 9, '0', NULL, '1', NULL),
(714, 5, 49, 1, 'мышьяк', 'mishyak', 9, '0', NULL, '0.3', NULL),
(715, 5, 49, 1, 'кадмий', 'kadmiy', 9, '0.1', NULL, '0.35', NULL),
(716, 5, 49, 1, 'ртуть', 'simob', 9, '0', NULL, '0.05', NULL),
(717, 5, 49, 2, 'Афлатоксин В1', 'Аflatoksin В1', 9, '0', NULL, '0.005', NULL),
(718, 5, 49, 3, 'Гексахлорциклогексан (α, ß, γ-изомеры)', 'geksaxlorotsiklogeksan (a, ß, g-izomerlar)', 9, '0', NULL, '0.4', NULL),
(719, 5, 49, 3, 'ДДТ и его метоболиты', 'DDT va uning metobolitlari', 9, '0', NULL, '0.1', NULL),
(720, 5, 49, 3, 'Зараженность вредителями ', 'Zararkunanda bilan zararlanish ', 9, '0', NULL, '0', NULL),
(721, 5, 49, 4, 'цезий-137', 'seziy-137', 11, '0', NULL, '60', NULL),
(722, 5, 49, 4, 'стронций-90', 'stronsiy-90', 11, '0', NULL, '11', NULL),
(723, 5, 49, 4, 'Влажность', 'Namlik', 7, '10', NULL, '12', NULL),
(724, 5, 50, 1, 'свинец', 'qo\'rg\'oshin', 9, '0', NULL, '1', NULL),
(725, 5, 50, 1, 'мышьяк', 'mishyak', 9, '0', NULL, '0.3', NULL),
(726, 5, 50, 1, 'кадмий', 'kadmiy', 9, '0.1', NULL, '0.35', NULL),
(727, 5, 50, 1, 'ртуть', 'simob', 9, '0', NULL, '0.05', NULL),
(728, 5, 50, 2, 'Афлатоксин В1', 'Аflatoksin В1', 9, '0', NULL, '0.005', NULL),
(729, 5, 50, 3, 'Зараженность вредителями ', 'Zararkunanda bilan zararlanish ', 9, '0', NULL, '0', NULL),
(730, 5, 50, 4, 'цезий-137', 'seziy-137', 11, '0', NULL, '60', NULL),
(731, 5, 50, 4, 'стронций-90', 'stronsiy-90', 11, '0', NULL, '11', NULL),
(732, 5, 50, 4, 'Влажность', 'Namlik', 7, '10', NULL, '12', NULL),
(733, 5, 51, 1, 'свинец', 'qo\'rg\'oshin', 9, '0', NULL, '1', NULL),
(734, 5, 51, 1, 'мышьяк', 'mishyak', 9, '0', NULL, '0.3', NULL),
(735, 5, 51, 1, 'кадмий', 'kadmiy', 9, '0.1', NULL, '0.35', NULL),
(736, 5, 51, 1, 'ртуть', 'simob', 9, '0', NULL, '0.05', NULL),
(737, 5, 51, 2, 'Афлатоксин В1', 'Аflatoksin В1', 9, '0', NULL, '0.005', NULL),
(738, 5, 51, 3, 'Гексахлорциклогексан (α, ß, γ-изомеры)', 'geksaxlorotsiklogeksan (a, ß, g-izomerlar)', 9, '0', NULL, '0.5', NULL),
(739, 5, 51, 3, 'ДДТ и его метоболиты', 'DDT va uning metobolitlari', 9, '0', NULL, '0.15', NULL),
(740, 5, 51, 3, 'Зараженность вредителями ', 'Zararkunanda bilan zararlanish ', 9, '0', NULL, '0', NULL),
(741, 5, 51, 4, 'цезий-137', 'seziy-137', 11, '0', NULL, '60', NULL),
(742, 5, 51, 4, 'стронций-90', 'stronsiy-90', 11, '0', NULL, '11', NULL),
(743, 5, 51, 4, 'Влажность', 'Namlik', 7, '7', NULL, '9', NULL),
(744, 6, 52, 1, 'свинец', 'qo\'rg\'oshin', 9, '0', NULL, '0.5', NULL),
(745, 6, 52, 1, 'кадмий', 'kadmiy', 9, '0', NULL, '0.1', NULL),
(746, 6, 52, 1, 'ртуть', 'simob', 9, '0', NULL, '0.02', NULL),
(747, 6, 52, 2, 'Зеараленон', 'Zearalenon', 9, '0', NULL, '0.1', NULL),
(748, 6, 52, 2, 'Т-2 токсина ', 'Т-2 toksin', 9, '0', NULL, '0.1', NULL),
(749, 6, 52, 2, 'Дезаксиниваленола ', 'Дезаксиниваленола ', 9, '0', NULL, '1', NULL),
(750, 6, 52, 3, 'Зараженность вредителями ', 'Zararkunanda bilan zararlanish ', 9, '0', NULL, '0', NULL),
(751, 6, 52, 3, ' Влажность', ' Namlik', 7, '7', NULL, '11', NULL),
(752, 6, 52, 3, 'Сырой протеин ', 'Xom protein ', 7, '25', NULL, '42.9', NULL),
(753, 6, 52, 3, 'Сырой жир ', 'Xom yog` ', 7, '1.5', NULL, '1.7', NULL),
(754, 6, 52, 3, 'Сырая клечатка ', 'Xom klechatka ', 7, '15', NULL, '23', NULL),
(755, 6, 52, 3, 'Кальций ', 'Kalsiy ', 7, '0.3', NULL, '0.32', NULL),
(756, 6, 52, 3, 'Фосфор ', 'Fosfor ', 7, '0.91', NULL, '1', NULL),
(757, 6, 52, 3, 'Натрий ', 'Natriy ', 7, '0.07', NULL, '0.09', NULL),
(758, 6, 52, 3, 'Зола ', 'Зола ', 7, '6.4', NULL, '6.5', NULL),
(759, 6, 53, 1, 'свинец', 'qo\'rg\'oshin', 9, '0', NULL, '0.5', NULL),
(760, 6, 53, 1, 'кадмий', 'kadmiy', 9, '0.1', NULL, '0.5', NULL),
(761, 6, 53, 1, 'ртуть', 'simob', 9, '0', NULL, '0.02', NULL),
(762, 6, 53, 2, 'Зеараленон', 'Zearalenon', 9, '0', NULL, '1', NULL),
(763, 6, 53, 2, 'Т-2 токсина ', 'Т-2 toksin', 9, '0', NULL, '0.1', NULL),
(764, 6, 53, 2, 'Дезаксиниваленола ', 'Dezaksinivalenol', 9, '0', NULL, '1', NULL),
(765, 6, 53, 3, 'Зараженность вредителями ', 'Zararkunanda bilan zararlanish ', 9, '0', NULL, '0', NULL),
(766, 6, 53, 3, ' Влажность', ' Namlik', 7, '7', NULL, '9', NULL),
(767, 6, 53, 3, 'Сырой протеин ', 'Xom protein ', 7, '39.2', NULL, '41.2', NULL),
(768, 6, 53, 3, 'Сырой жир ', 'Xom yog` ', 7, '6.5', NULL, '7.5', NULL),
(769, 6, 53, 3, 'Сырая клечатка ', 'Xom klechatka ', 7, '12.3', NULL, '14.3', NULL),
(770, 6, 53, 3, 'Кальций ', 'Kalsiy ', 7, '0.3', NULL, '0.33', NULL),
(771, 6, 53, 3, 'Фосфор ', 'Fosfor ', 7, '0.9', NULL, '0.92', NULL),
(772, 6, 53, 3, 'Натрий ', 'Natriy ', 7, '0.08', NULL, '0.1', NULL),
(773, 6, 54, 1, 'свинец', 'qo\'rg\'oshin', 9, '0', NULL, '5', NULL),
(774, 6, 54, 1, 'кадмий', 'kadmiy', 9, '0', NULL, '0.5', NULL),
(775, 6, 54, 1, 'ртуть', 'simob', 9, '0', NULL, '0.1', NULL),
(776, 6, 54, 2, 'Афлатоксин В1', 'Аflatoksin В1', 9, '0', NULL, '0.025', NULL),
(777, 6, 54, 2, 'Т-2 токсина ', 'Т-2 toksin', 9, '0', NULL, '0.1', NULL),
(778, 6, 54, 2, 'Зеараленон  ', 'Zearalenon  ', 9, '0', NULL, '1', NULL),
(779, 6, 54, 4, 'цезий-137', 'seziy-137', 11, '0', NULL, '600', NULL),
(780, 6, 54, 4, 'стронций-90', 'stronsiy-90', 11, '0', NULL, '100', NULL),
(781, 6, 54, 4, ' Влажность', ' Namlik', 7, '9', NULL, '12', NULL),
(782, 6, 54, 4, 'Сырой протеин ', 'Xom protein ', 7, '35.6', NULL, '52', NULL),
(783, 6, 54, 4, 'Сырой жир ', 'Xom yog` ', 7, '0.5', NULL, '5.8', NULL),
(784, 6, 54, 4, 'Сырая клечатка ', 'Xom klechatka ', 7, '4', NULL, '8', NULL),
(785, 6, 54, 4, 'Кальций ', 'Kalsiy ', 7, '0.41', NULL, '0.43', NULL),
(786, 6, 54, 4, 'Фосфор ', 'Fosfor ', 7, '0.62', NULL, '0.64', NULL),
(787, 6, 54, 4, 'Натрий ', 'Natriy ', 7, '0.03', NULL, '0.05', NULL),
(788, 6, 54, 4, 'Зола ', 'Зола ', 7, '5', NULL, '7.5', NULL),
(789, 6, 3, 1, 'свинец', 'qo\'rg\'oshin', 9, '0', NULL, '0.5', NULL),
(790, 6, 55, 1, 'кадмий', 'kadmiy', 9, '0', NULL, '0.1', NULL),
(791, 6, 55, 2, 'Зеараленон', 'Zearalenon', 9, '0', NULL, '0', NULL),
(792, 6, 55, 2, 'Т-2 токсина ', 'Т-2 toksin', 9, '0', NULL, '0.1', NULL),
(793, 6, 55, 2, 'Афлатоксина В1', 'Афлатоксина В1', 9, '0', NULL, '0.005', NULL),
(794, 6, 55, 3, 'Зараженность вредителями ', 'Zararkunanda bilan zararlanish ', 9, '0', NULL, '0', NULL),
(795, 6, 55, 3, 'Уреаза ', 'Уреаза ', 19, '0.1', NULL, '0.3', NULL),
(796, 6, 55, 3, ' Влажность', 'Namlik', 7, '7', NULL, '10', NULL),
(797, 6, 55, 3, 'Сырой протеин ', 'Xom protein ', 7, '41.5', NULL, '43.5', NULL),
(798, 6, 55, 3, 'Сырой жир ', 'Xom yog` ', 7, '5.7', NULL, '5.9', NULL),
(799, 6, 55, 3, 'Сырая клечатка ', 'Xom klechatka ', 7, '7', NULL, '7.3', NULL),
(800, 6, 55, 3, 'Кальций ', 'Kalsiy ', 7, '0.41', NULL, '0.43', NULL),
(801, 6, 55, 3, 'Фосфор ', 'Fosfor ', 7, '0.62', NULL, '0.64', NULL),
(802, 6, 55, 3, 'Натрий ', 'Natriy ', 7, '0.03', NULL, '0.05', NULL),
(803, 6, 55, 3, 'Зола ', 'Зола ', 7, '1.4', NULL, '1.6', NULL),
(804, 6, 56, 3, 'Гексахлорциклогексан (α, ß, γ-изомеры)', 'geksaxlorotsiklogeksan (a, ß, g-izomerlar)', 9, '0', NULL, '0.2', NULL),
(805, 6, 56, 3, 'ДДТ и его метоболиты', 'DDT va uning metobolitlari', 9, '0', NULL, '0.05', NULL),
(806, 6, 56, 3, 'Гептахлор (епоксид гептахлора )', 'Гептахлор (епоксид гептахлора )', 9, '0', NULL, '0', NULL),
(807, 6, 56, 3, ' Влажность', ' Namlik', 7, '7', NULL, '11', NULL),
(808, 6, 56, 3, 'Сырой протеин ', 'Xom protein ', 7, '36', NULL, '44', NULL),
(809, 6, 56, 3, 'Сырой жир ', 'Xom yog` ', 7, '1.5', NULL, '2.6', NULL),
(810, 6, 56, 3, 'Сырая клечатка ', 'Xom klechatka ', 7, '14', NULL, '25', NULL),
(811, 6, 56, 3, 'Кальций ', 'Kalsiy ', 7, '0.27', NULL, '0.29', NULL),
(812, 6, 56, 3, 'Фосфор ', 'Fosfor ', 7, '1.09', NULL, '1.15', NULL),
(813, 6, 56, 3, 'Натрий ', 'Natriy ', 7, '0.03', NULL, '0.05', NULL),
(814, 6, 56, 3, 'Зола ', 'Зола ', 7, '0.5', NULL, '1', NULL),
(815, 6, 57, 3, 'Гексахлорциклогексан (α, ß, γ-изомеры)', 'geksaxlorotsiklogeksan (a, ß, g-izomerlar)', 9, '0', NULL, '0.2', NULL),
(816, 6, 57, 3, 'ДДТ и его метоболиты', 'DDT va uning metobolitlari', 9, '0', NULL, '0.05', NULL),
(817, 6, 57, 3, 'Гептахлор (епоксид гептахлора )', 'Гептахлор (епоксид гептахлора )', 9, '0', NULL, '0', NULL),
(818, 6, 57, 3, ' Влажность', ' Namlik', 7, '6', NULL, '8', NULL),
(819, 6, 57, 3, 'Сырой протеин ', 'Xom protein ', 7, '30', NULL, '38', NULL),
(820, 6, 57, 3, 'Сырой жир ', 'Xom yog` ', 7, '7', NULL, '9', NULL),
(821, 6, 57, 3, 'Сырая клечатка ', 'Xom klechatka ', 7, '12', NULL, '16', NULL),
(822, 6, 57, 3, 'Кальций ', 'Kalsiy ', 7, '0.35', NULL, '0.37', NULL),
(823, 6, 57, 3, 'Фосфор ', 'Fosfor ', 7, '0.94', NULL, '0.96', NULL),
(824, 6, 57, 3, 'Натрий ', 'Natriy ', 7, '0.05', NULL, '0.07', NULL),
(825, 6, 57, 3, 'Зола ', 'Зола ', 7, '1.8', NULL, '2', NULL),
(826, 6, 58, 3, ' Влажность', ' Namlik', 7, '8', NULL, '10', NULL),
(827, 6, 58, 3, 'Сырой протеин ', 'Xom protein ', 7, '49', NULL, '51', NULL),
(828, 6, 58, 3, 'Сырой жир ', 'Xom yog` ', 7, '1.1', NULL, '1.3', NULL),
(829, 6, 58, 3, 'Сырая клечатка ', 'Xom klechatka ', 7, '7.8', NULL, '9.8', NULL),
(830, 6, 58, 3, 'Кальций ', 'Kalsiy ', 7, '0.17', NULL, '0.19', NULL),
(831, 6, 58, 3, 'Фосфор ', 'Fosfor ', 7, '0.52', NULL, '0.54', NULL),
(832, 6, 58, 3, 'Натрий ', 'Natriy ', 7, '0.04', NULL, '0.06', NULL),
(833, 6, 59, 3, 'ГХЦГ(сумма изомеров)', 'ГХЦГ(сумма изомеров)', 9, '0', NULL, '0.1', NULL),
(834, 6, 59, 3, 'ДДТ (сумма изомеров и метаболитов)', 'DDT va uning metobolitlari', 9, '0', NULL, '0.02', NULL),
(835, 6, 59, 3, 'Гептахлор (эпоксид гептахлора)', 'Гептахлор (эпоксид гептахлора)', 9, '0', NULL, '0.02', NULL),
(836, 6, 59, 3, ' Влажность', ' Namlik', 7, '6', NULL, '8.5', NULL),
(837, 6, 59, 3, 'Сырой протеин ', 'Xom protein ', 7, '47.5', NULL, '52', NULL),
(838, 6, 59, 3, 'Сырой жир ', 'Xom yog` ', 7, '5.7', NULL, '6.5', NULL),
(839, 6, 59, 3, 'Сырая клечатка ', 'Xom klechatka ', 7, '4.5', NULL, '5', NULL),
(840, 6, 59, 3, 'Кальций ', 'Kalsiy ', 7, '0.17', NULL, '0.19', NULL),
(841, 6, 59, 3, 'Фосфор ', 'Fosfor ', 7, '0.52', NULL, '0.54', NULL),
(842, 6, 59, 3, 'Натрий ', 'Natriy ', 7, '0.04', NULL, '0.06', NULL),
(843, 6, 59, 3, 'Зола ', 'Зола ', 7, '0.1', NULL, '0.3', NULL),
(844, 6, 60, 3, ' Влажность', ' Namlik', 7, '8', NULL, '10', NULL),
(845, 6, 60, 3, 'Сырой протеин ', 'Xom protein ', 7, '33', NULL, '35', NULL),
(846, 6, 60, 3, 'Сырой жир ', 'Xom yog` ', 7, '9', NULL, '11', NULL),
(847, 6, 60, 3, 'Зола ', 'Зола ', 7, '6', NULL, '8', NULL),
(848, 6, 61, 3, ' Влажность', ' Namlik', 7, '8', NULL, '10', NULL),
(849, 6, 61, 3, 'Сырой протеин ', 'Xom protein ', 7, '29', NULL, '31', NULL),
(850, 6, 61, 3, 'Сырой жир ', 'Xom yog` ', 7, '9', NULL, '11', NULL),
(851, 6, 61, 3, 'Зола ', 'Зола ', 7, '6', NULL, '8', NULL),
(852, 6, 62, 1, 'свинец', 'qo\'rg\'oshin', 9, '0', NULL, '0.5', NULL),
(853, 6, 62, 1, 'кадмий', 'kadmiy', 9, '0', NULL, '0.1', NULL),
(854, 6, 62, 1, 'Ртут', 'Ртут', 9, '0', NULL, '0.02', NULL),
(855, 6, 62, 2, 'Зеараленона ', 'Zearalenonа ', 9, '0', NULL, '1', NULL),
(856, 6, 62, 2, 'Т-2 токсина ', 'Т-2 toksin', 9, '0', NULL, '0.1', NULL),
(857, 6, 62, 2, 'Афлатоксина В1', 'Афлатоксина В1', 9, '0', NULL, '0.025', NULL),
(858, 6, 62, 3, 'Зараженность вредителями ', 'Zararkunanda bilan zararlanish ', 9, '0', NULL, '0', NULL),
(859, 6, 62, 3, ' Влажность', ' Namlik', 7, '7.5', NULL, '9.5', NULL),
(860, 6, 62, 3, 'Сырой протеин ', 'Xom protein ', 7, '32.3', NULL, '34.3', NULL),
(861, 6, 62, 3, 'Сырой жир ', 'Xom yog` ', 7, '1.7', NULL, '1.9', NULL),
(862, 6, 62, 3, 'Сырая клечатка ', 'Xom klechatka ', 7, '8.8', NULL, '10.8', NULL),
(863, 6, 62, 3, 'Кальций ', 'Kalsiy ', 7, '0.32', NULL, '0.34', NULL),
(864, 6, 62, 3, 'Фосфор ', 'Fosfor ', 7, '0.75', NULL, '0.77', NULL),
(865, 6, 62, 3, 'Натрий ', 'Natriy ', 7, '0.05', NULL, '0.07', NULL),
(866, 6, 63, 1, 'свинец', 'qo\'rg\'oshin', 9, '0', NULL, '0.5', NULL),
(867, 6, 63, 1, 'кадмий', 'kadmiy', 9, '0', NULL, '0.1', NULL),
(868, 6, 63, 1, 'Ртут', 'Ртут', 9, '0', NULL, '0.02', NULL),
(869, 6, 63, 2, 'Зеараленона ', 'Zearalenonа ', 9, '0', NULL, '1', NULL),
(870, 6, 63, 2, 'Т-2 токсина ', 'Т-2 toksin', 9, '0', NULL, '0.1', NULL),
(871, 6, 63, 2, 'Афлатоксина В1', 'Афлатоксина В1', 9, '0', NULL, '0.005', NULL),
(872, 6, 63, 3, 'Зараженность вредителями ', 'Zararkunanda bilan zararlanish ', 9, '0', NULL, '0', NULL),
(873, 6, 63, 4, 'цезий-137', 'seziy-137', 11, '0', NULL, '600', NULL),
(874, 6, 63, 4, ' Влажность', ' Namlik', 7, '6', NULL, '8', NULL),
(875, 6, 63, 4, 'Сырой протеин ', 'Xom protein ', 7, '31.6', NULL, '34', NULL),
(876, 6, 63, 4, 'Сырой жир ', 'Xom yog` ', 7, '6.3', NULL, '6.5', NULL),
(877, 6, 63, 4, 'Сырая клечатка ', 'Xom klechatka ', 7, '8.6', NULL, '10.6', NULL),
(878, 6, 63, 4, 'Кальций ', 'Kalsiy ', 7, '0.35', NULL, '0.37', NULL),
(879, 6, 63, 4, 'Фосфор ', 'Fosfor ', 7, '0.81', NULL, '0.83', NULL),
(880, 6, 63, 4, 'Натрий ', 'Natriy ', 7, '0.05', NULL, '0.07', NULL),
(881, 6, 63, 4, 'Зола ', 'Зола ', 7, '1.4', NULL, '1.5', NULL),
(882, 6, 64, 16, 'свинец', 'qo\'rg\'oshin', 9, '0', NULL, '0.5', NULL),
(883, 6, 64, 1, 'кадмий', 'kadmiy', 9, '0', NULL, '0.1', NULL),
(884, 6, 64, 1, 'Ртути ', 'Ртути ', 9, '0', NULL, '0.02', NULL),
(885, 6, 64, 2, 'Афлатоксина В1', 'Афлатоксина В1', 9, '0', NULL, '0.005', NULL),
(886, 6, 64, 3, 'Зараженность вредителями ', 'Zararkunanda bilan zararlanish ', 9, '0', NULL, '0', NULL),
(887, 6, 64, 3, ' Влажность', ' Namlik', 7, '7.5', NULL, '9.5', NULL),
(888, 6, 64, 3, 'Сырой протеин ', 'Xom protein ', 7, '35', NULL, '37', NULL),
(889, 6, 64, 3, 'Сырой жир ', 'Xom yog` ', 7, '2', NULL, '2.3', NULL),
(890, 6, 64, 3, 'Сырая клечатка ', 'Xom klechatka ', 7, '12', NULL, '13', NULL),
(891, 6, 64, 3, 'Кальций ', 'Kalsiy ', 7, '0.38', NULL, '0.58', NULL),
(892, 6, 64, 3, 'Фосфор ', 'Fosfor ', 7, '0.7', NULL, '0.9', NULL),
(893, 6, 64, 3, 'Натрий ', 'Natriy ', 7, '0.02', NULL, '0.04', NULL),
(894, 6, 65, 3, ' Влажность', ' Namlik', 7, '8', NULL, '10', NULL),
(895, 6, 65, 3, 'Сырой протеин ', 'Xom protein ', 7, '41.3', NULL, '43.3', NULL),
(896, 6, 65, 3, 'Сырой жир ', 'Xom yog` ', 7, '0.4', NULL, '3.4', NULL),
(897, 6, 65, 3, 'Сырая клечатка ', 'Xom klechatka ', 7, '0.5', NULL, '2.5', NULL),
(898, 6, 65, 3, 'Кальций ', 'Kalsiy ', 7, '1.02', NULL, '1.04', NULL),
(899, 6, 65, 3, 'Фосфор ', 'Fosfor ', 7, '1.39', NULL, '1.41', NULL),
(900, 6, 65, 3, 'Натрий ', 'Natriy ', 7, '0.15', NULL, '0.17', NULL),
(901, 7, 66, 3, ' Влажность', ' Namlik', 7, '8', NULL, '10', NULL),
(902, 7, 66, 3, 'Сырой протеин ', 'Xom protein ', 7, '33.1', NULL, '35.1', NULL),
(903, 7, 66, 3, 'Сырой жир ', 'Xom yog` ', 7, '16.5', NULL, '17.5', NULL),
(904, 7, 66, 3, 'Сырая клечатка ', 'Xom klechatka ', 7, '1', NULL, '3', NULL),
(905, 7, 66, 3, 'Кальций ', 'Kalsiy ', 7, '9.5', NULL, '11.5', NULL),
(906, 7, 66, 3, 'Фосфор ', 'Fosfor ', 7, '4.35', NULL, '6.35', NULL),
(907, 7, 66, 3, 'Натрий ', 'Natriy ', 7, '0.55', NULL, '2.55', NULL),
(908, 7, 67, 1, 'свинец', 'qo\'rg\'oshin', 9, '0', NULL, '5', NULL),
(909, 7, 67, 1, 'Мышьяк ', 'mishyak ', 9, '0', NULL, '2', NULL),
(910, 7, 67, 1, 'кадмий', 'kadmiy', 9, '0', NULL, '0.3', NULL),
(911, 7, 67, 1, 'цинка', 'ruhа', 9, '0', NULL, '100', NULL),
(912, 7, 67, 1, 'Меди ', 'Меди ', 9, '0', NULL, '80', NULL),
(913, 7, 67, 1, 'ртуть', 'simob', 9, '0', NULL, '0.5', NULL),
(914, 7, 67, 4, 'цезий-137', 'seziy-137', 11, '0', NULL, '600', NULL),
(915, 7, 67, 4, 'стронций-90', 'stronsiy-90', 11, '0', NULL, '100', NULL),
(916, 7, 67, 3, 'ГХЦГ(сумма изомеров)', 'ГХЦГ(сумма изомеров)', 9, '0', NULL, '0.2', NULL),
(917, 7, 67, 3, 'ДДТ (сумма изомеров и метаболитов)', 'DDT va uning metobolitlari', 9, '0', NULL, '0.4', NULL),
(918, 7, 67, 3, ' Влажность', ' Namlik', 7, '8', NULL, '10', NULL),
(919, 7, 67, 3, 'Сырой протеин ', 'Xom protein ', 7, '74', NULL, '76', NULL),
(920, 7, 67, 3, 'Сырой жир ', 'Xom yog` ', 7, '3', NULL, '3.2', NULL),
(921, 7, 67, 3, 'Сырая клечатка ', 'Xom klechatka ', 7, '0', NULL, '0', NULL),
(922, 7, 67, 3, 'Кальций ', 'Kalsiy ', 7, '0.36', NULL, '0.38', NULL),
(923, 7, 67, 3, 'Фосфор ', 'Fosfor ', 7, '0.33', NULL, '0.35', NULL),
(924, 7, 67, 3, 'Натрий ', 'Natriy ', 7, '0.94', NULL, '0.96', NULL),
(925, 7, 68, 1, 'свинец', 'qo\'rg\'oshin', 9, '0', NULL, '5', NULL),
(926, 7, 68, 1, 'Мышьяк ', 'mishyak ', 9, '0', NULL, '2', NULL),
(927, 7, 68, 1, 'кадмий', 'kadmiy', 9, '0', NULL, '0.3', NULL),
(928, 7, 68, 1, 'цинка', 'ruhа', 9, '0', NULL, '100', NULL),
(929, 7, 68, 1, 'Меди ', 'Меди ', 9, '0', NULL, '80', NULL),
(930, 7, 68, 1, 'ртуть', 'simob', 9, '0', NULL, '0.5', NULL),
(931, 7, 68, 3, 'ГХЦГ(сумма изомеров)', 'ГХЦГ(сумма изомеров)', 9, '0', NULL, '0.2', NULL),
(932, 7, 68, 3, 'ДДТ (сумма изомеров и метаболитов)', 'DDT va uning metobolitlari', 9, '0', NULL, '0.4', NULL),
(933, 7, 68, 3, ' Влажность', ' Namlik', 7, '8', NULL, '10', NULL),
(934, 7, 68, 3, 'Сырой протеин ', 'Xom protein ', 7, '57.1', NULL, '59.1', NULL),
(935, 7, 68, 3, 'Сырой жир ', 'Xom yog` ', 7, '7.1', NULL, '9.1', NULL),
(936, 7, 68, 3, 'Сырая клечатка ', 'Xom klechatka ', 7, '0', NULL, '0', NULL),
(937, 7, 68, 3, 'Кальций ', 'Kalsiy ', 7, '4.5', NULL, '6.5', NULL),
(938, 7, 68, 3, 'Фосфор ', 'Fosfor ', 7, '3.1', NULL, '5.1', NULL),
(939, 7, 68, 3, 'Натрий ', 'Natriy ', 7, '1.12', NULL, '4.12', NULL),
(940, 8, 69, 3, ' Влажность', ' Namlik', 7, '2', NULL, '4', NULL),
(941, 8, 69, 3, 'Кальций ', 'Kalsiy ', 7, '31', NULL, '33', NULL),
(942, 8, 69, 3, 'Фосфор ', 'Fosfor ', 7, '13', NULL, '15', NULL),
(943, 8, 70, 3, ' Влажность', ' Namlik', 7, '2', NULL, '4', NULL),
(944, 8, 70, 3, 'Кальций ', 'Kalsiy ', 7, '24', NULL, '26', NULL),
(945, 8, 70, 3, 'Фосфор ', 'Fosfor ', 7, '17.8', NULL, '19.8', NULL),
(946, 8, 71, 3, ' Влажность', ' Namlik', 7, '2', NULL, '4', NULL),
(947, 8, 71, 3, 'Кальций ', 'Kalsiy ', 7, '15.4', NULL, '17.4', NULL),
(948, 8, 71, 3, 'Фосфор ', 'Fosfor ', 7, '22', NULL, '24', NULL),
(949, 8, 72, 3, ' Влажность', ' Namlik', 7, '8', NULL, '10', NULL),
(950, 8, 72, 3, 'Кальций ', 'Kalsiy ', 7, '32', NULL, '34', NULL),
(951, 8, 73, 3, 'Кальций ', 'Kalsiy ', 7, '32', NULL, '34', NULL),
(952, 8, 74, 3, 'Кальций ', 'Kalsiy ', 7, '32', NULL, '34', NULL),
(953, 9, 75, 1, 'свинец', 'qo\'rg\'oshin', 9, '0', NULL, '1', NULL),
(954, 9, 75, 1, 'мышьяк', 'mishyak', 9, '0', NULL, '0.5', NULL),
(955, 9, 75, 1, 'кадмий', 'kadmiy', 9, '0', NULL, '0.05', NULL),
(956, 9, 75, 3, 'гексахлорциклогексан (α, ß, γ-изомеры)', 'geksaxlorotsiklogeksan (a, ß, g-izomerlar)', 9, '0', NULL, '0.005', NULL),
(957, 9, 75, 3, 'ДДТ и его метаболиты', 'DDT va uning metabolitlari', 9, '0', NULL, '0.005', NULL),
(958, 9, 75, 3, 'Остаточные количества других пестицидов', 'Boshqa pestitsidlarning qoldiqlari', 9, '0', NULL, '0', NULL),
(959, 9, 75, 4, 'цезий-137', 'seziy-137', 9, '0', NULL, '100', NULL),
(960, 9, 75, 4, 'стронций-90', 'stronsiy-90', 9, '0', NULL, '80', NULL),
(961, 9, 75, 5, 'Левомицетин', 'Levomisetin', 9, '0', NULL, '0', NULL),
(962, 9, 75, 5, 'Тетрациклиновая группа', 'Tetrasiklin guruhi', 9, '0', NULL, '0', NULL),
(963, 9, 75, 5, 'Нитрофуран', 'Nitrofuran', 9, '0', NULL, '0', NULL),
(964, 9, 75, 5, 'Стрептомицин', 'Streptomisin', 9, '0', NULL, '0', NULL),
(965, 9, 75, 5, 'Сульфонамит', 'Sulfonamit', 9, '0', NULL, '0', NULL),
(966, 9, 75, 5, 'Метронидазол', 'Metronidazol', 9, '0', NULL, '0', NULL),
(967, 9, 75, 5, 'Фуразалидон', 'Furazalidon', 9, '0', NULL, '0', NULL),
(968, 9, 75, 5, 'Тетрациклин', 'Tetrasiklin', 9, '0', NULL, '0', NULL),
(969, 9, 75, 5, 'Эпрофлоксацин', 'Eprofloksasin', 9, '0', NULL, '0', NULL),
(970, 9, 75, 5, 'Ципрофлоксацин', 'Siprofloksasin', 9, '0', NULL, '0', NULL),
(971, 9, 75, 5, 'Тайлозин', 'Taylozin', 9, '0', NULL, '0', NULL),
(972, 9, 75, 5, 'Сульфатиазол', 'Sulfatiazol', 9, '0', NULL, '0', NULL),
(973, 9, 75, 14, 'Хлорамфеникол', 'Xloramfeikol', 9, '0', NULL, '0', NULL),
(974, 9, 75, 14, 'Хлорфармазин', 'Xlorfapmazin', 9, '0', NULL, '0', NULL),
(975, 9, 75, 14, 'Колхицин', 'Kolxisin', 9, '0', NULL, '0', NULL),
(976, 9, 75, 14, 'Дапсон', 'Dapson', 9, '0', NULL, '0', NULL),
(977, 9, 75, 14, 'Диметридазол', 'Dimetridazol', 9, '0', NULL, '0', NULL),
(978, 9, 75, 14, 'Ронидазол', 'Ronidazol', 9, '0', NULL, '0', NULL),
(979, 9, 75, 14, 'Амитраз', 'Amitroz', 9, '0', NULL, '100', NULL),
(980, 9, 75, 14, 'Цимиазол', 'Simiazol', 9, '0', NULL, '50', NULL),
(981, 9, 75, 14, 'Кумафос', 'Kumafos', 9, '0', NULL, '20', NULL),
(982, 9, 75, 10, 'Массовая доля воды', 'Suv massasi ulushi', 7, '20', NULL, '23', NULL),
(983, 9, 75, 10, 'Массовая доля редуцирующих сахаров для цветочного меда', 'Gul asal uchun shakarni kamaytirishning massa ulushi', 7, '60', NULL, '65', NULL),
(984, 9, 75, 10, 'Массовая доля редуцирующих сахаров для падевого и смешанного меда', 'Asal va aralash asal uchun shakarni kamaytirishning massa ulushi', 7, '45', NULL, '65', NULL),
(985, 9, 75, 10, 'Массовая доля сахарозы для цветочного меда', 'Gul asal uchun saxaroza massa ulushi', 7, '5', NULL, '15', NULL),
(986, 9, 75, 10, 'Массовая доля сахарозы для меда акациевого', 'Akasiya asal uchun saxarozaning massa ulushi', 7, '10', NULL, '15', NULL),
(987, 9, 75, 10, 'Массовая доля сахарозы  для падевого и смешанного меда', 'Asal va aralash asal uchun sukrozning massa ulushi', 7, '15', NULL, ' ', NULL),
(988, 9, 75, 10, 'Диастазное число, ед. Готе: для всех видов меда', 'Diastaza soni, birliklari Gothe: asalning barcha turlari uchun', 9, '7', NULL, NULL, NULL),
(989, 9, 75, 10, 'Диастазное число, ед. Готе: для меда с белой акации при содержании гидроксиметилфурфураля (ГМФ), не более 15 млн', 'Diastaza soni, birliklari Gothe: tarkibida gidroksimetil furfural (HMF) bo\'lgan oq chigirtkali asal uchun 15 mln.', 9, '5', NULL, ' ', NULL),
(990, 9, 75, 10, 'Массовая доля ГМФ, млн', 'ГМФ ning massa ulushi, mln', 9, '25', NULL, NULL, NULL),
(991, 9, 75, 10, 'Качественная реакция на гидроксиметилфурфурол', 'Gidroksimetilfurfuralga sifatli reaktsiya', 1, '0', NULL, NULL, NULL),
(992, 9, 75, 10, 'Общая кислотность', 'Umumiy kislotalilik', 4, ' ', NULL, '1', '40'),
(993, 9, 75, 10, 'Содержание пролина', 'Prolin tarkibi', 9, '180', NULL, ' ', NULL),
(994, 9, 75, 10, 'Качественная реакция на крахмал', 'Kraxmalga sifatli reaksiya', 1, '0', NULL, NULL, NULL),
(995, 9, 75, 10, 'Электропроводность все виды меда, кроме падевого и смесей с ним', 'Elektr o\'tkazuvchanligi asalning barcha turlari, shudring va u bilan aralashmalardan tashqari', 18, '0', NULL, '0.8', NULL),
(996, 9, 75, 10, 'Электропроводность падевый и смеси с ним', 'Asalning elektr o\'tkazuvchanligi va u bilan aralashmalar', 18, '0.8', NULL, ' ', NULL),
(997, 9, 75, 10, 'Массовая доля нерастворимых в воде веществ всех видов меда', 'Asalning barcha turlarining suvda erimaydigan moddalarining massa ulushi', 7, '0.1', NULL, '0.5', NULL),
(998, 9, 75, 10, 'Соотношение массовых долей фруктозы к глюкозе', 'Fruktoza massa ulushlarining glyukozaga nisbati', 7, '1.05', NULL, ' ', NULL);

-- --------------------------------------------------------

--
-- Table structure for table `template_food_regulations`
--

CREATE TABLE `template_food_regulations` (
  `regulation_id` int(11) NOT NULL,
  `template_id` int(11) NOT NULL,
  `state_id` int(11) DEFAULT 1
) ENGINE=InnoDB DEFAULT CHARSET=utf8mb4 COMMENT='Regulationslar';

-- --------------------------------------------------------

--
-- Table structure for table `template_samples`
--

CREATE TABLE `template_samples` (
  `type_id` int(11) NOT NULL,
  `template_id` int(11) NOT NULL
) ENGINE=InnoDB DEFAULT CHARSET=utf8mb4;

--
-- Dumping data for table `template_samples`
--

INSERT INTO `template_samples` (`type_id`, `template_id`) VALUES
(1, 28),
(1, 29),
(1, 30),
(1, 31),
(1, 33),
(1, 36),
(1, 37),
(1, 38),
(1, 40),
(1, 41),
(1, 42),
(1, 43),
(1, 44),
(1, 45),
(1, 46),
(1, 47),
(1, 48),
(1, 49),
(1, 50),
(1, 51),
(1, 52),
(1, 53),
(1, 54),
(1, 56),
(1, 57),
(1, 59),
(1, 60),
(1, 61),
(1, 62),
(1, 63),
(1, 64),
(1, 65),
(1, 66),
(1, 67),
(1, 68),
(1, 69),
(1, 70),
(1, 71),
(1, 72),
(1, 73),
(1, 74),
(1, 75),
(1, 76),
(1, 77),
(1, 78),
(1, 79),
(1, 80),
(1, 81),
(1, 82),
(1, 83),
(1, 84),
(1, 85),
(1, 86),
(1, 87),
(1, 88),
(1, 89),
(1, 90),
(1, 91),
(1, 92),
(1, 93),
(1, 94),
(1, 95),
(1, 96),
(1, 97),
(1, 98),
(1, 99),
(1, 100),
(1, 101),
(1, 102),
(1, 103),
(1, 104),
(1, 105),
(1, 106),
(1, 107),
(1, 108),
(1, 109),
(1, 110),
(1, 111),
(1, 112),
(1, 113),
(1, 114),
(1, 115),
(1, 116),
(1, 117),
(1, 118),
(1, 119),
(1, 120),
(1, 121),
(1, 122),
(1, 123),
(1, 124),
(1, 125),
(1, 126),
(1, 127),
(1, 128),
(1, 129),
(1, 130),
(1, 131),
(1, 132),
(1, 133),
(1, 134),
(1, 135),
(1, 136),
(1, 137),
(1, 138),
(1, 139),
(1, 140),
(1, 141),
(1, 142),
(1, 143),
(1, 144),
(1, 145),
(1, 146),
(1, 147),
(1, 148),
(1, 149),
(1, 150),
(1, 151),
(1, 152),
(1, 153),
(1, 154),
(1, 155),
(1, 156),
(1, 157),
(1, 158),
(1, 159),
(1, 160),
(1, 161),
(1, 162),
(1, 163),
(1, 164),
(1, 165),
(1, 166),
(1, 167),
(1, 168),
(1, 169),
(1, 170),
(1, 171),
(1, 172),
(1, 173),
(1, 174),
(1, 175),
(1, 176),
(1, 177),
(1, 178),
(1, 179),
(1, 180),
(1, 181),
(1, 182),
(1, 183),
(1, 184),
(1, 185),
(1, 186),
(1, 187),
(1, 188),
(1, 189),
(1, 190),
(1, 191),
(1, 192),
(1, 193),
(1, 194),
(1, 195),
(1, 196),
(1, 197),
(1, 198),
(1, 199),
(1, 200),
(1, 201),
(1, 202),
(1, 203),
(1, 204),
(1, 205),
(1, 206),
(1, 207),
(1, 208),
(1, 209),
(1, 210),
(1, 211),
(1, 212),
(1, 213),
(1, 214),
(1, 215),
(1, 216),
(1, 217),
(1, 218),
(1, 219),
(1, 220),
(1, 221),
(1, 222),
(1, 223),
(1, 224),
(1, 225),
(1, 226),
(1, 227),
(1, 228),
(1, 229),
(1, 230),
(1, 231),
(1, 232),
(1, 233),
(1, 234),
(1, 235),
(1, 236),
(1, 237),
(1, 238),
(1, 239),
(1, 240),
(1, 241),
(1, 242),
(1, 243),
(1, 244),
(1, 245),
(1, 246),
(1, 247),
(1, 248),
(1, 249),
(1, 250),
(1, 251),
(1, 252),
(1, 253),
(1, 254),
(1, 255),
(1, 256),
(1, 257),
(1, 258),
(1, 259),
(1, 260),
(1, 261),
(1, 262),
(1, 263),
(1, 264),
(1, 265),
(1, 266),
(1, 267),
(1, 268),
(1, 269),
(1, 270),
(1, 271),
(1, 272),
(1, 273),
(1, 274),
(1, 275),
(1, 276),
(1, 277),
(1, 278),
(1, 279),
(1, 280),
(1, 281),
(1, 282),
(1, 283),
(1, 284),
(1, 285),
(1, 286),
(1, 287),
(1, 288),
(1, 289),
(1, 290),
(1, 291),
(1, 292),
(1, 293),
(1, 294),
(1, 295),
(1, 296),
(1, 297),
(1, 298),
(1, 299),
(1, 300),
(1, 301),
(1, 302),
(1, 303),
(1, 304),
(1, 305),
(1, 306),
(1, 307),
(1, 308),
(1, 309),
(1, 310),
(1, 311),
(1, 312),
(1, 313),
(1, 314),
(1, 315),
(1, 316),
(1, 317),
(1, 318),
(1, 319),
(1, 320),
(1, 321),
(1, 322),
(1, 323),
(1, 324),
(1, 325),
(1, 326),
(1, 327),
(1, 328),
(1, 329),
(1, 330),
(1, 331),
(1, 332),
(1, 333),
(1, 334),
(1, 335),
(1, 336),
(1, 337),
(1, 338),
(1, 339),
(1, 340),
(1, 341),
(1, 342),
(1, 343),
(1, 344),
(1, 345),
(1, 346),
(1, 347),
(1, 348),
(1, 349),
(1, 350),
(1, 351),
(1, 352),
(1, 353),
(1, 354),
(1, 355),
(1, 356),
(1, 357),
(1, 358),
(1, 359),
(1, 360),
(1, 361),
(1, 362),
(1, 363),
(1, 364),
(1, 365),
(1, 366),
(1, 367),
(1, 368),
(1, 369),
(1, 370),
(1, 371),
(1, 372),
(1, 373),
(1, 374),
(1, 375),
(1, 376),
(1, 377),
(1, 378),
(1, 379),
(1, 380),
(1, 381),
(1, 382),
(1, 383),
(1, 384),
(1, 385),
(1, 386),
(1, 387),
(1, 388),
(1, 389),
(1, 390),
(1, 391),
(1, 392),
(1, 393),
(1, 394),
(1, 395),
(1, 396),
(1, 397),
(1, 398),
(1, 399),
(1, 400),
(1, 401),
(1, 402),
(1, 403),
(1, 404),
(1, 405),
(1, 406),
(1, 407),
(1, 408),
(1, 409),
(1, 410),
(1, 411),
(1, 412),
(1, 413),
(1, 414),
(1, 415),
(1, 416),
(1, 417),
(1, 418),
(1, 419),
(1, 420),
(1, 421),
(1, 422),
(1, 423),
(1, 424),
(1, 425),
(1, 426),
(1, 427),
(1, 428),
(1, 429),
(1, 430),
(1, 431),
(1, 432),
(1, 433),
(1, 434),
(1, 435),
(1, 436),
(1, 437),
(1, 438),
(1, 439),
(1, 440),
(1, 441),
(1, 442),
(1, 443),
(1, 444),
(1, 445),
(1, 446),
(1, 447),
(1, 448),
(1, 449),
(1, 450),
(1, 451),
(1, 452),
(1, 453),
(1, 454),
(1, 455),
(1, 456),
(1, 457),
(1, 458),
(1, 459),
(1, 460),
(1, 461),
(1, 462),
(1, 463),
(1, 464),
(1, 465),
(1, 466),
(1, 467),
(1, 468),
(1, 469),
(1, 470),
(1, 471),
(1, 472),
(1, 473),
(1, 474),
(1, 475),
(1, 476),
(1, 477),
(1, 478),
(1, 479),
(1, 480),
(1, 481),
(1, 482),
(1, 483),
(1, 484),
(1, 485),
(1, 486),
(1, 487),
(1, 488),
(1, 489),
(1, 490),
(1, 491),
(1, 492),
(1, 493),
(1, 494),
(1, 495),
(1, 496),
(1, 497),
(1, 498),
(1, 499),
(1, 500),
(1, 501),
(1, 502),
(1, 503),
(1, 504),
(1, 505),
(1, 506),
(1, 507),
(1, 508),
(1, 509),
(1, 510),
(1, 511),
(1, 512),
(1, 513),
(1, 514),
(1, 515),
(1, 516),
(1, 517),
(1, 518),
(1, 519),
(1, 520),
(1, 521),
(1, 522),
(1, 523),
(1, 524),
(1, 525),
(1, 526),
(1, 527),
(1, 528),
(1, 529),
(1, 530),
(1, 531),
(1, 532),
(1, 533),
(1, 534),
(1, 535),
(1, 536),
(1, 537),
(1, 538),
(1, 539),
(1, 540),
(1, 541),
(1, 542),
(1, 543),
(1, 544),
(1, 545),
(1, 546),
(1, 547),
(1, 548),
(1, 549),
(1, 550),
(1, 551),
(1, 552),
(1, 553),
(1, 554),
(1, 555),
(1, 556),
(1, 557),
(1, 558),
(1, 559),
(1, 560),
(1, 561),
(1, 562),
(1, 563),
(1, 564),
(1, 565),
(1, 566),
(1, 567),
(1, 568),
(1, 569),
(1, 570),
(1, 571),
(1, 572),
(1, 573),
(1, 574),
(1, 575),
(1, 576),
(1, 577),
(1, 578),
(1, 579),
(1, 580),
(1, 581),
(1, 582),
(1, 583),
(1, 584),
(1, 585),
(1, 586),
(1, 587),
(1, 588),
(1, 589),
(1, 590),
(1, 591),
(1, 592),
(1, 593),
(1, 594),
(1, 595),
(1, 596),
(1, 597),
(1, 598),
(1, 599),
(1, 600),
(1, 601),
(1, 602),
(1, 603),
(1, 604),
(1, 605),
(1, 606),
(1, 607),
(1, 608),
(1, 609),
(1, 610),
(1, 611),
(1, 612),
(1, 613),
(1, 614),
(1, 615),
(1, 616),
(1, 617),
(1, 618),
(1, 619),
(1, 620),
(1, 621),
(1, 622),
(1, 623),
(1, 624),
(1, 625),
(1, 626),
(1, 627),
(1, 628),
(1, 629),
(1, 630),
(1, 631),
(1, 632),
(1, 633),
(1, 634),
(1, 635),
(1, 636),
(1, 637),
(1, 638),
(1, 639),
(1, 640),
(1, 641),
(1, 642),
(1, 643),
(1, 644),
(1, 645),
(1, 646),
(1, 647),
(1, 648),
(1, 649),
(1, 650),
(1, 651),
(1, 652),
(1, 653),
(1, 654),
(1, 655),
(1, 656),
(1, 657),
(1, 658),
(1, 659),
(1, 660),
(1, 661),
(2, 30),
(2, 40),
(2, 54),
(2, 55),
(2, 56),
(2, 291),
(2, 292),
(2, 407),
(2, 408),
(2, 409),
(2, 410),
(2, 411),
(2, 412),
(3, 30),
(3, 40),
(3, 661),
(4, 40),
(5, 40),
(6, 30),
(6, 40),
(7, 40),
(8, 40),
(9, 40),
(9, 105),
(9, 106),
(9, 107),
(9, 108),
(9, 109),
(9, 110),
(9, 111),
(9, 215),
(9, 216),
(9, 217),
(9, 218),
(9, 219),
(9, 220),
(9, 221),
(9, 306),
(9, 307),
(9, 308),
(9, 309),
(9, 310),
(9, 311),
(10, 40),
(10, 105),
(10, 106),
(10, 107),
(10, 108),
(10, 109),
(10, 110),
(10, 111),
(10, 215),
(10, 216),
(10, 217),
(10, 218),
(10, 219),
(10, 250),
(10, 293),
(10, 294),
(10, 295),
(10, 296),
(10, 297),
(10, 298),
(10, 299),
(10, 300),
(10, 301),
(10, 302),
(10, 303),
(10, 306),
(10, 307),
(10, 308),
(10, 309),
(10, 310),
(10, 311),
(11, 40),
(11, 122),
(11, 123),
(11, 142),
(11, 143),
(11, 144),
(11, 145),
(11, 146),
(11, 147),
(11, 162),
(11, 166),
(12, 40),
(13, 40),
(14, 40),
(15, 40),
(16, 40),
(17, 40),
(18, 40),
(19, 35),
(19, 40),
(19, 41),
(19, 42),
(19, 43),
(19, 44),
(19, 45),
(19, 49),
(19, 50),
(19, 51),
(19, 52),
(19, 53),
(19, 54),
(19, 55),
(19, 56),
(19, 57),
(19, 59),
(19, 60),
(19, 61),
(19, 62),
(19, 63),
(19, 64),
(19, 65),
(19, 66),
(19, 67),
(19, 68),
(19, 69),
(19, 70),
(19, 71),
(19, 72),
(19, 73),
(19, 74),
(19, 75),
(19, 76),
(19, 77),
(19, 78),
(19, 79),
(19, 80),
(19, 81),
(19, 82),
(19, 83),
(19, 99),
(19, 100),
(19, 101),
(19, 102),
(19, 103),
(19, 104),
(19, 105),
(19, 106),
(19, 107),
(19, 108),
(19, 109),
(19, 110),
(19, 111),
(19, 112),
(19, 113),
(19, 114),
(19, 124),
(19, 127),
(19, 133),
(19, 134),
(19, 135),
(19, 136),
(19, 137),
(19, 138),
(19, 139),
(19, 140),
(19, 141),
(19, 148),
(19, 149),
(19, 150),
(19, 151),
(19, 152),
(19, 153),
(19, 154),
(19, 155),
(19, 156),
(19, 157),
(19, 158),
(19, 159),
(19, 160),
(19, 163),
(19, 164),
(19, 165),
(19, 167),
(19, 168),
(19, 169),
(19, 170),
(19, 171),
(19, 172),
(19, 173),
(19, 174),
(19, 175),
(19, 176),
(19, 177),
(19, 178),
(19, 179),
(19, 180),
(19, 181),
(19, 182),
(19, 183),
(19, 184),
(19, 185),
(19, 186),
(19, 187),
(19, 188),
(19, 189),
(19, 190),
(19, 191),
(19, 192),
(19, 193),
(19, 194),
(19, 195),
(19, 196),
(19, 197),
(19, 198),
(19, 199),
(19, 200),
(19, 201),
(19, 202),
(19, 203),
(19, 204),
(19, 205),
(19, 206),
(19, 208),
(19, 209),
(19, 210),
(19, 211),
(19, 212),
(19, 213),
(19, 214),
(19, 215),
(19, 216),
(19, 217),
(19, 218),
(19, 219),
(19, 220),
(19, 221),
(19, 222),
(19, 223),
(19, 224),
(19, 225),
(19, 226),
(19, 227),
(19, 228),
(19, 229),
(19, 230),
(19, 231),
(19, 232),
(19, 233),
(19, 234),
(19, 235),
(19, 236),
(19, 237),
(19, 238),
(19, 239),
(19, 240),
(19, 241),
(19, 242),
(19, 243),
(19, 244),
(19, 245),
(19, 246),
(19, 247),
(19, 248),
(19, 250),
(19, 251),
(19, 252),
(19, 253),
(19, 254),
(19, 255),
(19, 256),
(19, 257),
(19, 258),
(19, 259),
(19, 260),
(19, 261),
(19, 262),
(19, 263),
(19, 264),
(19, 265),
(19, 266),
(19, 267),
(19, 268),
(19, 269),
(19, 270),
(19, 271),
(19, 272),
(19, 273),
(19, 274),
(19, 275),
(19, 276),
(19, 277),
(19, 278),
(19, 279),
(19, 280),
(19, 281),
(19, 282),
(19, 283),
(19, 284),
(19, 285),
(19, 286),
(19, 287),
(19, 288),
(19, 289),
(19, 290),
(19, 291),
(19, 292),
(19, 293),
(19, 294),
(19, 295),
(19, 296),
(19, 297),
(19, 298),
(19, 299),
(19, 300),
(19, 301),
(19, 302),
(19, 303),
(19, 304),
(19, 305),
(19, 306),
(19, 307),
(19, 308),
(19, 309),
(19, 310),
(19, 311),
(19, 312),
(19, 313),
(19, 314),
(19, 315),
(19, 316),
(19, 317),
(19, 318),
(19, 319),
(19, 320),
(19, 321),
(19, 322),
(19, 323),
(19, 324),
(19, 325),
(19, 326),
(19, 327),
(19, 328),
(19, 329),
(19, 330),
(19, 331),
(19, 332),
(19, 333),
(19, 334),
(19, 335),
(19, 336),
(19, 337),
(19, 338),
(19, 339),
(19, 340),
(19, 341),
(19, 342),
(19, 343),
(19, 344),
(19, 345),
(19, 346),
(19, 347),
(19, 348),
(19, 349),
(19, 350),
(19, 351),
(19, 352),
(19, 353),
(19, 354),
(19, 355),
(19, 356),
(19, 357),
(19, 358),
(19, 359),
(19, 360),
(19, 361),
(19, 362),
(19, 363),
(19, 364),
(19, 365),
(19, 366),
(19, 367),
(19, 368),
(19, 369),
(19, 370),
(19, 371),
(19, 372),
(19, 373),
(19, 374),
(19, 375),
(19, 376),
(19, 377),
(19, 378),
(19, 379),
(19, 380),
(19, 381),
(19, 382),
(19, 383),
(19, 384),
(19, 385),
(19, 386),
(19, 387),
(19, 388),
(19, 389),
(19, 390),
(19, 391),
(19, 392),
(19, 393),
(19, 394),
(19, 395),
(19, 396),
(19, 397),
(19, 398),
(19, 399),
(19, 400),
(19, 401),
(19, 402),
(19, 403),
(19, 404),
(19, 405),
(19, 406),
(19, 407),
(19, 408),
(19, 409),
(19, 410),
(19, 411),
(19, 412),
(19, 413),
(19, 414),
(19, 415),
(19, 416),
(19, 417),
(19, 418),
(19, 419),
(19, 420),
(19, 421),
(19, 422),
(19, 423),
(19, 424),
(19, 425),
(19, 426),
(19, 427),
(19, 428),
(19, 429),
(19, 430),
(19, 431),
(19, 432),
(19, 433),
(19, 434),
(19, 435),
(19, 436),
(19, 437),
(19, 438),
(19, 439),
(19, 440),
(19, 441),
(19, 442),
(19, 443),
(19, 444),
(19, 445),
(19, 446),
(19, 447),
(19, 448),
(19, 449),
(19, 450),
(19, 451),
(19, 452),
(19, 453),
(19, 454),
(19, 455),
(19, 456),
(19, 457),
(19, 458),
(19, 459),
(19, 460),
(19, 461),
(19, 462),
(19, 463),
(19, 464),
(19, 465),
(19, 466),
(19, 467),
(19, 468),
(19, 469),
(19, 470),
(19, 471),
(19, 472),
(19, 473),
(19, 474),
(19, 475),
(19, 476),
(19, 477),
(19, 478),
(19, 479),
(19, 480),
(19, 481),
(19, 482),
(19, 483),
(19, 484),
(19, 485),
(19, 486),
(19, 487),
(19, 488),
(19, 489),
(19, 490),
(19, 491),
(19, 492),
(19, 493),
(19, 494),
(19, 495),
(19, 496),
(19, 497),
(19, 498),
(19, 499),
(19, 500),
(19, 501),
(19, 502),
(19, 503),
(19, 504),
(19, 505),
(19, 506),
(19, 507),
(19, 508),
(19, 509),
(19, 510),
(19, 511),
(19, 512),
(19, 513),
(19, 514),
(19, 515),
(19, 516),
(19, 517),
(19, 518),
(19, 519),
(19, 520),
(19, 521),
(19, 522),
(19, 523),
(19, 524),
(19, 525),
(19, 526),
(19, 527),
(19, 528),
(19, 529),
(19, 530),
(19, 531),
(19, 532),
(19, 533),
(19, 534),
(19, 535),
(19, 536),
(19, 537),
(19, 538),
(19, 539),
(19, 540),
(19, 541),
(19, 542),
(19, 543),
(19, 544),
(19, 545),
(19, 546),
(19, 547),
(19, 548),
(19, 549),
(19, 550),
(19, 551),
(19, 552),
(19, 553),
(19, 554),
(19, 555),
(19, 556),
(19, 557),
(19, 558),
(19, 559),
(19, 560),
(19, 561),
(19, 562),
(19, 563),
(19, 564),
(19, 565),
(19, 566),
(19, 567),
(19, 568),
(19, 569),
(19, 570),
(19, 571),
(19, 572),
(19, 573),
(19, 574),
(19, 575),
(19, 576),
(19, 577),
(19, 578),
(19, 579),
(19, 580),
(19, 581),
(19, 582),
(19, 583),
(19, 584),
(19, 585),
(19, 586),
(19, 587),
(19, 588),
(19, 589),
(19, 590),
(19, 591),
(19, 592),
(19, 593),
(19, 594),
(19, 595),
(19, 596),
(19, 597),
(19, 598),
(19, 599),
(19, 600),
(19, 601),
(19, 602),
(19, 603),
(19, 604),
(19, 605),
(19, 606),
(19, 607),
(19, 608),
(19, 609),
(19, 610),
(19, 641),
(19, 657),
(20, 35),
(20, 40),
(20, 42),
(20, 43),
(20, 44),
(20, 45),
(20, 49),
(20, 50),
(20, 51),
(20, 52),
(20, 53),
(20, 54),
(20, 55),
(20, 56),
(20, 57),
(20, 59),
(20, 60),
(20, 61),
(20, 62),
(20, 63),
(20, 64),
(20, 65),
(20, 66),
(20, 67),
(20, 68),
(20, 69),
(20, 70),
(20, 71),
(20, 72),
(20, 73),
(20, 74),
(20, 75),
(20, 76),
(20, 77),
(20, 78),
(20, 79),
(20, 80),
(20, 81),
(20, 82),
(20, 83),
(20, 99),
(20, 100),
(20, 101),
(20, 102),
(20, 103),
(20, 104),
(20, 105),
(20, 106),
(20, 107),
(20, 108),
(20, 109),
(20, 110),
(20, 111),
(20, 112),
(20, 113),
(20, 114),
(20, 124),
(20, 127),
(20, 133),
(20, 134),
(20, 135),
(20, 136),
(20, 137),
(20, 138),
(20, 139),
(20, 140),
(20, 141),
(20, 148),
(20, 149),
(20, 150),
(20, 151),
(20, 152),
(20, 153),
(20, 154),
(20, 155),
(20, 156),
(20, 157),
(20, 158),
(20, 159),
(20, 160),
(20, 163),
(20, 164),
(20, 165),
(20, 167),
(20, 168),
(20, 169),
(20, 170),
(20, 171),
(20, 172),
(20, 173),
(20, 174),
(20, 175),
(20, 176),
(20, 177),
(20, 178),
(20, 179),
(20, 180),
(20, 181),
(20, 182),
(20, 183),
(20, 184),
(20, 185),
(20, 186),
(20, 187),
(20, 188),
(20, 189),
(20, 190),
(20, 191),
(20, 192),
(20, 193),
(20, 194),
(20, 195),
(20, 196),
(20, 197),
(20, 198),
(20, 199),
(20, 200),
(20, 201),
(20, 202),
(20, 203),
(20, 204),
(20, 205),
(20, 206),
(20, 208),
(20, 209),
(20, 210),
(20, 211),
(20, 212),
(20, 213),
(20, 214),
(20, 215),
(20, 216),
(20, 217),
(20, 218),
(20, 219),
(20, 220),
(20, 221),
(20, 222),
(20, 223),
(20, 224),
(20, 225),
(20, 226),
(20, 227),
(20, 228),
(20, 229),
(20, 230),
(20, 231),
(20, 232),
(20, 233),
(20, 234),
(20, 235),
(20, 236),
(20, 237),
(20, 238),
(20, 239),
(20, 240),
(20, 241),
(20, 242),
(20, 243),
(20, 244),
(20, 245),
(20, 246),
(20, 247),
(20, 248),
(20, 250),
(20, 251),
(20, 252),
(20, 253),
(20, 254),
(20, 255),
(20, 256),
(20, 257),
(20, 258),
(20, 259),
(20, 260),
(20, 261),
(20, 262),
(20, 263),
(20, 264),
(20, 265),
(20, 266),
(20, 267),
(20, 268),
(20, 269),
(20, 270),
(20, 271),
(20, 272),
(20, 273),
(20, 274),
(20, 275),
(20, 276),
(20, 277),
(20, 278),
(20, 279),
(20, 280),
(20, 281),
(20, 282),
(20, 283),
(20, 284),
(20, 285),
(20, 286),
(20, 287),
(20, 288),
(20, 289),
(20, 290),
(20, 291),
(20, 292),
(20, 293),
(20, 294),
(20, 295),
(20, 296),
(20, 297),
(20, 298),
(20, 299),
(20, 300),
(20, 301),
(20, 302),
(20, 303),
(20, 304),
(20, 305),
(20, 306),
(20, 307),
(20, 308),
(20, 309),
(20, 310),
(20, 311),
(20, 312),
(20, 313),
(20, 314),
(20, 315),
(20, 316),
(20, 317),
(20, 318),
(20, 319),
(20, 320),
(20, 321),
(20, 322),
(20, 323),
(20, 324),
(20, 325),
(20, 326),
(20, 327),
(20, 328),
(20, 329),
(20, 330),
(20, 331),
(20, 332),
(20, 333),
(20, 334),
(20, 335),
(20, 336),
(20, 337),
(20, 338),
(20, 339),
(20, 340),
(20, 341),
(20, 342),
(20, 343),
(20, 344),
(20, 345),
(20, 346),
(20, 347),
(20, 348),
(20, 349),
(20, 350),
(20, 351),
(20, 352),
(20, 353),
(20, 354),
(20, 355),
(20, 356),
(20, 357),
(20, 358),
(20, 359),
(20, 360),
(20, 361),
(20, 362),
(20, 363),
(20, 364),
(20, 365),
(20, 366),
(20, 367),
(20, 368),
(20, 369),
(20, 370),
(20, 371),
(20, 372),
(20, 373),
(20, 374),
(20, 375),
(20, 376),
(20, 377),
(20, 378),
(20, 379),
(20, 380),
(20, 381),
(20, 382),
(20, 383),
(20, 384),
(20, 385),
(20, 386),
(20, 387),
(20, 388),
(20, 389),
(20, 390),
(20, 391),
(20, 392),
(20, 393),
(20, 394),
(20, 395),
(20, 396),
(20, 397),
(20, 398),
(20, 399),
(20, 400),
(20, 401),
(20, 402),
(20, 403),
(20, 404),
(20, 405),
(20, 406),
(20, 407),
(20, 408),
(20, 409),
(20, 410),
(20, 411),
(20, 412),
(20, 413),
(20, 414),
(20, 415),
(20, 416),
(20, 417),
(20, 418),
(20, 419),
(20, 420),
(20, 421),
(20, 422),
(20, 423),
(20, 424),
(20, 425),
(20, 426),
(20, 427),
(20, 428),
(20, 429),
(20, 430),
(20, 431),
(20, 432),
(20, 433),
(20, 434),
(20, 435),
(20, 436),
(20, 437),
(20, 438),
(20, 439),
(20, 440),
(20, 441),
(20, 442),
(20, 443),
(20, 444),
(20, 445),
(20, 446),
(20, 447),
(20, 448),
(20, 449),
(20, 450),
(20, 451),
(20, 452),
(20, 453),
(20, 454),
(20, 455),
(20, 456),
(20, 457),
(20, 458),
(20, 459),
(20, 460),
(20, 461),
(20, 462),
(20, 463),
(20, 464),
(20, 465),
(20, 466),
(20, 467),
(20, 468),
(20, 469),
(20, 470),
(20, 471),
(20, 472),
(20, 473),
(20, 474),
(20, 475),
(20, 476),
(20, 477),
(20, 478),
(20, 479),
(20, 480),
(20, 481),
(20, 482),
(20, 483),
(20, 484),
(20, 485),
(20, 486),
(20, 487),
(20, 488),
(20, 489),
(20, 490),
(20, 491),
(20, 492),
(20, 493),
(20, 494),
(20, 495),
(20, 496),
(20, 497),
(20, 498),
(20, 499),
(20, 500),
(20, 501),
(20, 502),
(20, 503),
(20, 504),
(20, 505),
(20, 506),
(20, 507),
(20, 508),
(20, 509),
(20, 510),
(20, 511),
(20, 512),
(20, 513),
(20, 514),
(20, 515),
(20, 516),
(20, 517),
(20, 518),
(20, 519),
(20, 520),
(20, 521),
(20, 522),
(20, 523),
(20, 524),
(20, 525),
(20, 526),
(20, 527),
(20, 528),
(20, 529),
(20, 530),
(20, 531),
(20, 532),
(20, 533),
(20, 534),
(20, 535),
(20, 536),
(20, 537),
(20, 538),
(20, 539),
(20, 540),
(20, 541),
(20, 542),
(20, 543),
(20, 544),
(20, 545),
(20, 546),
(20, 547),
(20, 548),
(20, 549),
(20, 550),
(20, 551),
(20, 552),
(20, 553),
(20, 554),
(20, 555),
(20, 556),
(20, 557),
(20, 558),
(20, 559),
(20, 560),
(20, 561),
(20, 562),
(20, 563),
(20, 564),
(20, 565),
(20, 566),
(20, 567),
(20, 568),
(20, 569),
(20, 570),
(20, 571),
(20, 572),
(20, 573),
(20, 574),
(20, 575),
(20, 576),
(20, 577),
(20, 578),
(20, 579),
(20, 580),
(20, 581),
(20, 582),
(20, 583),
(20, 584),
(20, 585),
(20, 586),
(20, 587),
(20, 588),
(20, 589),
(20, 590),
(20, 591),
(20, 592),
(20, 593),
(20, 594),
(20, 595),
(20, 596),
(20, 597),
(20, 598),
(20, 599),
(20, 600),
(20, 601),
(20, 602),
(20, 603),
(20, 604),
(20, 605),
(20, 606),
(20, 607),
(20, 608),
(20, 609),
(20, 610),
(20, 641),
(20, 657),
(21, 40),
(21, 41),
(21, 115),
(21, 116),
(21, 117),
(21, 118),
(21, 119),
(21, 120),
(21, 121),
(22, 40),
(22, 115),
(22, 116),
(22, 117),
(22, 118),
(22, 119),
(22, 120),
(22, 121),
(23, 40),
(23, 115),
(23, 116),
(23, 117),
(23, 118),
(23, 119),
(23, 120),
(23, 121),
(23, 161),
(23, 162),
(23, 166),
(24, 40),
(24, 58),
(24, 227),
(24, 228),
(24, 229),
(24, 230),
(25, 40),
(25, 77),
(25, 78),
(25, 79),
(25, 80),
(25, 81),
(25, 82),
(25, 83),
(26, 40),
(27, 40),
(27, 597),
(28, 40),
(29, 40),
(30, 40),
(30, 115),
(30, 116),
(30, 117),
(30, 118),
(30, 119),
(30, 120),
(30, 121),
(30, 142),
(30, 143),
(30, 144),
(30, 145),
(30, 146),
(30, 147),
(31, 40),
(31, 115),
(31, 116),
(31, 117),
(31, 118),
(31, 119),
(31, 120),
(31, 121),
(32, 40),
(32, 115),
(32, 116),
(32, 117),
(32, 118),
(32, 119),
(32, 120),
(32, 121),
(33, 40),
(34, 40),
(35, 40),
(36, 40),
(37, 40),
(38, 40),
(39, 40),
(40, 40),
(41, 40),
(42, 40),
(43, 40),
(44, 40),
(45, 40),
(47, 40),
(48, 40),
(49, 40),
(50, 40),
(51, 40),
(52, 40),
(54, 220),
(54, 221),
(55, 154),
(55, 155),
(55, 156),
(55, 157),
(55, 158),
(55, 159),
(55, 160),
(55, 161),
(55, 162),
(55, 166),
(55, 231),
(55, 232),
(55, 233),
(55, 234),
(55, 235),
(55, 236),
(55, 237),
(55, 238),
(55, 239),
(55, 240),
(55, 312),
(55, 313),
(55, 314),
(55, 315),
(55, 316),
(55, 317),
(55, 318),
(55, 319),
(55, 320),
(55, 478),
(55, 479),
(55, 480),
(55, 481),
(55, 482),
(55, 483),
(55, 484),
(55, 485),
(55, 486),
(55, 487),
(55, 488),
(55, 489),
(55, 490);

-- --------------------------------------------------------

--
-- Table structure for table `template_unit`
--

CREATE TABLE `template_unit` (
  `id` int(11) NOT NULL,
  `name_uz` varchar(255) DEFAULT NULL,
  `name_ru` varchar(255) DEFAULT NULL,
  `type_id` int(11) DEFAULT NULL
) ENGINE=InnoDB DEFAULT CHARSET=utf8mb4 COMMENT='Shablon birligi';

--
-- Dumping data for table `template_unit`
--

INSERT INTO `template_unit` (`id`, `name_uz`, `name_ru`, `type_id`) VALUES
(1, 'Belgi (+/-/sh)', 'Признак (+/-/с)', 5),
(2, 'шт', 'шт', 1),
(3, 'МЕ/см3', 'МЕ/см3', 1),
(4, 'Nisbat (Titr)', 'Соотношение (Titr)', 4),
(5, 'Belgi (ha/yo`q)', 'Признак (да/нет)', 2),
(6, 'Ед.ОП', 'Ед.ОП', 1),
(7, '%', '%', 3),
(8, 'mg', 'mg', 1),
(9, 'Mg/kg', 'Mg/kg', 1),
(10, 'ед/g', 'ед/g', 1),
(11, 'Bk/kg', 'Bk/kg', 1),
(12, 'g', 'g', 1),
(13, 'KOE/g', 'КОЕ/g', 1),
(14, 'g/sm3', 'g/sm3', 1),
(15, 'Matn', 'Текст', 3),
(16, 'Буш', '', 1),
(17, 'mmol/kg', 'mmol/kg', 1),
(18, 'Sm/m', 'Sm/m', 1),
(19, 'pH', 'pH', 1),
(20, 'soat', 'час', 1),
(21, 'daqiqa', 'мин', 1),
(22, 'soniya', 'сек', 1),
(23, 'krest (+)', 'кресты (+)', 1);

-- --------------------------------------------------------

--
-- Table structure for table `template_unit_type`
--

CREATE TABLE `template_unit_type` (
  `id` int(11) NOT NULL,
  `name_uz` varchar(255) DEFAULT NULL,
  `name_ru` varchar(255) DEFAULT NULL
) ENGINE=InnoDB DEFAULT CHARSET=utf8mb4;

--
-- Dumping data for table `template_unit_type`
--

INSERT INTO `template_unit_type` (`id`, `name_uz`, `name_ru`) VALUES
(1, 'Son', 'Son'),
(2, 'Ha/Yo\'q', 'Ha/Yo\'q'),
(3, 'Matn', 'Matn'),
(4, 'Nisbat', 'Nisbat'),
(5, 'Belgi(+/-/sh)', 'Belgi(+/-/sh)');

-- --------------------------------------------------------

--
-- Table structure for table `test_method`
--

CREATE TABLE `test_method` (
  `id` int(11) NOT NULL,
  `name_uz` varchar(255) COLLATE utf8mb4_unicode_ci NOT NULL DEFAULT '',
  `name_ru` varchar(255) COLLATE utf8mb4_unicode_ci NOT NULL DEFAULT '',
  `state` int(11) DEFAULT NULL
) ENGINE=InnoDB DEFAULT CHARSET=utf8mb4 COLLATE=utf8mb4_unicode_ci;

--
-- Dumping data for table `test_method`
--

INSERT INTO `test_method` (`id`, `name_uz`, `name_ru`, `state`) VALUES
(1, 'Serologik usul', 'Серологический метод', 1),
(2, 'Bakteriologik usul', 'Бактериологический метод', 1),
(3, 'Virusologik usul', 'Вирусологический метод', 1),
(4, 'Biologik usul', 'Биологический метод', 1),
(5, 'PSR (ПЦР)', 'ПЦР', 1),
(6, 'Gistologik usul', 'Гистологический метод', 1),
(7, 'Gematologik usul', 'Гематологический метод', 1),
(8, 'Koprologik usul', 'Копрологический метод', 1),
(9, 'Kimyoviy usul', 'Химический метод', 1),
(10, 'Biokimyoviy usul', 'Биохимический метод', 1),
(11, 'IFT (immuno ferment tahlil)', 'ИФА (иммуно фермент анализ)', 1),
(12, 'Parazitologik usul', 'Паразитологик метод', 1);

-- --------------------------------------------------------

--
-- Table structure for table `test_types`
--

CREATE TABLE `test_types` (
  `id` int(11) NOT NULL,
  `name_uz` varchar(255) COLLATE utf8mb4_unicode_ci NOT NULL DEFAULT '',
  `name_ru` varchar(255) COLLATE utf8mb4_unicode_ci NOT NULL DEFAULT ''
) ENGINE=InnoDB DEFAULT CHARSET=utf8mb4 COLLATE=utf8mb4_unicode_ci;

-- --------------------------------------------------------

--
-- Table structure for table `tshx`
--

CREATE TABLE `tshx` (
  `id` int(11) NOT NULL,
  `name_uz` varchar(255) COLLATE utf8mb4_unicode_ci DEFAULT NULL,
  `name_ru` varchar(255) COLLATE utf8mb4_unicode_ci DEFAULT NULL,
  `code` int(11) DEFAULT NULL
) ENGINE=InnoDB DEFAULT CHARSET=utf8mb4 COLLATE=utf8mb4_unicode_ci;

--
-- Dumping data for table `tshx`
--

INSERT INTO `tshx` (`id`, `name_uz`, `name_ru`, `code`) VALUES
(1, '110-hususiy korxona', '110-частное предприятие', 1),
(2, '120-oilaviy korxona', '120-семеейное предприятие', NULL),
(3, '130-fermer xo`jaligi', '130-фермерское хозяйство', NULL),
(4, '140-dehqon xo`jaligi (yuidik shaxs)', '140-дехканское хозяйство (юр.лицо)', NULL),
(5, '151-xo`jalik birlashmasi (tovarishestvo)', '151-хозяйственное товарищество', NULL),
(6, '152-MChJ', '152-ООО', NULL),
(7, '153-Aksioner jamiyati', '153-Акционерное общество', NULL),
(8, '160-Unitar korxona', '160-Унитарное предприятие', NULL),
(9, '170-Ishlab chiqarish kooperativ', '170-Производственный кооператив', NULL),
(10, '190-Tijorat tashkiloti', '190-TКоммерческая организация', NULL),
(11, '200-tijorat tashkiloti bo`lmaganlar', '200-некоммерческая организация', NULL),
(12, '400-dehqon xo`jaligi (yuidik shaxs bo`lmagan)', '400-Дехканское хозяйство, без образования юридического лица', NULL),
(13, '420-Yakka tdbirkor', '420-Индивидуальный предприниматель', NULL),
(14, '430-Oilaviy tadbirkorlik (yur.shaxs emas)', '430-Семейное предпринимательство, без образования юридического лица', NULL);

-- --------------------------------------------------------

--
-- Table structure for table `units`
--

CREATE TABLE `units` (
  `id` int(11) NOT NULL,
  `name_uz` varchar(100) NOT NULL,
  `name_ru` varchar(255) NOT NULL,
  `code` int(11) NOT NULL
) ENGINE=InnoDB DEFAULT CHARSET=utf8mb4;

--
-- Dumping data for table `units`
--

INSERT INTO `units` (`id`, `name_uz`, `name_ru`, `code`) VALUES
(1, 'dona', 'штук', 1),
(2, 'gramm', 'грамм', 2),
(4, 'litr', 'литр', 1);

-- --------------------------------------------------------

--
-- Table structure for table `vaccination`
--

CREATE TABLE `vaccination` (
  `animal_id` int(11) NOT NULL,
  `vaccina_id` int(11) DEFAULT NULL,
  `disease_id` int(11) DEFAULT NULL,
  `disease_date` date DEFAULT NULL
) ENGINE=InnoDB DEFAULT CHARSET=utf8mb4 COLLATE=utf8mb4_unicode_ci;

-- --------------------------------------------------------

--
-- Table structure for table `vaccines`
--

CREATE TABLE `vaccines` (
  `id` int(11) NOT NULL,
  `name` varchar(50) COLLATE utf8mb4_unicode_ci DEFAULT NULL
) ENGINE=InnoDB DEFAULT CHARSET=utf8mb4 COLLATE=utf8mb4_unicode_ci;

-- --------------------------------------------------------

--
-- Table structure for table `verification_purposes`
--

CREATE TABLE `verification_purposes` (
  `id` int(11) NOT NULL,
  `name_uz` varchar(100) NOT NULL,
  `name_ru` varchar(255) NOT NULL,
  `code` int(11) NOT NULL
) ENGINE=InnoDB DEFAULT CHARSET=utf8mb4;

--
-- Dumping data for table `verification_purposes`
--

INSERT INTO `verification_purposes` (`id`, `name_uz`, `name_ru`, `code`) VALUES
(1, 'максад-01', 'цель -01', 1);

-- --------------------------------------------------------

--
-- Table structure for table `vet_sites`
--

CREATE TABLE `vet_sites` (
  `id` int(11) NOT NULL,
  `code` varchar(255) COLLATE utf8mb4_unicode_ci NOT NULL,
  `name` varchar(255) COLLATE utf8mb4_unicode_ci DEFAULT NULL,
  `soato` int(11) DEFAULT NULL
) ENGINE=InnoDB DEFAULT CHARSET=utf8mb4 COLLATE=utf8mb4_unicode_ci;

--
-- Dumping data for table `vet_sites`
--

INSERT INTO `vet_sites` (`id`, `code`, `name`, `soato`) VALUES
(1, '113d6bba-fab0-4149-9ee0-c3ff6993ba1d', 'Заpафшан', 1712408),
(2, '15819b09-6ea1-49de-a8fb-5af040c26d2e', 'Тошкент тумани', 1727237),
(3, '208234b0-66f7-488a-8754-22257f331830', 'Амир Темур ветеринария участкаси', 1722210501),
(4, '2110e271-37d2-46d8-92e4-90bd71281842', 'Кунград', 1735215501),
(5, '3b041b3e-1cf8-4268-a037-0a612e7cd47a', 'Гала-Осиё', 1706207),
(6, '4f28368a-2d74-4da0-9ef6-cb22edacc44f', 'Учкудук', 1712248),
(7, '4f7b13b1-4e4f-4ed5-8060-c4363fd7d74f', 'Толиб вет фарм', 1718406),
(8, '65e41142-999b-4621-bd32-0bf8cf0ae510', 'Жаркургон шаҳар', 1722212),
(9, '6b47b1d2-63a7-4f71-a49b-6011927b8f3c', 'Кимёгарлар', 1718401),
(10, '6e7fa04b-9b75-425c-9c83-a119a5bfff0d', 'Тупроққала', 1733220),
(11, '8e0d1256-2db0-4946-a1a3-f847b613f28f', 'Тойтепа', 1727253),
(12, 'a2425acd-84d9-411d-a488-2efddf8ae931', 'Ширин', 1724401),
(13, 'b400b3a9-7871-11ec-91df-000c299455db', 'Участок номер 1', 1733401),
(14, 'b400b5c6-7871-11ec-91df-000c299455db', 'Барака', 1718206),
(15, 'b400b699-7871-11ec-91df-000c299455db', 'Узбеккенти', 1718218),
(16, 'b400b74a-7871-11ec-91df-000c299455db', 'Чўлобод', 1733217),
(17, 'b400b7f3-7871-11ec-91df-000c299455db', 'А.Яссавий', 1727239),
(18, 'b400b898-7871-11ec-91df-000c299455db', 'Чандирқиёт', 1733217),
(19, 'b400b93c-7871-11ec-91df-000c299455db', ' Юқорибоғ', 1733217),
(20, 'b400b9df-7871-11ec-91df-000c299455db', 'Дўстлик', 1727239),
(21, 'b400ba7d-7871-11ec-91df-000c299455db', 'Хайрхуш', 1706212),
(22, 'b400bb24-7871-11ec-91df-000c299455db', 'Юқори Дўрман', 1733217),
(23, 'b400bbc9-7871-11ec-91df-000c299455db', 'Дўрмон', 1727248),
(24, 'b400bc6f-7871-11ec-91df-000c299455db', 'Дўрман', 1733217),
(25, 'b400bd0b-7871-11ec-91df-000c299455db', 'Чаккашоликор', 1733217),
(26, 'b400bdad-7871-11ec-91df-000c299455db', 'Чугуртма', 1710207),
(27, 'b400be4f-7871-11ec-91df-000c299455db', 'Анжирчи', 1733217),
(28, 'b400beee-7871-11ec-91df-000c299455db', 'Тузел', 1727248),
(29, 'b400bf8c-7871-11ec-91df-000c299455db', 'Кибрай', 1727248),
(30, 'b400c02a-7871-11ec-91df-000c299455db', 'Ғалаба', 1733217),
(31, 'b400d982-7871-11ec-91df-000c299455db', 'Юқорибоғ Урганч', 1733217),
(32, 'b400da7f-7871-11ec-91df-000c299455db', 'Қоравул', 1733217),
(33, 'b400db24-7871-11ec-91df-000c299455db', 'Қавола Маҳмуд', 1706207),
(34, 'b400dbca-7871-11ec-91df-000c299455db', 'Кукбулок', 1708209),
(35, 'b400dc74-7871-11ec-91df-000c299455db', 'Байткурғон', 1727248),
(36, 'b400dd15-7871-11ec-91df-000c299455db', 'Чоткўпир', 1733217),
(37, 'b400ddbd-7871-11ec-91df-000c299455db', 'Бирлик', 1708225),
(38, 'b400de61-7871-11ec-91df-000c299455db', 'Чоткўпир 2', 1733217),
(39, 'b400deff-7871-11ec-91df-000c299455db', 'Турон', 1727248),
(40, 'b400dfa0-7871-11ec-91df-000c299455db', 'Чалиш', 1733217),
(41, 'b400e03c-7871-11ec-91df-000c299455db', 'Бура-ота', 1727248),
(42, 'b400e0da-7871-11ec-91df-000c299455db', 'Янгибозор', 1733220),
(43, 'b400e179-7871-11ec-91df-000c299455db', 'Салар', 1727248),
(44, 'b400e218-7871-11ec-91df-000c299455db', 'Карвак', 1733220),
(45, 'b400e2b2-7871-11ec-91df-000c299455db', 'Май', 1727248),
(46, 'b400e34f-7871-11ec-91df-000c299455db', 'Файзабод', 1710224),
(47, 'b400e3eb-7871-11ec-91df-000c299455db', 'Овшар', 1733220),
(48, 'b400e489-7871-11ec-91df-000c299455db', 'Чархент', 1718218),
(49, 'b400e524-7871-11ec-91df-000c299455db', 'Бойқозон', 1727249),
(50, 'b400e5c4-7871-11ec-91df-000c299455db', 'Мухомон', 1733220),
(51, 'b400e666-7871-11ec-91df-000c299455db', 'Бўстон', 1727249),
(52, 'b400e706-7871-11ec-91df-000c299455db', 'Бешта', 1733220),
(53, 'b400e79f-7871-11ec-91df-000c299455db', 'Чанги-Хисарак', 1727249),
(54, 'b400e83f-7871-11ec-91df-000c299455db', 'Бўстон', 1733220),
(55, 'b400e8dc-7871-11ec-91df-000c299455db', 'Заркент', 1727249),
(56, 'b400e97f-7871-11ec-91df-000c299455db', 'Саноат', 1733220),
(57, 'b400ea22-7871-11ec-91df-000c299455db', 'Сўқоқ', 1727249),
(58, 'b400eac7-7871-11ec-91df-000c299455db', 'Керайит', 1710224),
(59, 'b400eb72-7871-11ec-91df-000c299455db', 'Тепакургон', 1718218),
(60, 'b400ec10-7871-11ec-91df-000c299455db', 'Пичоқчи', 1733220),
(61, 'b400ecae-7871-11ec-91df-000c299455db', 'Туман Маркази', 1733220),
(62, 'b400ed51-7871-11ec-91df-000c299455db', 'Новдак', 1727249),
(63, 'b400edeb-7871-11ec-91df-000c299455db', 'Сарапоён', 1733223),
(64, 'b400ee86-7871-11ec-91df-000c299455db', 'Қорақалпоқ', 1727249),
(65, 'b400ef25-7871-11ec-91df-000c299455db', 'Корамози', 1733220),
(66, 'b400efc5-7871-11ec-91df-000c299455db', 'Номданак', 1727249),
(67, 'b400f05f-7871-11ec-91df-000c299455db', 'Муротали', 1727250),
(68, 'b400f11e-7871-11ec-91df-000c299455db', 'Қирқизобод', 1727250),
(69, 'b400f1cd-7871-11ec-91df-000c299455db', 'Гулистон', 1727250),
(70, 'b400f274-7871-11ec-91df-000c299455db', 'Ибн-сино', 1718218),
(71, 'b400f31a-7871-11ec-91df-000c299455db', 'Оқтош', 1708209),
(72, 'b400f3bf-7871-11ec-91df-000c299455db', 'Дўнқўрғон', 1727250),
(73, 'b400f46a-7871-11ec-91df-000c299455db', 'Оқ тепа ', 1727250),
(74, 'b400f516-7871-11ec-91df-000c299455db', 'Пискент', 1727250),
(75, 'b400f5b7-7871-11ec-91df-000c299455db', 'Саидобод', 1727250),
(76, 'b400f65e-7871-11ec-91df-000c299455db', 'Кирк-ёп', 1733223),
(77, 'b400f705-7871-11ec-91df-000c299455db', 'Мадир', 1733223),
(78, 'b400f7b1-7871-11ec-91df-000c299455db', 'Қумовул', 1727253),
(79, 'b400f860-7871-11ec-91df-000c299455db', 'Навхос', 1733223),
(80, 'b400f90f-7871-11ec-91df-000c299455db', 'Коракош', 1733223),
(81, 'b400f9c3-7871-11ec-91df-000c299455db', 'Хужакургон', 1718218),
(82, 'b400fa69-7871-11ec-91df-000c299455db', 'Ўртасарой', 1727253),
(83, 'b400fb0f-7871-11ec-91df-000c299455db', 'Шахар', 1708209),
(84, 'b400fbb4-7871-11ec-91df-000c299455db', 'Олажа', 1733223),
(85, 'b400fcb7-7871-11ec-91df-000c299455db', 'Тома-Дургадик', 1733223),
(86, 'b400fd63-7871-11ec-91df-000c299455db', 'Қорасув', 1727253),
(87, 'b400fe05-7871-11ec-91df-000c299455db', 'Навоий', 1727253),
(88, 'b400feab-7871-11ec-91df-000c299455db', 'Дўстлик', 1727253),
(89, 'b400ff4a-7871-11ec-91df-000c299455db', 'Намуна', 1733223),
(90, 'b400ffeb-7871-11ec-91df-000c299455db', 'Уйшин', 1727253),
(91, 'b401013f-7871-11ec-91df-000c299455db', 'Катта Жирмиз', 1733223),
(92, 'b40101e6-7871-11ec-91df-000c299455db', 'Зарафшон', 1718218),
(93, 'b4010288-7871-11ec-91df-000c299455db', 'Кучлик', 1727253),
(94, 'b401032c-7871-11ec-91df-000c299455db', 'Амударё', 1733223),
(95, 'b40103d2-7871-11ec-91df-000c299455db', 'Чарағил', 1710224),
(96, 'b4010476-7871-11ec-91df-000c299455db', 'Хонка', 1733223),
(97, 'b4010515-7871-11ec-91df-000c299455db', 'Дархон', 1727265),
(98, 'b40105b9-7871-11ec-91df-000c299455db', 'Шомохулум ', 1733226),
(99, 'b401065e-7871-11ec-91df-000c299455db', 'Хасанбой', 1727265),
(100, 'b4010704-7871-11ec-91df-000c299455db', 'Ирдимзон', 1733226),
(101, 'b40107b1-7871-11ec-91df-000c299455db', 'Кўк Терак', 1727265),
(102, 'b4010860-7871-11ec-91df-000c299455db', 'Эски-киёт ', 1733226),
(103, 'b4010911-7871-11ec-91df-000c299455db', 'Мушкент', 1718218),
(104, 'b40109b7-7871-11ec-91df-000c299455db', 'Келес', 1727265),
(105, 'b4010a5e-7871-11ec-91df-000c299455db', 'Ок-ёп ', 1733226),
(106, 'b4010b06-7871-11ec-91df-000c299455db', 'Масалбой', 1727265),
(107, 'b4010c76-7871-11ec-91df-000c299455db', 'Жийдали', 1708209),
(108, 'b4010d1a-7871-11ec-91df-000c299455db', 'Кўк Сарой', 1727265),
(109, 'b4010dbf-7871-11ec-91df-000c299455db', 'Чиноз', 1727256),
(110, 'b4010e6b-7871-11ec-91df-000c299455db', 'Дашёк ', 1733226),
(111, 'b4010f0a-7871-11ec-91df-000c299455db', 'Олмазор', 1727256),
(112, 'b4010fac-7871-11ec-91df-000c299455db', 'Чинобод ', 1733226),
(113, 'b4011051-7871-11ec-91df-000c299455db', 'Гандимён ', 1733226),
(114, 'b40110f7-7871-11ec-91df-000c299455db', 'Нарпай', 1718218),
(115, 'b401119a-7871-11ec-91df-000c299455db', 'Кутарма', 1727256),
(116, 'b401123c-7871-11ec-91df-000c299455db', 'Саёт ', 1733226),
(117, 'b40112e3-7871-11ec-91df-000c299455db', 'Туркистон', 1727256),
(118, 'b401138d-7871-11ec-91df-000c299455db', 'Журён ', 1733226),
(119, 'b4011431-7871-11ec-91df-000c299455db', 'Сурум', 1710232),
(120, 'b40114d4-7871-11ec-91df-000c299455db', 'К-Кум ', 1733226),
(121, 'b4011586-7871-11ec-91df-000c299455db', 'Иттифок', 1727256),
(122, 'b4011642-7871-11ec-91df-000c299455db', 'Чанашик ', 1733226),
(123, 'b40116f5-7871-11ec-91df-000c299455db', 'Дустлик', 1727256),
(124, 'b4011754-7871-11ec-91df-000c299455db', 'Гулшан ', 1733226),
(125, 'b40117b5-7871-11ec-91df-000c299455db', 'Х.Мирзо', 1718206),
(126, 'b401181a-7871-11ec-91df-000c299455db', 'Ғайрат', 1722204),
(127, 'b401187c-7871-11ec-91df-000c299455db', 'Арвик ', 1733226),
(128, 'b40118dc-7871-11ec-91df-000c299455db', 'Э.Тошкент', 1727256),
(129, 'b401193b-7871-11ec-91df-000c299455db', 'Яллама', 1727256),
(130, 'b4011997-7871-11ec-91df-000c299455db', 'Шовот калъа', 1733230),
(131, 'b40119f5-7871-11ec-91df-000c299455db', 'хитой', 1733230),
(132, 'b4011a53-7871-11ec-91df-000c299455db', 'Гулчамбар', 1708209),
(133, 'b4011ab2-7871-11ec-91df-000c299455db', 'хитой 1', 1733230),
(134, 'b4011b0f-7871-11ec-91df-000c299455db', 'Ниёзбош', 1727259),
(135, 'b4011b6b-7871-11ec-91df-000c299455db', 'Буйрачи', 1733230),
(136, 'b4011bc9-7871-11ec-91df-000c299455db', 'Қўш-Ёғоч', 1727259),
(137, 'b4011c27-7871-11ec-91df-000c299455db', 'Работ', 1722204),
(138, 'b4011c82-7871-11ec-91df-000c299455db', 'А.Ортиқов', 1727259),
(139, 'b4011cde-7871-11ec-91df-000c299455db', 'Э.Қовунчи', 1727259),
(140, 'b4011d3c-7871-11ec-91df-000c299455db', 'Каткалъа', 1733230),
(141, 'b4011d9b-7871-11ec-91df-000c299455db', 'Шуралисой', 1727259),
(142, 'b4011df8-7871-11ec-91df-000c299455db', 'Киёт', 1733230),
(143, 'b4011e54-7871-11ec-91df-000c299455db', 'У.Мусаев', 1727259),
(144, 'b4011ea0-7871-11ec-91df-000c299455db', 'Мирзабулоқ', 1708209),
(145, 'b4011f76-7871-11ec-91df-000c299455db', 'киёт 1', 1733230),
(146, 'b4011fcb-7871-11ec-91df-000c299455db', 'Навбахор', 1727259),
(147, 'b4012016-7871-11ec-91df-000c299455db', 'Чигатой', 1733230),
(148, 'b4012063-7871-11ec-91df-000c299455db', 'Сайроб', 1722204),
(149, 'b40120ae-7871-11ec-91df-000c299455db', 'Бўз-сув', 1727259),
(150, 'b40120f8-7871-11ec-91df-000c299455db', 'Монок', 1733230),
(151, 'b4012142-7871-11ec-91df-000c299455db', 'Халқобод', 1727259),
(152, 'b401218c-7871-11ec-91df-000c299455db', 'Ижтимоят', 1733230),
(153, 'b40121d8-7871-11ec-91df-000c299455db', 'кангли ', 1733230),
(154, 'b4012222-7871-11ec-91df-000c299455db', 'Янгиобод', 1727407),
(155, 'b401226b-7871-11ec-91df-000c299455db', 'Узбекистон', 1733230),
(156, 'b40122b7-7871-11ec-91df-000c299455db', 'Сўфикоргар', 1706207),
(157, 'b4012303-7871-11ec-91df-000c299455db', 'Имомқозихон', 1706212),
(158, 'b4012351-7871-11ec-91df-000c299455db', 'Қорабоғ', 1727407),
(159, 'b40123a1-7871-11ec-91df-000c299455db', 'Хитой', 1710234),
(160, 'b401242a-7871-11ec-91df-000c299455db', 'Шовот ', 1733230),
(161, 'b4012478-7871-11ec-91df-000c299455db', 'Бекобод шахар', 1727413),
(162, 'b40124c6-7871-11ec-91df-000c299455db', 'Бустон', 1733230),
(163, 'b4012511-7871-11ec-91df-000c299455db', 'Бешмарган', 1733230),
(164, 'b401255b-7871-11ec-91df-000c299455db', 'Нурафшон шахар', 1727401),
(165, 'b40125a9-7871-11ec-91df-000c299455db', 'Шодлик', 1733230),
(166, 'b40125f8-7871-11ec-91df-000c299455db', 'Олмалиқ шахар', 1727404),
(167, 'b4012642-7871-11ec-91df-000c299455db', 'Марказий', 1733230),
(168, 'b401268e-7871-11ec-91df-000c299455db', 'Охангарон шахар', 1727415),
(169, 'b40126dc-7871-11ec-91df-000c299455db', 'Кипчоксув', 1708209),
(170, 'b401272c-7871-11ec-91df-000c299455db', 'Дурмон', 1718218),
(171, 'b4012777-7871-11ec-91df-000c299455db', 'Гулистон', 1733233),
(172, 'b40127c3-7871-11ec-91df-000c299455db', 'Ўзбекистон', 1733233),
(173, 'b4012811-7871-11ec-91df-000c299455db', 'Оқ қовоқ  ', 1727419),
(174, 'b4012860-7871-11ec-91df-000c299455db', 'Навруз', 1733233),
(175, 'b40128ab-7871-11ec-91df-000c299455db', 'Янгийўл шахар', 1727424),
(176, 'b40128f6-7871-11ec-91df-000c299455db', 'М.Маткаримов', 1733233),
(177, 'b4013890-7871-11ec-91df-000c299455db', 'Хоразм', 1733233),
(178, 'b4013909-7871-11ec-91df-000c299455db', 'А.Утар', 1733233),
(179, 'b401395a-7871-11ec-91df-000c299455db', '1-боёвут ', 1724212),
(180, 'b40139ab-7871-11ec-91df-000c299455db', 'Остона', 1733233),
(181, 'b40139fe-7871-11ec-91df-000c299455db', 'Дарбанд', 1722204),
(182, 'b4013a4d-7871-11ec-91df-000c299455db', 'Бештерак', 1710232),
(183, 'b4013a98-7871-11ec-91df-000c299455db', 'Окмачит', 1733233),
(184, 'b4013ae6-7871-11ec-91df-000c299455db', '3-боёвут ', 1724212),
(185, 'b4013b33-7871-11ec-91df-000c299455db', 'Ғаллакор ', 1724212),
(186, 'b4013b81-7871-11ec-91df-000c299455db', 'У.Юсупов ', 1724212),
(187, 'b4013bcc-7871-11ec-91df-000c299455db', 'Навбахор', 1724212),
(188, 'b4013c19-7871-11ec-91df-000c299455db', 'Тараққиёт', 1724212),
(189, 'b4013c65-7871-11ec-91df-000c299455db', 'Т.Латипов ', 1724212),
(190, 'b4013cbe-7871-11ec-91df-000c299455db', 'Фарход', 1724212),
(191, 'b4013d21-7871-11ec-91df-000c299455db', 'Бешбулоқ', 1724220),
(192, 'b4013ea2-7871-11ec-91df-000c299455db', 'Чайкал', 1718218),
(193, 'b4013f0a-7871-11ec-91df-000c299455db', 'Дехқонобод', 1724220),
(194, 'b4013f6a-7871-11ec-91df-000c299455db', 'Шаҳар маркази', 1706212),
(195, 'b4013fcb-7871-11ec-91df-000c299455db', 'Кўнчи', 1724220),
(196, 'b4014028-7871-11ec-91df-000c299455db', 'Х.Олимжон', 1724220),
(197, 'b4014085-7871-11ec-91df-000c299455db', 'Тошкент', 1724228),
(198, 'b40140e1-7871-11ec-91df-000c299455db', 'Йўлдошобод', 1724228),
(199, 'b401413f-7871-11ec-91df-000c299455db', 'Бахористон', 1724228),
(200, 'b401419c-7871-11ec-91df-000c299455db', 'Нурафшон', 1724228),
(201, 'b40141f8-7871-11ec-91df-000c299455db', 'Дехқонобод', 1724228),
(202, 'b4014255-7871-11ec-91df-000c299455db', 'Сардоба', 1724206),
(203, 'b40142b3-7871-11ec-91df-000c299455db', 'Дуоба', 1722204),
(204, 'b401430e-7871-11ec-91df-000c299455db', 'С.Сидиқов ', 1724206),
(205, 'b401443b-7871-11ec-91df-000c299455db', 'Фарғона', 1724206),
(206, 'b401449b-7871-11ec-91df-000c299455db', 'Токчилик', 1708212),
(207, 'b40144e9-7871-11ec-91df-000c299455db', 'Андижон', 1724206),
(208, 'b4014533-7871-11ec-91df-000c299455db', 'А.Тойиров', 1724206),
(209, 'b4014580-7871-11ec-91df-000c299455db', 'Ахиллик', 1724206),
(210, 'b40145cc-7871-11ec-91df-000c299455db', 'Бўстон', 1724206),
(211, 'b4014617-7871-11ec-91df-000c299455db', 'Узоқов', 1724226),
(212, 'b4014663-7871-11ec-91df-000c299455db', 'Пахтаобод', 1724226),
(213, 'b40146ae-7871-11ec-91df-000c299455db', 'Янгиқишлоқ', 1724226),
(214, 'b4014722-7871-11ec-91df-000c299455db', 'Авлод', 1722204),
(215, 'b401476d-7871-11ec-91df-000c299455db', 'Ш.Рашидов ', 1724226),
(216, 'b40147b7-7871-11ec-91df-000c299455db', 'Хақиқат', 1724231),
(217, 'b4014800-7871-11ec-91df-000c299455db', 'Сирдарё шахар ', 1724231),
(218, 'b4014893-7871-11ec-91df-000c299455db', 'Варганза', 1710232),
(219, 'b4014f65-7871-11ec-91df-000c299455db', 'Бахт шахар ', 1724231),
(220, 'b401510c-7871-11ec-91df-000c299455db', 'Турон', 1724231),
(221, 'b401515a-7871-11ec-91df-000c299455db', 'Синдаробод', 1724231),
(222, 'b40151a6-7871-11ec-91df-000c299455db', 'Ж.Маманов ', 1724231),
(223, 'b40151f1-7871-11ec-91df-000c299455db', 'Малик', 1724231),
(224, 'b401523f-7871-11ec-91df-000c299455db', 'Янгихаёт', 1724231),
(225, 'b401528f-7871-11ec-91df-000c299455db', 'Нуробод шахар', 1718235),
(226, 'b40152dc-7871-11ec-91df-000c299455db', 'Сохил', 1724231),
(227, 'b4015328-7871-11ec-91df-000c299455db', 'Чўлтўқай', 1724231),
(228, 'b4015376-7871-11ec-91df-000c299455db', 'Сайхун', 1724216),
(229, 'b40153c1-7871-11ec-91df-000c299455db', 'Истиқлол', 1724216),
(230, 'b401540c-7871-11ec-91df-000c299455db', 'Ровот', 1708212),
(231, 'b4015458-7871-11ec-91df-000c299455db', 'Гулистон', 1724216),
(232, 'b40154a5-7871-11ec-91df-000c299455db', 'Қ.Султонов', 1724216),
(233, 'b40154ee-7871-11ec-91df-000c299455db', 'Пахтакор', 1724216),
(234, 'b4015539-7871-11ec-91df-000c299455db', 'Сохибкор', 1724235),
(235, 'b4015586-7871-11ec-91df-000c299455db', 'Гулбахор', 1724235),
(236, 'b40155d2-7871-11ec-91df-000c299455db', 'Улугбек', 1718206),
(237, 'b401561f-7871-11ec-91df-000c299455db', 'Қиличли', 1718235),
(238, 'b401566a-7871-11ec-91df-000c299455db', 'Фарход', 1724235),
(239, 'b40156b7-7871-11ec-91df-000c299455db', 'Қахрамон', 1724235),
(240, 'b4015705-7871-11ec-91df-000c299455db', 'Оқчангал', 1724235),
(241, 'b4015750-7871-11ec-91df-000c299455db', 'Зафаробод', 1724235),
(242, 'b401579b-7871-11ec-91df-000c299455db', 'Бинокор', 1724235),
(243, 'b40157e8-7871-11ec-91df-000c299455db', 'Башир', 1710232),
(244, 'b4015836-7871-11ec-91df-000c299455db', 'Ховособод', 1724235),
(245, 'b401587f-7871-11ec-91df-000c299455db', 'Туркистон', 1724235),
(246, 'b40158cb-7871-11ec-91df-000c299455db', 'Улуғобод', 1724401),
(247, 'b4015918-7871-11ec-91df-000c299455db', 'Бахор', 1724401),
(248, 'b4015965-7871-11ec-91df-000c299455db', 'Мачай', 1722204),
(249, 'b40159af-7871-11ec-91df-000c299455db', 'Дўстлик', 1724401),
(250, 'b40159fb-7871-11ec-91df-000c299455db', 'Абдурахмонжомий', 1724413),
(251, 'b4015a49-7871-11ec-91df-000c299455db', 'Наврўзобод', 1724413),
(252, 'b4015a98-7871-11ec-91df-000c299455db', 'Шаҳар 2', 1710401),
(253, 'b4015ae2-7871-11ec-91df-000c299455db', 'Шаҳар 3', 1710401),
(254, 'b4015b2f-7871-11ec-91df-000c299455db', 'Шаҳар 4', 1710401),
(255, 'b4015b7c-7871-11ec-91df-000c299455db', 'Дальмун', 1706246),
(256, 'b4015bca-7871-11ec-91df-000c299455db', 'Оммогон', 1710405),
(257, 'b4015c13-7871-11ec-91df-000c299455db', 'Катта Новкат', 1710405),
(258, 'b4015c5f-7871-11ec-91df-000c299455db', 'Синабог', 1710405),
(259, 'b4015caa-7871-11ec-91df-000c299455db', 'Маъшал', 1718235),
(260, 'b4015cf7-7871-11ec-91df-000c299455db', 'Чикирчи', 1733233),
(261, 'b4015d41-7871-11ec-91df-000c299455db', 'Чойкул', 1735204),
(262, 'b4015d8c-7871-11ec-91df-000c299455db', 'Кипчак', 1735204),
(263, 'b4015dd9-7871-11ec-91df-000c299455db', 'Кангли', 1735204),
(264, 'b4015e26-7871-11ec-91df-000c299455db', 'Бобур', 1735204),
(265, 'b4015e70-7871-11ec-91df-000c299455db', 'К-Купир', 1735204),
(266, 'b4015ebc-7871-11ec-91df-000c299455db', 'Хитой', 1735204),
(267, 'b4015f09-7871-11ec-91df-000c299455db', 'Тупчок', 1710232),
(268, 'b4015f57-7871-11ec-91df-000c299455db', 'Урта-каъла', 1735204),
(269, 'b4015fa6-7871-11ec-91df-000c299455db', 'Килчбой', 1735204),
(270, 'b4015ff7-7871-11ec-91df-000c299455db', 'Улус', 1718235),
(271, 'b4016044-7871-11ec-91df-000c299455db', 'Мангит ш', 1735204),
(272, 'b4016092-7871-11ec-91df-000c299455db', 'Шоббоз', 1735207),
(273, 'b40160df-7871-11ec-91df-000c299455db', 'Марказ', 1735207),
(274, 'b401612a-7871-11ec-91df-000c299455db', 'Шимом', 1735207),
(275, 'b4016177-7871-11ec-91df-000c299455db', 'Озод', 1735207),
(276, 'b40161c4-7871-11ec-91df-000c299455db', 'Дустлик', 1735207),
(277, 'b4016211-7871-11ec-91df-000c299455db', 'Олтинсой', 1735207),
(278, 'b401625b-7871-11ec-91df-000c299455db', 'Бийбазар', 1735207),
(279, 'b40162a6-7871-11ec-91df-000c299455db', 'Тинчлик ', 1708201),
(280, 'b40162f4-7871-11ec-91df-000c299455db', 'Ёйилма', 1708212),
(281, 'b4016341-7871-11ec-91df-000c299455db', 'Зафаробод', 1708225),
(282, 'b401638d-7871-11ec-91df-000c299455db', 'Беруний', 1735207),
(283, 'b40163da-7871-11ec-91df-000c299455db', '\"Наўрыз\" ОФЙ', 1735218),
(284, 'b4016429-7871-11ec-91df-000c299455db', '\"Жайхун\" ОФЙ', 1735218),
(285, 'b401647a-7871-11ec-91df-000c299455db', 'А Досназаров', 1735211),
(286, 'b40164c5-7871-11ec-91df-000c299455db', 'С Камалов', 1735211),
(287, 'b4016513-7871-11ec-91df-000c299455db', 'С Камалов', 1735211),
(288, 'b4016562-7871-11ec-91df-000c299455db', 'Маденият', 1735211),
(289, 'b40165b1-7871-11ec-91df-000c299455db', 'Куралпа', 1735211),
(290, 'b40165fc-7871-11ec-91df-000c299455db', 'Жузимбог', 1735212),
(291, 'b4016647-7871-11ec-91df-000c299455db', 'Пахтаобод', 1708212),
(292, 'b4016695-7871-11ec-91df-000c299455db', 'Гирдиқурғон', 1718235),
(293, 'b40166e1-7871-11ec-91df-000c299455db', 'Абат', 1735212),
(294, 'b401672b-7871-11ec-91df-000c299455db', 'Жалпак жап', 1735212),
(295, 'b4016776-7871-11ec-91df-000c299455db', 'Кегейли', 1735212),
(296, 'b40167c4-7871-11ec-91df-000c299455db', 'Таза кала', 1735215),
(297, 'b4016811-7871-11ec-91df-000c299455db', 'Каракалпакия ', 1735215),
(298, 'b401685b-7871-11ec-91df-000c299455db', 'Казок-дарё', 1735222),
(299, 'b40168a6-7871-11ec-91df-000c299455db', 'Модели', 1735222),
(300, 'b40168f3-7871-11ec-91df-000c299455db', 'Бузарув', 1735222),
(301, 'b4016940-7871-11ec-91df-000c299455db', 'Хоким-ота', 1735222),
(302, 'b401698f-7871-11ec-91df-000c299455db', 'Крантау', 1735225),
(303, 'b40169dc-7871-11ec-91df-000c299455db', 'Оқсой', 1718235),
(304, 'b4016a29-7871-11ec-91df-000c299455db', 'Зарафшон', 1710232),
(305, 'b4016a76-7871-11ec-91df-000c299455db', 'Баканшаклы', 1735225),
(306, 'b4016ac3-7871-11ec-91df-000c299455db', 'Саманбай', 1735225),
(307, 'b4016b12-7871-11ec-91df-000c299455db', 'Тахиаташ тумани', 1735228),
(308, 'b4016b5e-7871-11ec-91df-000c299455db', 'Найман', 1735228),
(309, 'b4016baa-7871-11ec-91df-000c299455db', 'Кенегес', 1735228),
(310, 'b4016bf8-7871-11ec-91df-000c299455db', 'Сарайкул', 1735228),
(311, 'b4016c48-7871-11ec-91df-000c299455db', 'Туман маркази', 1735230),
(312, 'b4016c98-7871-11ec-91df-000c299455db', 'Атакул', 1735230),
(313, 'b4016cea-7871-11ec-91df-000c299455db', 'Мулик', 1735230),
(314, 'b4016d3d-7871-11ec-91df-000c299455db', 'Охунбобоев', 1722210),
(315, 'b4016d89-7871-11ec-91df-000c299455db', 'Жанадарё', 1735230),
(316, 'b4016dd6-7871-11ec-91df-000c299455db', 'Кахрамон', 1708215),
(317, 'b4016e57-7871-11ec-91df-000c299455db', 'Даукара', 1735230),
(318, 'b4016ea7-7871-11ec-91df-000c299455db', 'Коструба', 1735230),
(319, 'b4016ef7-7871-11ec-91df-000c299455db', 'Оккамиш', 1735233),
(320, 'b4016f46-7871-11ec-91df-000c299455db', 'Узбекистон', 1735233),
(321, 'b4016f93-7871-11ec-91df-000c299455db', 'Окбошли', 1735233),
(322, 'b4017bac-7871-11ec-91df-000c299455db', 'Шукрахон', 1735233),
(323, 'b4017c1f-7871-11ec-91df-000c299455db', 'Куна турткул', 1735233),
(324, 'b4017c73-7871-11ec-91df-000c299455db', 'Уллбог', 1735233),
(325, 'b4017cc5-7871-11ec-91df-000c299455db', 'Сазоғон-Сарой', 1718235),
(326, 'b4017d17-7871-11ec-91df-000c299455db', 'Тозабогеп', 1735233),
(327, 'b4017d67-7871-11ec-91df-000c299455db', 'Пахтачи', 1735233),
(328, 'b4017db6-7871-11ec-91df-000c299455db', 'Аёкчи', 1710232),
(329, 'b4017e08-7871-11ec-91df-000c299455db', 'Ота Юрт', 1735233),
(330, 'b4017e93-7871-11ec-91df-000c299455db', 'Калтаминор', 1735233),
(331, 'b4017ee3-7871-11ec-91df-000c299455db', 'Янбошкалъа', 1735233),
(332, 'b4017f34-7871-11ec-91df-000c299455db', 'Кумбаскан ', 1735233),
(333, 'b4017f85-7871-11ec-91df-000c299455db', 'Ш.Турткул', 1735233),
(334, 'b4017fd4-7871-11ec-91df-000c299455db', 'Жана-жап', 1735236),
(335, 'b4018022-7871-11ec-91df-000c299455db', 'Сарышунгул', 1735236),
(336, 'b4018071-7871-11ec-91df-000c299455db', 'Ғалаба', 1722210),
(337, 'b40180c0-7871-11ec-91df-000c299455db', 'Мустакиллик', 1735236),
(338, 'b401810e-7871-11ec-91df-000c299455db', 'Кулаб', 1735236),
(339, 'b401815d-7871-11ec-91df-000c299455db', 'Амударё', 1735236),
(340, 'b40181ad-7871-11ec-91df-000c299455db', 'Олтин водий', 1708215),
(341, 'b40181fe-7871-11ec-91df-000c299455db', 'Кумжиккан', 1735236),
(342, 'b401824a-7871-11ec-91df-000c299455db', 'Саманкул', 1735236),
(343, 'b4018296-7871-11ec-91df-000c299455db', 'Хужайли шахри', 1735236),
(344, 'b40182e3-7871-11ec-91df-000c299455db', 'Кенес', 1735240),
(345, 'b4018333-7871-11ec-91df-000c299455db', 'Майжап', 1735240),
(346, 'b401837f-7871-11ec-91df-000c299455db', 'Таза жол', 1735240),
(347, 'b40183cd-7871-11ec-91df-000c299455db', '1-Тармок', 1718206),
(348, 'b401841c-7871-11ec-91df-000c299455db', 'Тепақул-Дустлик', 1718235),
(349, 'b401846c-7871-11ec-91df-000c299455db', 'Кызыл озек', 1735240),
(350, 'b40184b9-7871-11ec-91df-000c299455db', 'Костерек', 1735240),
(351, 'b4018506-7871-11ec-91df-000c299455db', 'Таг жап', 1735240),
(352, 'b4018554-7871-11ec-91df-000c299455db', 'Орайлык', 1735240),
(353, 'b40185a4-7871-11ec-91df-000c299455db', 'Китоб шахар', 1710232),
(354, 'b40185f1-7871-11ec-91df-000c299455db', 'Тазгара', 1735240),
(355, 'b401863e-7871-11ec-91df-000c299455db', 'Камыс арык', 1735240),
(356, 'b401868e-7871-11ec-91df-000c299455db', '№1 вет. Уч', 1735243),
(357, 'b40186df-7871-11ec-91df-000c299455db', '№2 вет. Уч', 1735243),
(358, 'b401872b-7871-11ec-91df-000c299455db', '№3 вет. Уч', 1735243),
(359, 'b4018779-7871-11ec-91df-000c299455db', 'Ш.Худойназаров', 1722210),
(360, 'b40187c8-7871-11ec-91df-000c299455db', 'Амиробод', 1735250),
(361, 'b4018818-7871-11ec-91df-000c299455db', 'Сарабий', 1735250),
(362, 'b4018864-7871-11ec-91df-000c299455db', 'Киличинок', 1735250),
(363, 'b40188b2-7871-11ec-91df-000c299455db', 'Гулдурсин', 1735250),
(364, 'b4018901-7871-11ec-91df-000c299455db', 'Навоий', 1735250),
(365, 'b4018951-7871-11ec-91df-000c299455db', 'Саритепа', 1708215),
(366, 'b401899e-7871-11ec-91df-000c299455db', 'Кирккиз', 1735250),
(367, 'b40189eb-7871-11ec-91df-000c299455db', 'Акчакул', 1735250),
(368, 'b4018a39-7871-11ec-91df-000c299455db', 'Гулистон', 1735250),
(369, 'b4018a8a-7871-11ec-91df-000c299455db', 'Кызкеткен', 1735401),
(370, 'b4018add-7871-11ec-91df-000c299455db', 'Холчаён', 1722210),
(371, 'b4018b2b-7871-11ec-91df-000c299455db', 'Жийдели байсын', 1735401),
(372, 'b4018b79-7871-11ec-91df-000c299455db', 'Таслак', 1735401),
(373, 'b4018bc9-7871-11ec-91df-000c299455db', 'Орайлык', 1735401),
(374, 'b4018c15-7871-11ec-91df-000c299455db', 'Каратау', 1735401),
(375, 'b4018c64-7871-11ec-91df-000c299455db', 'Кос кол', 1735401),
(376, 'b4018cb2-7871-11ec-91df-000c299455db', 'Теле орай', 1735401),
(377, 'b4018d01-7871-11ec-91df-000c299455db', 'Комилон', 1710237),
(378, 'b4018d4f-7871-11ec-91df-000c299455db', 'Водоканал', 1735401),
(379, 'b4018d9c-7871-11ec-91df-000c299455db', 'Найман', 1703203),
(380, 'b4018dec-7871-11ec-91df-000c299455db', 'Бўтақара', 1703203),
(381, 'b4018e3c-7871-11ec-91df-000c299455db', 'Тим', 1718235),
(382, 'b4018e88-7871-11ec-91df-000c299455db', 'Қўнжи', 1703203),
(383, 'b4018ed4-7871-11ec-91df-000c299455db', 'Хортум', 1703203),
(384, 'b4018f21-7871-11ec-91df-000c299455db', 'Харабек', 1703203),
(385, 'b4018f70-7871-11ec-91df-000c299455db', 'Асака ш', 1703224),
(386, 'b4018fbb-7871-11ec-91df-000c299455db', 'Илғор', 1703224),
(387, 'b4019008-7871-11ec-91df-000c299455db', 'Қадим', 1703224),
(388, 'b4019056-7871-11ec-91df-000c299455db', 'Кужган', 1703224),
(389, 'b40190a6-7871-11ec-91df-000c299455db', 'Бунёдкор', 1708215),
(390, 'b40190f2-7871-11ec-91df-000c299455db', 'Ниёзботир', 1703224),
(391, 'b401913f-7871-11ec-91df-000c299455db', 'Эски Хаққулабод', 1703206),
(392, 'b401918f-7871-11ec-91df-000c299455db', 'С.Отабоев', 1722210),
(393, 'b40191e0-7871-11ec-91df-000c299455db', 'Чинобод', 1703206),
(394, 'b401922b-7871-11ec-91df-000c299455db', 'Ўрмонбек', 1703206),
(395, 'b4019278-7871-11ec-91df-000c299455db', 'Балиқчи', 1703206),
(396, 'b40192c5-7871-11ec-91df-000c299455db', 'Булоқбоши', 1703210),
(397, 'b4019313-7871-11ec-91df-000c299455db', 'Найман', 1703210),
(398, 'b401935f-7871-11ec-91df-000c299455db', 'Ширмонбулоқ', 1703210),
(399, 'b40193ac-7871-11ec-91df-000c299455db', 'Ховос', 1703209),
(400, 'b40193fb-7871-11ec-91df-000c299455db', 'Холдовонбек', 1703209),
(401, 'b401944c-7871-11ec-91df-000c299455db', 'Батош', 1710207),
(402, 'b4019499-7871-11ec-91df-000c299455db', 'Комилон', 1710237),
(403, 'b40194e6-7871-11ec-91df-000c299455db', 'Лолазор', 1708225),
(404, 'b4019535-7871-11ec-91df-000c299455db', 'Абдуллабий', 1703211),
(405, 'b4019583-7871-11ec-91df-000c299455db', 'Ш.Рашидов', 1733233),
(406, 'b40195cf-7871-11ec-91df-000c299455db', 'Ёркишлок', 1703211),
(407, 'b401961e-7871-11ec-91df-000c299455db', 'Туман Маркази', 1733233),
(408, 'b401966c-7871-11ec-91df-000c299455db', 'Котортол', 1703211),
(409, 'b40196bb-7871-11ec-91df-000c299455db', 'Уйгур', 1733236),
(410, 'b4019708-7871-11ec-91df-000c299455db', 'Ойим', 1703211),
(411, 'b4019755-7871-11ec-91df-000c299455db', 'Каландардурман', 1733236),
(412, 'b40197a3-7871-11ec-91df-000c299455db', 'Тешик тош', 1703211),
(413, 'b40197f3-7871-11ec-91df-000c299455db', 'Бошкирших', 1733236),
(414, 'b4019840-7871-11ec-91df-000c299455db', 'Ағрон-Навбахор', 1718235),
(415, 'b401988e-7871-11ec-91df-000c299455db', 'Манас', 1708215),
(416, 'b40198dd-7871-11ec-91df-000c299455db', 'Ш-кунгирот', 1733236),
(417, 'b401992c-7871-11ec-91df-000c299455db', 'Тошматов', 1703211),
(418, 'b4019978-7871-11ec-91df-000c299455db', 'Бузкалъа', 1733236),
(419, 'b40199c5-7871-11ec-91df-000c299455db', 'Бештол', 1703211),
(420, 'b4019a13-7871-11ec-91df-000c299455db', 'Чуболончи', 1733236),
(421, 'b4019a62-7871-11ec-91df-000c299455db', 'Боголон', 1733236),
(422, 'b4019ab2-7871-11ec-91df-000c299455db', 'Марказий', 1703214),
(423, 'b4019b04-7871-11ec-91df-000c299455db', 'Оёкдурман', 1733236),
(424, 'b4019b57-7871-11ec-91df-000c299455db', 'Чувама', 1703214),
(425, 'b4019bab-7871-11ec-91df-000c299455db', 'Ш.Рашидов', 1722210),
(426, 'b4019bfa-7871-11ec-91df-000c299455db', 'Бустон', 1733236),
(427, 'b4019c4a-7871-11ec-91df-000c299455db', 'Майманок', 1710237),
(428, 'b4019d11-7871-11ec-91df-000c299455db', 'Тўрткўл', 1703214),
(429, 'b4019d68-7871-11ec-91df-000c299455db', 'Мойгир', 1703214),
(430, 'b4019db7-7871-11ec-91df-000c299455db', 'Амударё', 1733236),
(431, 'b4019e07-7871-11ec-91df-000c299455db', 'Туман маркази', 1733236),
(432, 'b4019e58-7871-11ec-91df-000c299455db', 'Оқ-олтин', 1703217),
(433, 'b4019ea7-7871-11ec-91df-000c299455db', 'Мингбулоқ', 1703217),
(434, 'b4019ef5-7871-11ec-91df-000c299455db', 'Қорақўрғон', 1703227),
(435, 'b4019f44-7871-11ec-91df-000c299455db', '1-сон вет участка ', 1733401),
(436, 'b4019f93-7871-11ec-91df-000c299455db', 'Жарқудуқ', 1718235),
(437, 'b4019fe1-7871-11ec-91df-000c299455db', 'Охунбобоев', 1703227),
(438, 'b401a030-7871-11ec-91df-000c299455db', '2-сон вет участка ', 1733401),
(439, 'b401a07f-7871-11ec-91df-000c299455db', 'Наврўз', 1708215),
(440, 'b401a0cf-7871-11ec-91df-000c299455db', 'Бобур', 1703227),
(441, 'b401a146-7871-11ec-91df-000c299455db', '3-сон вет участка ', 1733401),
(442, 'b401a195-7871-11ec-91df-000c299455db', '4-сон вет участка ', 1733401),
(443, 'b401a1e5-7871-11ec-91df-000c299455db', 'Машъал', 1703227),
(444, 'b401a235-7871-11ec-91df-000c299455db', 'Узбекистон', 1733221),
(445, 'b401a282-7871-11ec-91df-000c299455db', 'Олтинкўл', 1703202),
(446, 'b401a2d0-7871-11ec-91df-000c299455db', 'Обод', 1733221),
(447, 'b401a31f-7871-11ec-91df-000c299455db', 'Олға', 1718235),
(448, 'b401a36d-7871-11ec-91df-000c299455db', 'Юқори Шархон', 1703202),
(449, 'b401a3ba-7871-11ec-91df-000c299455db', 'Питнак', 1733221),
(450, 'b401a40a-7871-11ec-91df-000c299455db', 'Саримай', 1733221),
(451, 'b401a459-7871-11ec-91df-000c299455db', 'Юксалиш', 1710237),
(452, 'b401a4aa-7871-11ec-91df-000c299455db', 'Оқтепа', 1703202),
(453, 'b401a4f8-7871-11ec-91df-000c299455db', 'Тупраккала', 1733221),
(454, 'b401a546-7871-11ec-91df-000c299455db', 'Қўштепа', 1703202),
(455, 'b401a594-7871-11ec-91df-000c299455db', 'Сув юлдузи', 1703202),
(456, 'b401a5e5-7871-11ec-91df-000c299455db', 'Шахар марказий ', 1733406),
(457, 'b401a637-7871-11ec-91df-000c299455db', 'Уйғур', 1703232),
(458, 'b401a688-7871-11ec-91df-000c299455db', 'Коракум', 1710234),
(459, 'b401a6d6-7871-11ec-91df-000c299455db', 'Бобур', 1722210),
(460, 'b401a725-7871-11ec-91df-000c299455db', 'Лолазор ветеринария ', 1733406),
(461, 'b401a777-7871-11ec-91df-000c299455db', 'Янгиобод ', 1733406),
(462, 'b401a7c7-7871-11ec-91df-000c299455db', 'Пахтакор', 1703232),
(463, 'b401a813-7871-11ec-91df-000c299455db', 'Маданият', 1703232),
(464, 'b401b456-7871-11ec-91df-000c299455db', 'Боғзор', 1708215),
(465, 'b401b4e5-7871-11ec-91df-000c299455db', 'Иттифоқ', 1703232),
(466, 'b401b550-7871-11ec-91df-000c299455db', 'Хўжаобод', 1703236),
(467, 'b401b5b5-7871-11ec-91df-000c299455db', 'Олтин водий', 1703236),
(468, 'b401b69c-7871-11ec-91df-000c299455db', 'Бирлашган', 1703236),
(469, 'b401b703-7871-11ec-91df-000c299455db', 'Манак', 1703236),
(470, 'b401b763-7871-11ec-91df-000c299455db', 'Узбекистон', 1722210),
(471, 'b401b7c1-7871-11ec-91df-000c299455db', 'Шахрихон ш', 1703230),
(472, 'b401b820-7871-11ec-91df-000c299455db', 'Ҳайитбоев', 1703230),
(473, 'b401b880-7871-11ec-91df-000c299455db', 'Найнаво', 1703230),
(474, 'b401b8e1-7871-11ec-91df-000c299455db', 'Холдовонбек', 1703230),
(475, 'b401b941-7871-11ec-91df-000c299455db', 'Ўзбекистон', 1703230),
(476, 'b401b9a0-7871-11ec-91df-000c299455db', 'Муглон', 1710237),
(477, 'b401ba00-7871-11ec-91df-000c299455db', 'Абдурасулов', 1703230),
(478, 'b401ba60-7871-11ec-91df-000c299455db', 'Ўрта шархон', 1703230),
(479, 'b401babe-7871-11ec-91df-000c299455db', 'Дардоқ', 1703220),
(480, 'b401bb1c-7871-11ec-91df-000c299455db', 'Чимён', 1703220),
(481, 'b401bb69-7871-11ec-91df-000c299455db', 'Пулатчи', 1718235),
(482, 'b401bbb6-7871-11ec-91df-000c299455db', 'Дехқончек', 1703220),
(483, 'b401bc01-7871-11ec-91df-000c299455db', 'Қўрғонтепа', 1703220),
(484, 'b401bc4c-7871-11ec-91df-000c299455db', 'Султонобод', 1703220),
(485, 'b401bc99-7871-11ec-91df-000c299455db', 'Савай', 1703220),
(486, 'b401bce5-7871-11ec-91df-000c299455db', 'Қорасув', 1703220),
(487, 'b401bd2f-7871-11ec-91df-000c299455db', 'Қўрғонтепа ш', 1703220),
(488, 'b401bd7b-7871-11ec-91df-000c299455db', 'Пахтакор', 1710237),
(489, 'b401bdc7-7871-11ec-91df-000c299455db', 'Янги Арик', 1712234),
(490, 'b401be14-7871-11ec-91df-000c299455db', 'Уйрот', 1712234),
(491, 'b401be64-7871-11ec-91df-000c299455db', 'Дурман', 1712234),
(492, 'b401beb4-7871-11ec-91df-000c299455db', 'Мустакиллик', 1722210),
(493, 'b401bf02-7871-11ec-91df-000c299455db', 'Хазора', 1712234),
(494, 'b401bf50-7871-11ec-91df-000c299455db', 'Нарпай', 1712234),
(495, 'b401bf9f-7871-11ec-91df-000c299455db', 'Жалойир', 1712234),
(496, 'b401bfeb-7871-11ec-91df-000c299455db', 'Жалойир', 1712234),
(497, 'b401c038-7871-11ec-91df-000c299455db', 'А.Навоий', 1712234),
(498, 'b401c085-7871-11ec-91df-000c299455db', 'М Работ', 1712234),
(499, 'b401c0d4-7871-11ec-91df-000c299455db', 'Кармана Ш', 1712234),
(500, 'b401c120-7871-11ec-91df-000c299455db', 'Мевазор', 1708215),
(501, 'b401c16c-7871-11ec-91df-000c299455db', 'Шуртепо', 1712211),
(502, 'b401c1b9-7871-11ec-91df-000c299455db', 'Х.Олимжон', 1712211),
(503, 'b401c206-7871-11ec-91df-000c299455db', 'С.Рахимов', 1722210),
(504, 'b401c251-7871-11ec-91df-000c299455db', 'Шуркул', 1712211),
(505, 'b401c29f-7871-11ec-91df-000c299455db', 'Зафаробод', 1712211),
(506, 'b401c2ec-7871-11ec-91df-000c299455db', 'Ғардиён', 1712216),
(507, 'b401c33a-7871-11ec-91df-000c299455db', 'Бўстон', 1712216),
(508, 'b401c386-7871-11ec-91df-000c299455db', 'Оқ Олтин ', 1712216),
(509, 'b401c3d2-7871-11ec-91df-000c299455db', 'Оқ Мачит', 1712216),
(510, 'b401c41f-7871-11ec-91df-000c299455db', 'Ванғози', 1712216),
(511, 'b401c46e-7871-11ec-91df-000c299455db', 'Варозун', 1712216),
(512, 'b401c4b9-7871-11ec-91df-000c299455db', 'Миришкор', 1710233),
(513, 'b401c507-7871-11ec-91df-000c299455db', 'Зарметан', 1712216),
(514, 'b401c555-7871-11ec-91df-000c299455db', 'И.Тураев', 1722210),
(515, 'b401c5a2-7871-11ec-91df-000c299455db', 'Арабон', 1712216),
(516, 'b401c5ed-7871-11ec-91df-000c299455db', 'Маликобод', 1712216),
(517, 'b401c63a-7871-11ec-91df-000c299455db', 'Х.Ҳасан', 1712216),
(518, 'b401c687-7871-11ec-91df-000c299455db', 'Янги Ҳаёт ', 1712216),
(519, 'b401c6d6-7871-11ec-91df-000c299455db', 'Қизилтепа ш', 1712216),
(520, 'b401c723-7871-11ec-91df-000c299455db', 'Зарафшон ', 1712230),
(521, 'b401c771-7871-11ec-91df-000c299455db', 'Навоий ', 1712230),
(522, 'b401c7c0-7871-11ec-91df-000c299455db', 'Янги-Қурғон', 1712230),
(523, 'b401c810-7871-11ec-91df-000c299455db', 'Навбаҳор ', 1712230),
(524, 'b401c85c-7871-11ec-91df-000c299455db', 'Зарафшон', 1708201),
(525, 'b401c8e2-7871-11ec-91df-000c299455db', 'Карлик', 1710234),
(526, 'b401c934-7871-11ec-91df-000c299455db', 'Дўстлик ш', 1708215),
(527, 'b401c983-7871-11ec-91df-000c299455db', 'О/ Бобоев', 1712230),
(528, 'b401c9cf-7871-11ec-91df-000c299455db', 'С/ Жураев ', 1712230),
(529, 'b401ca1c-7871-11ec-91df-000c299455db', 'Уч-тут ', 1712230),
(530, 'b401ca69-7871-11ec-91df-000c299455db', 'Ижанд', 1712230),
(531, 'b401cab7-7871-11ec-91df-000c299455db', 'Наврўз', 1712230),
(532, 'b401cb03-7871-11ec-91df-000c299455db', 'Кескантерак', 1712230),
(533, 'b401cb50-7871-11ec-91df-000c299455db', 'Жамбул ', 1712230),
(534, 'b401cba0-7871-11ec-91df-000c299455db', 'Истиқлол ', 1712230),
(535, 'b401cbef-7871-11ec-91df-000c299455db', 'Бешработ ', 1712230),
(536, 'b401cc3a-7871-11ec-91df-000c299455db', 'Ш.Кобилов', 1722210),
(537, 'b401cc88-7871-11ec-91df-000c299455db', 'Чуя ', 1712238),
(538, 'b401ccd6-7871-11ec-91df-000c299455db', 'Жейнов', 1710233),
(539, 'b401cd25-7871-11ec-91df-000c299455db', 'Гум ', 1712238),
(540, 'b401cd74-7871-11ec-91df-000c299455db', 'Чашма ', 1712238),
(541, 'b401cdc3-7871-11ec-91df-000c299455db', 'Сентоб ', 1712238),
(542, 'b401ce13-7871-11ec-91df-000c299455db', 'Ғозғон ', 1712238),
(543, 'b401ce64-7871-11ec-91df-000c299455db', 'Нурота ш', 1712238),
(544, 'b401ceb1-7871-11ec-91df-000c299455db', 'Томдибулоқ', 1712244),
(545, 'b401ceff-7871-11ec-91df-000c299455db', 'Актов ', 1712244),
(546, 'b401cf4e-7871-11ec-91df-000c299455db', 'Сукетти', 1712244),
(547, 'b401cf9c-7871-11ec-91df-000c299455db', 'Хазарбог-1', 1722210),
(548, 'b401cfe9-7871-11ec-91df-000c299455db', 'Кериз', 1712244),
(549, 'b401d036-7871-11ec-91df-000c299455db', 'Керегетау', 1712244),
(550, 'b401d084-7871-11ec-91df-000c299455db', 'Марказий', 1708218),
(551, 'b401d0d4-7871-11ec-91df-000c299455db', 'Шиели', 1712244),
(552, 'b401d11f-7871-11ec-91df-000c299455db', 'Аяқ-қудуқ', 1712244),
(553, 'b401d1b3-7871-11ec-91df-000c299455db', 'Жузқудуқ', 1712412),
(554, 'b401d202-7871-11ec-91df-000c299455db', 'Узунқудуқ', 1712412),
(555, 'b401d251-7871-11ec-91df-000c299455db', 'Алтинтау-Мингбулоқ', 1712412),
(556, 'b401d29e-7871-11ec-91df-000c299455db', 'Шаҳар', 1712412),
(557, 'b401d2eb-7871-11ec-91df-000c299455db', 'А.Ёрлакобов', 1712251),
(558, 'b401d339-7871-11ec-91df-000c299455db', 'Хазарбог -2', 1722210),
(559, 'b401d387-7871-11ec-91df-000c299455db', 'Ўзбекистон', 1712251),
(560, 'b401d3d4-7871-11ec-91df-000c299455db', 'А.Навоий', 1712251),
(561, 'b401d421-7871-11ec-91df-000c299455db', 'А.Темур', 1712251),
(562, 'b401d471-7871-11ec-91df-000c299455db', 'Помуқ', 1710233),
(563, 'b401d4c0-7871-11ec-91df-000c299455db', 'Ш.Рашидов', 1712251),
(564, 'b401d50d-7871-11ec-91df-000c299455db', 'А.Халимов', 1712251),
(565, 'b401d55b-7871-11ec-91df-000c299455db', 'М.Улугбек', 1712251),
(566, 'b401d5a9-7871-11ec-91df-000c299455db', 'Ок -олтин', 1712251),
(567, 'b401d5f9-7871-11ec-91df-000c299455db', 'Э.Абдиев', 1712251),
(568, 'b401d64b-7871-11ec-91df-000c299455db', 'К.Рахматов', 1712251),
(569, 'b401d69c-7871-11ec-91df-000c299455db', 'Бобомирод', 1718206),
(570, 'b401d6ec-7871-11ec-91df-000c299455db', 'А.Темур', 1722210),
(571, 'b401d73b-7871-11ec-91df-000c299455db', 'Маданият', 1712251),
(572, 'b401d789-7871-11ec-91df-000c299455db', 'Зарафшон', 1712251),
(573, 'b401d7d6-7871-11ec-91df-000c299455db', 'Олтинсой', 1712251),
(574, 'b401d824-7871-11ec-91df-000c299455db', 'А.Икромов', 1712251),
(575, 'b401d874-7871-11ec-91df-000c299455db', 'Дустлик', 1710233),
(576, 'b401d8c7-7871-11ec-91df-000c299455db', 'Учкара', 1712251),
(577, 'b401d91a-7871-11ec-91df-000c299455db', 'Янгиробот', 1712251),
(578, 'b401d979-7871-11ec-91df-000c299455db', 'А.Пулатов', 1712251),
(579, 'b401d9de-7871-11ec-91df-000c299455db', 'И.Сино', 1712251),
(580, 'b401da42-7871-11ec-91df-000c299455db', 'Тинчлик', 1712401),
(581, 'b401daa0-7871-11ec-91df-000c299455db', 'А.Каримов', 1722210),
(582, 'b401db01-7871-11ec-91df-000c299455db', 'Хончарбоғ', 1712401),
(583, 'b401db63-7871-11ec-91df-000c299455db', 'Чаманзор', 1710233),
(584, 'b401dbc6-7871-11ec-91df-000c299455db', 'Бешкапа', 1714212),
(585, 'b401dc27-7871-11ec-91df-000c299455db', 'Хаққулобод', 1714216),
(586, 'b401dc89-7871-11ec-91df-000c299455db', 'Бирлик', 1708218),
(587, 'b401dcec-7871-11ec-91df-000c299455db', 'Хўжаобод', 1714216),
(588, 'b401dd51-7871-11ec-91df-000c299455db', 'Яккатут', 1714219),
(589, 'b401ddb6-7871-11ec-91df-000c299455db', 'Янгиобод', 1714219),
(590, 'b401de1d-7871-11ec-91df-000c299455db', 'Бекобод', 1714224),
(591, 'b401de88-7871-11ec-91df-000c299455db', 'Чандир', 1710233),
(592, 'b401def1-7871-11ec-91df-000c299455db', 'А.Хидоятов', 1722210),
(593, 'b401df52-7871-11ec-91df-000c299455db', 'Ахси ', 1714224),
(594, 'b401dfb4-7871-11ec-91df-000c299455db', 'Бураматут ', 1714224),
(595, 'b401e018-7871-11ec-91df-000c299455db', 'Шаханд ', 1714224),
(596, 'b401e07c-7871-11ec-91df-000c299455db', 'Уйчи', 1714229),
(597, 'b401e0dc-7871-11ec-91df-000c299455db', 'Шодлик', 1710233),
(598, 'b401e13c-7871-11ec-91df-000c299455db', 'Яшик', 1714234),
(599, 'b401e1a0-7871-11ec-91df-000c299455db', 'Кугай', 1714234),
(600, 'b401e204-7871-11ec-91df-000c299455db', 'Чорток шахар', 1714236),
(601, 'b401e264-7871-11ec-91df-000c299455db', 'Караскон', 1714236),
(602, 'b401e2b5-7871-11ec-91df-000c299455db', 'Мучум', 1714236),
(603, 'b401e305-7871-11ec-91df-000c299455db', 'Шахар -1', 1722210),
(604, 'b401e353-7871-11ec-91df-000c299455db', 'Пшогор', 1708218),
(605, 'b401e3a0-7871-11ec-91df-000c299455db', 'Шуркент', 1714237),
(606, 'b401e3f2-7871-11ec-91df-000c299455db', 'Карнон ', 1714237),
(607, 'b401e443-7871-11ec-91df-000c299455db', 'Шахар – 2', 1722210),
(608, 'b401e493-7871-11ec-91df-000c299455db', 'Минор', 1722212),
(609, 'b401e4e3-7871-11ec-91df-000c299455db', 'Зарафшон', 1718203),
(610, 'b401f5d5-7871-11ec-91df-000c299455db', 'Бексаидов', 1710234),
(611, 'b401f64b-7871-11ec-91df-000c299455db', 'Гулистон', 1718203),
(612, 'b401f6a0-7871-11ec-91df-000c299455db', 'Узбекистон', 1718203),
(613, 'b401f6f4-7871-11ec-91df-000c299455db', 'Булунгур саховат', 1718206),
(614, 'b401f749-7871-11ec-91df-000c299455db', 'А.Темур', 1718203),
(615, 'b401f79a-7871-11ec-91df-000c299455db', 'Янгикургон ', 1718203),
(616, 'b401f7e9-7871-11ec-91df-000c299455db', 'Сугончи', 1718203),
(617, 'b401f83b-7871-11ec-91df-000c299455db', 'Лойқанд', 1722212),
(618, 'b401f889-7871-11ec-91df-000c299455db', 'Исмоилтепа', 1722212),
(619, 'b401f8d9-7871-11ec-91df-000c299455db', 'Оққўрғон', 1722212),
(620, 'b401f928-7871-11ec-91df-000c299455db', 'Амузанг жилолари', 1722212),
(621, 'b401f97a-7871-11ec-91df-000c299455db', 'Улугбек', 1718203),
(622, 'b401f9c7-7871-11ec-91df-000c299455db', 'Ал хоразмий', 1710234),
(623, 'b401fa14-7871-11ec-91df-000c299455db', 'Самарканд', 1718203),
(624, 'b401fa62-7871-11ec-91df-000c299455db', 'З.Машал', 1718206),
(625, 'b401fab3-7871-11ec-91df-000c299455db', 'Р.Хамраев', 1718203),
(626, 'b401faff-7871-11ec-91df-000c299455db', 'Кумушкент', 1718203),
(627, 'b401fb4d-7871-11ec-91df-000c299455db', 'А Кодирий', 1718203),
(628, 'b401fb9d-7871-11ec-91df-000c299455db', 'Бобур', 1718203),
(629, 'b401fbed-7871-11ec-91df-000c299455db', 'Окдарё', 1718203),
(630, 'b401fc3a-7871-11ec-91df-000c299455db', 'Кахрамон', 1718203),
(631, 'b401fc88-7871-11ec-91df-000c299455db', 'Чорбог 2', 1718203),
(632, 'b401fcd7-7871-11ec-91df-000c299455db', 'Дахбед', 1718203),
(633, 'b401fd27-7871-11ec-91df-000c299455db', 'Учтепа', 1718227),
(634, 'b401fd75-7871-11ec-91df-000c299455db', 'Тошкент', 1708223),
(635, 'b401fdc2-7871-11ec-91df-000c299455db', 'Оча Майил', 1718206),
(636, 'b401fe12-7871-11ec-91df-000c299455db', 'Чимбой ', 1718227),
(637, 'b401fe62-7871-11ec-91df-000c299455db', 'Янгиравот ', 1718227),
(638, 'b401feae-7871-11ec-91df-000c299455db', 'Ошиқота ', 1718227),
(639, 'b401fefb-7871-11ec-91df-000c299455db', 'Зармон', 1718227),
(640, 'b401ff49-7871-11ec-91df-000c299455db', 'Исмоил Искандар Файз', 1718227),
(641, 'b401ff97-7871-11ec-91df-000c299455db', 'Фозил Шерали Чорвадор', 1718227),
(642, 'b401ffe4-7871-11ec-91df-000c299455db', 'Холой Ойрузи Мехр нури', 1718227),
(643, 'b4020032-7871-11ec-91df-000c299455db', 'Зарафшон замбарбел чашмаси', 1718227),
(644, 'b4020083-7871-11ec-91df-000c299455db', 'Гузалкент', 1718227),
(645, 'b40200d4-7871-11ec-91df-000c299455db', 'Синчи Бешбола', 1718227),
(646, 'b4020120-7871-11ec-91df-000c299455db', 'Абдухалил', 1718206),
(647, 'b402016e-7871-11ec-91df-000c299455db', 'Сардоба', 1710234),
(648, 'b40201bc-7871-11ec-91df-000c299455db', 'Пастдарғом', 1718227),
(649, 'b402020a-7871-11ec-91df-000c299455db', 'М.Дангалов ', 1718227),
(650, 'b4020255-7871-11ec-91df-000c299455db', 'Шодиёр Нигора Жасурбек ', 1718227),
(651, 'b40202a2-7871-11ec-91df-000c299455db', 'Болатош ', 1718227),
(652, 'b40202ef-7871-11ec-91df-000c299455db', 'Чархин 2', 1718227),
(653, 'b402033d-7871-11ec-91df-000c299455db', 'Гулистон Даволаш сервис . ', 1718227),
(654, 'b4020388-7871-11ec-91df-000c299455db', 'Норбой Сайдулла Шахноз ', 1718227),
(655, 'b40203d5-7871-11ec-91df-000c299455db', 'Бобур', 1718227),
(656, 'b4020423-7871-11ec-91df-000c299455db', 'Мадина Марина дурдонаси ', 1718227),
(657, 'b4020471-7871-11ec-91df-000c299455db', 'Истиқбол', 1706207),
(658, 'b40204bc-7871-11ec-91df-000c299455db', '\"Самарканд\" вет пункт', 1718209),
(659, 'b4020508-7871-11ec-91df-000c299455db', 'Мохларойим Умар Саховати  ', 1718227),
(660, 'b4020555-7871-11ec-91df-000c299455db', 'Пахтазор', 1708223),
(661, 'b40205a4-7871-11ec-91df-000c299455db', 'Абдурашид Олмос Файз  ', 1718227),
(662, 'b40205f0-7871-11ec-91df-000c299455db', 'Қоқсой ', 1718227),
(663, 'b402063c-7871-11ec-91df-000c299455db', 'Оқманғит', 1718227),
(664, 'b40206c0-7871-11ec-91df-000c299455db', 'Парчачандир Новчандир', 1718227),
(665, 'b4020711-7871-11ec-91df-000c299455db', 'Рустам Лайло Рашид', 1718227),
(666, 'b402075b-7871-11ec-91df-000c299455db', 'Мусурмон Рашид Илёс', 1718227),
(667, 'b40207a8-7871-11ec-91df-000c299455db', 'Шербек Бурхон Жасур', 1718227),
(668, 'b40207f5-7871-11ec-91df-000c299455db', 'Чандиробод', 1718227),
(669, 'b4020844-7871-11ec-91df-000c299455db', '\"Хакикат\" вет пункт', 1718209),
(670, 'b402088f-7871-11ec-91df-000c299455db', 'Бешнайман Равот', 1718227),
(671, 'b40208dc-7871-11ec-91df-000c299455db', 'Эсабой Пахтачи', 1718227),
(672, 'b402092a-7871-11ec-91df-000c299455db', 'Янги Турмуш', 1706207),
(673, 'b4020979-7871-11ec-91df-000c299455db', 'Мирзадала', 1708223),
(674, 'b40209c3-7871-11ec-91df-000c299455db', 'Зангибойи', 1718227),
(675, 'b4020a0f-7871-11ec-91df-000c299455db', 'Темур Наргиз Режамурод  ', 1718227),
(676, 'b4020a5d-7871-11ec-91df-000c299455db', 'Сурхон ', 1722212),
(677, 'b4020aab-7871-11ec-91df-000c299455db', 'Дустобод', 1718230),
(678, 'b4020afb-7871-11ec-91df-000c299455db', 'Ҳамкон пахтаобод', 1722212),
(679, 'b4020b49-7871-11ec-91df-000c299455db', 'Султонобод', 1718230),
(680, 'b4020b9d-7871-11ec-91df-000c299455db', '\"Полвонарик\" вет пункт', 1718209),
(681, 'b4020bee-7871-11ec-91df-000c299455db', 'Қайнарбулоқ', 1722212),
(682, 'b4020c3d-7871-11ec-91df-000c299455db', 'Отақум миришкори', 1722212),
(683, 'b4020c8d-7871-11ec-91df-000c299455db', 'Пастбуркут', 1718230),
(684, 'b4020cd9-7871-11ec-91df-000c299455db', 'Боботоғ иноми', 1722212),
(685, 'b4020d28-7871-11ec-91df-000c299455db', 'Буюк ипак йўли', 1708228),
(686, 'b4020d78-7871-11ec-91df-000c299455db', 'Хайрабод', 1718230),
(687, 'b4020dc6-7871-11ec-91df-000c299455db', 'Сариқ шахарча', 1722215),
(688, 'b4020e14-7871-11ec-91df-000c299455db', 'Хамкорлик', 1718230),
(689, 'b4020e62-7871-11ec-91df-000c299455db', 'Балоигумбаз', 1718230),
(690, 'b4020eb1-7871-11ec-91df-000c299455db', 'Поёнигумбаз', 1718230),
(691, 'b4020eff-7871-11ec-91df-000c299455db', '\"Кангли\" вет пукнт', 1718209),
(692, 'b4020f4c-7871-11ec-91df-000c299455db', 'Сулувкургон', 1718230),
(693, 'b4020f9a-7871-11ec-91df-000c299455db', 'Сотиболди', 1718230),
(694, 'b4020fe8-7871-11ec-91df-000c299455db', 'Зиадин', 1718230),
(695, 'b4021039-7871-11ec-91df-000c299455db', 'Раимкул', 1718230),
(696, 'b4021085-7871-11ec-91df-000c299455db', 'Гулистон', 1718230),
(697, 'b40210d3-7871-11ec-91df-000c299455db', 'Мингчинор', 1708228),
(698, 'b4021121-7871-11ec-91df-000c299455db', 'Гиламбоб', 1722215),
(699, 'b4021170-7871-11ec-91df-000c299455db', 'Хумор', 1718230),
(700, 'b40211bc-7871-11ec-91df-000c299455db', 'Охунбобоев', 1722215),
(701, 'b402120b-7871-11ec-91df-000c299455db', 'Зарафшон', 1718230),
(702, 'b4021259-7871-11ec-91df-000c299455db', '\"Газира\" вет пунк', 1718209),
(703, 'b40212a8-7871-11ec-91df-000c299455db', 'Истара', 1722215),
(704, 'b40212f6-7871-11ec-91df-000c299455db', 'Чоргуша', 1718230),
(705, 'b4021343-7871-11ec-91df-000c299455db', 'Жувозхона', 1718224),
(706, 'b4021390-7871-11ec-91df-000c299455db', 'Ингичка', 1718224),
(707, 'b40213df-7871-11ec-91df-000c299455db', 'Гулистон  ', 1718224),
(708, 'b402142b-7871-11ec-91df-000c299455db', 'Тохиршайхота  ', 1718224),
(709, 'b4021478-7871-11ec-91df-000c299455db', 'Боғишамол', 1708228),
(710, 'b40214c6-7871-11ec-91df-000c299455db', 'Бахрин   ', 1718224),
(711, 'b4021515-7871-11ec-91df-000c299455db', 'Бирлашув    ', 1718224),
(712, 'b4021565-7871-11ec-91df-000c299455db', 'Бош чурош    ', 1718224),
(713, 'b40215b4-7871-11ec-91df-000c299455db', 'Иттифок', 1708218),
(714, 'b4021603-7871-11ec-91df-000c299455db', 'Гўзал  ', 1718224),
(715, 'b4021650-7871-11ec-91df-000c299455db', 'Навоий  ', 1718224),
(716, 'b402169e-7871-11ec-91df-000c299455db', 'Мухаммади  ', 1718224),
(717, 'b40216ee-7871-11ec-91df-000c299455db', 'Бахор   ', 1718224),
(718, 'b402173b-7871-11ec-91df-000c299455db', 'Маданият  ', 1718224),
(719, 'b4021788-7871-11ec-91df-000c299455db', 'Олмазор  ', 1718224),
(720, 'b40217d7-7871-11ec-91df-000c299455db', 'Чопорошли   ', 1718224),
(721, 'b4021827-7871-11ec-91df-000c299455db', 'Оқ-булоқ', 1708228),
(722, 'b4021873-7871-11ec-91df-000c299455db', 'Дарвишиқ  ', 1718224),
(723, 'b40218c0-7871-11ec-91df-000c299455db', 'Кўпаки  ', 1718224),
(724, 'b402190e-7871-11ec-91df-000c299455db', '\"Кунгирот\" вет пункт', 1718209),
(725, 'b402195f-7871-11ec-91df-000c299455db', 'Култосин  ', 1718224),
(726, 'b40219ab-7871-11ec-91df-000c299455db', 'Ғаллакор  ', 1718224),
(727, 'b40219f8-7871-11ec-91df-000c299455db', 'Ал Бухорий  ', 1718224),
(728, 'b4021a47-7871-11ec-91df-000c299455db', 'Маниобод  ', 1718224),
(729, 'b4021a97-7871-11ec-91df-000c299455db', 'Зарафшон  ', 1718224),
(730, 'b4021ae3-7871-11ec-91df-000c299455db', 'Бурқут  ', 1718224),
(731, 'b4021b30-7871-11ec-91df-000c299455db', 'Томойрот    ', 1718224),
(732, 'b4021b7f-7871-11ec-91df-000c299455db', 'Наврўз  ', 1718224),
(733, 'b4021bce-7871-11ec-91df-000c299455db', 'Чаманзор', 1708228),
(734, 'b4021c1a-7871-11ec-91df-000c299455db', 'Туполос    ', 1718224),
(735, 'b4021c67-7871-11ec-91df-000c299455db', '\"Ногохон\" вет пукт', 1718209),
(736, 'b4021cb4-7871-11ec-91df-000c299455db', 'Оққўрғон  ', 1718224),
(737, 'b4021d03-7871-11ec-91df-000c299455db', 'А.Яссавий  ', 1718224),
(738, 'b4021d4f-7871-11ec-91df-000c299455db', 'Алиобод   ', 1718224),
(739, 'b4021d9d-7871-11ec-91df-000c299455db', 'Катта сайдов    ', 1718224),
(740, 'b4022945-7871-11ec-91df-000c299455db', 'М.Улуғбек', 1718224),
(741, 'b40229b8-7871-11ec-91df-000c299455db', 'Оқбўтаев  ', 1718224),
(742, 'b4022a0a-7871-11ec-91df-000c299455db', 'Раим   ', 1718224),
(743, 'b4022a5d-7871-11ec-91df-000c299455db', 'Фитрат  ', 1718224),
(744, 'b4022ab3-7871-11ec-91df-000c299455db', 'Пулимугоб', 1718233),
(745, 'b4022b06-7871-11ec-91df-000c299455db', 'Олмазор', 1708228),
(746, 'b4022b56-7871-11ec-91df-000c299455db', '\"Холвои\" вет пункт', 1718209),
(747, 'b4022baa-7871-11ec-91df-000c299455db', 'Олимагро ', 1718233),
(748, 'b4022bfa-7871-11ec-91df-000c299455db', 'Галаба', 1718233),
(749, 'b4022c4c-7871-11ec-91df-000c299455db', 'Хушвактий ', 1718233),
(750, 'b4022c99-7871-11ec-91df-000c299455db', 'Гулобод ', 1718233);
INSERT INTO `vet_sites` (`id`, `code`, `name`, `soato`) VALUES
(751, 'b4022ce8-7871-11ec-91df-000c299455db', 'Окмачит ', 1718233),
(752, 'b4022d37-7871-11ec-91df-000c299455db', 'Миришкор ', 1718233),
(753, 'b4022d87-7871-11ec-91df-000c299455db', 'Жондор ', 1718233),
(754, 'b4022dd9-7871-11ec-91df-000c299455db', 'Миронкул', 1718233),
(755, 'b4022e2c-7871-11ec-91df-000c299455db', 'Охалик', 1718233),
(756, 'b4022e80-7871-11ec-91df-000c299455db', 'Улугбек ', 1718233),
(757, 'b4022ed3-7871-11ec-91df-000c299455db', '\"Ок Олтин\" вет пунк', 1718209),
(758, 'b4022f22-7871-11ec-91df-000c299455db', 'Пахтакор шахар', 1708228),
(759, 'b4022f71-7871-11ec-91df-000c299455db', 'Кайнама ', 1718233),
(760, 'b4022fc0-7871-11ec-91df-000c299455db', 'Боғизоғон', 1718238),
(761, 'b4023010-7871-11ec-91df-000c299455db', 'Галаботир', 1718238),
(762, 'b402305d-7871-11ec-91df-000c299455db', 'Олмазор', 1718238),
(763, 'b40230ae-7871-11ec-91df-000c299455db', 'Равот Нўмнхон', 1718238),
(764, 'b40230fd-7871-11ec-91df-000c299455db', 'Маданият', 1718238),
(765, 'b402314c-7871-11ec-91df-000c299455db', 'Бахштепа', 1718238),
(766, 'b402319d-7871-11ec-91df-000c299455db', 'Кунчиқиш', 1722215),
(767, 'b40231f0-7871-11ec-91df-000c299455db', 'Қорасув', 1722215),
(768, 'b4023242-7871-11ec-91df-000c299455db', 'Авазчўл', 1710233),
(769, 'b4023293-7871-11ec-91df-000c299455db', '\"Дустлик\" вет пунк', 1718209),
(770, 'b40232e2-7871-11ec-91df-000c299455db', 'Махмут чова', 1718238),
(771, 'b4023331-7871-11ec-91df-000c299455db', 'Пахтакор қфй', 1708228),
(772, 'b4023381-7871-11ec-91df-000c299455db', 'Янгиобод', 1718238),
(773, 'b40233d1-7871-11ec-91df-000c299455db', 'Янгиер', 1722214),
(774, 'b402341d-7871-11ec-91df-000c299455db', 'Жумабозор', 1718238),
(775, 'b402346c-7871-11ec-91df-000c299455db', 'Жалоир', 1722214),
(776, 'b40234f7-7871-11ec-91df-000c299455db', 'Зайниддин', 1718238),
(777, 'b4023548-7871-11ec-91df-000c299455db', 'Ю Какайди', 1722214),
(778, 'b4023596-7871-11ec-91df-000c299455db', 'Кумкургон ', 1722214),
(779, 'b40235e5-7871-11ec-91df-000c299455db', 'Давлатобод', 1718238),
(780, 'b4023635-7871-11ec-91df-000c299455db', '\"Х. Низаматов\"', 1718209),
(781, 'b4023684-7871-11ec-91df-000c299455db', 'Сочак', 1718238),
(782, 'b40236d2-7871-11ec-91df-000c299455db', 'Куганли ', 1722214),
(783, 'b4023722-7871-11ec-91df-000c299455db', 'Осмонсой', 1708235),
(784, 'b4023771-7871-11ec-91df-000c299455db', 'Алгар', 1718236),
(785, 'b40237c1-7871-11ec-91df-000c299455db', 'Сайхон ', 1722214),
(786, 'b4023810-7871-11ec-91df-000c299455db', 'Тегана', 1718236),
(787, 'b402385d-7871-11ec-91df-000c299455db', 'Мангитобод', 1718236),
(788, 'b40238ad-7871-11ec-91df-000c299455db', 'Коракулча', 1722214),
(789, 'b4023959-7871-11ec-91df-000c299455db', 'Қайроқли', 1718236),
(790, 'b40239a7-7871-11ec-91df-000c299455db', 'Беш кахрамон', 1722214),
(791, 'b40239f7-7871-11ec-91df-000c299455db', '\"Кулбости\" вет пункт', 1718209),
(792, 'b4023a47-7871-11ec-91df-000c299455db', 'Мирзақишлоқ', 1718236),
(793, 'b4023a97-7871-11ec-91df-000c299455db', 'Ғалаба', 1722214),
(794, 'b4023ae5-7871-11ec-91df-000c299455db', 'Шахар', 1722214),
(795, 'b4023b35-7871-11ec-91df-000c299455db', 'Дустлик', 1708201),
(796, 'b4023b84-7871-11ec-91df-000c299455db', 'Обидида', 1710229),
(797, 'b4023bd4-7871-11ec-91df-000c299455db', 'Ипакли', 1718236),
(798, 'b4023c22-7871-11ec-91df-000c299455db', 'Қарсоқли', 1722214),
(799, 'b4023c71-7871-11ec-91df-000c299455db', 'Бахрин', 1718236),
(800, 'b4023cc0-7871-11ec-91df-000c299455db', 'Ғишмачит', 1718236),
(801, 'b4023d11-7871-11ec-91df-000c299455db', 'Янгиавлод', 1722207),
(802, 'b4023d5f-7871-11ec-91df-000c299455db', 'Иштихон', 1718212),
(803, 'b4023dae-7871-11ec-91df-000c299455db', 'Мерганча', 1718236),
(804, 'b4023dfd-7871-11ec-91df-000c299455db', 'Т Бердиев ', 1722207),
(805, 'b4023e4d-7871-11ec-91df-000c299455db', 'Дўстлик', 1718236),
(806, 'b4023e9a-7871-11ec-91df-000c299455db', 'Жозмон', 1718236),
(807, 'b4023ee9-7871-11ec-91df-000c299455db', 'Ёнабахрин', 1718236),
(808, 'b4023f38-7871-11ec-91df-000c299455db', 'Қораобдол', 1708235),
(809, 'b4023f88-7871-11ec-91df-000c299455db', 'Вағашти', 1718236),
(810, 'b4023fd6-7871-11ec-91df-000c299455db', 'Савғон', 1718236),
(811, 'b4024025-7871-11ec-91df-000c299455db', 'Сариқтепа', 1718236),
(812, 'b4024074-7871-11ec-91df-000c299455db', 'Навбахор ', 1722207),
(813, 'b40240c4-7871-11ec-91df-000c299455db', 'Ўзбекистон', 1718212),
(814, 'b4024110-7871-11ec-91df-000c299455db', 'Нисбот', 1718236),
(815, 'b4024160-7871-11ec-91df-000c299455db', 'Қўнғирот ', 1722207),
(816, 'b40241af-7871-11ec-91df-000c299455db', 'Қулқишлоқ', 1718236),
(817, 'b40241ff-7871-11ec-91df-000c299455db', 'А Набиев ', 1722207),
(818, 'b4024252-7871-11ec-91df-000c299455db', 'А Икромов', 1722207),
(819, 'b40242a2-7871-11ec-91df-000c299455db', 'Тароқли', 1718236),
(820, 'b40242f2-7871-11ec-91df-000c299455db', 'Янгиқишлок', 1708235),
(821, 'b4024341-7871-11ec-91df-000c299455db', 'Оқарбулоқ', 1722201),
(822, 'b402438e-7871-11ec-91df-000c299455db', 'Зинак', 1718236),
(823, 'b40243dd-7871-11ec-91df-000c299455db', 'Байбул', 1718236),
(824, 'b402442b-7871-11ec-91df-000c299455db', 'Кайчили', 1718212),
(825, 'b4024479-7871-11ec-91df-000c299455db', 'Оқолтин', 1722201),
(826, 'b40244c6-7871-11ec-91df-000c299455db', 'Алпомиш', 1722201),
(827, 'b4024515-7871-11ec-91df-000c299455db', 'Узунқишлоқ', 1718236),
(828, 'b4024564-7871-11ec-91df-000c299455db', 'Хайрон дара', 1722201),
(829, 'b40245b3-7871-11ec-91df-000c299455db', 'Зардакўл', 1722201),
(830, 'b4024601-7871-11ec-91df-000c299455db', 'Мирзабоғлон', 1718236),
(831, 'b4024651-7871-11ec-91df-000c299455db', 'Сайрак', 1722201),
(832, 'b40246a0-7871-11ec-91df-000c299455db', 'Дарбоза', 1708235),
(833, 'b40246f0-7871-11ec-91df-000c299455db', 'Қуйиқишлоқ', 1718236),
(834, 'b402473d-7871-11ec-91df-000c299455db', 'Хуфар', 1722217),
(835, 'b402478c-7871-11ec-91df-000c299455db', 'Улуғбек', 1708218),
(836, 'b40247dc-7871-11ec-91df-000c299455db', 'Ўзбекистон', 1722217),
(837, 'b402482c-7871-11ec-91df-000c299455db', 'Мўминобод-1', 1718236),
(838, 'b4024879-7871-11ec-91df-000c299455db', 'Тоқчиён', 1722217),
(839, 'b40248c7-7871-11ec-91df-000c299455db', 'Мўминобод-2', 1718236),
(840, 'b4024915-7871-11ec-91df-000c299455db', 'Сариосиё', 1722217),
(841, 'b4024962-7871-11ec-91df-000c299455db', 'Мўминобод-2', 1718236),
(842, 'b40249b0-7871-11ec-91df-000c299455db', 'Наврўз', 1722217),
(843, 'b4024a00-7871-11ec-91df-000c299455db', 'Бўстон', 1722217),
(844, 'b4024a4f-7871-11ec-91df-000c299455db', 'Кизил-кум', 1708235),
(845, 'b4024a9e-7871-11ec-91df-000c299455db', 'Сўфиён', 1722217),
(846, 'b4024aec-7871-11ec-91df-000c299455db', 'Сафохужа', 1718212),
(847, 'b4024b3a-7871-11ec-91df-000c299455db', 'Ургут шаҳар', 1718236),
(848, 'b4024b8b-7871-11ec-91df-000c299455db', 'Дашнобод', 1722217),
(849, 'b4024bdb-7871-11ec-91df-000c299455db', 'Дўстлик', 1722217),
(850, 'b4024c27-7871-11ec-91df-000c299455db', 'Ялпоқтепа', 1718236),
(851, 'b4024c75-7871-11ec-91df-000c299455db', 'Сангардак', 1722217),
(852, 'b4024cc3-7871-11ec-91df-000c299455db', 'Хонжиза', 1722217),
(853, 'b4024d12-7871-11ec-91df-000c299455db', 'Сўфиён', 1718236),
(854, 'b4024d62-7871-11ec-91df-000c299455db', 'Паттакесар', 1722220),
(855, 'b4024db4-7871-11ec-91df-000c299455db', 'Хўжабаланд', 1718236),
(856, 'b4024e06-7871-11ec-91df-000c299455db', 'Гараша', 1708235),
(857, 'b4024e58-7871-11ec-91df-000c299455db', 'Чайжовул', 1718212),
(858, 'b4024ea7-7871-11ec-91df-000c299455db', 'Халқобод', 1722220),
(859, 'b4024ef6-7871-11ec-91df-000c299455db', 'Янгиариқ', 1722220),
(860, 'b4024f46-7871-11ec-91df-000c299455db', 'Дўстлик-2', 1718236),
(861, 'b4024f96-7871-11ec-91df-000c299455db', 'Пахтаобод', 1722220),
(862, 'b4024fe6-7871-11ec-91df-000c299455db', 'Учқизил', 1722220),
(863, 'b4025036-7871-11ec-91df-000c299455db', 'Оқтепа Гуллоласи', 1718216),
(864, 'b4025084-7871-11ec-91df-000c299455db', 'Дўлмонов', 1722220),
(865, 'b40250d5-7871-11ec-91df-000c299455db', 'Гулистон', 1722221),
(866, 'b4025121-7871-11ec-91df-000c299455db', 'Оғатепа Мўжизаси', 1718216),
(867, 'b4025171-7871-11ec-91df-000c299455db', 'Б.Омонов', 1722221),
(868, 'b40251bf-7871-11ec-91df-000c299455db', 'Катогон', 1718212),
(869, 'b402520e-7871-11ec-91df-000c299455db', 'Эгизбулоқ', 1708235),
(870, 'b402525a-7871-11ec-91df-000c299455db', 'Б.Очилдиев', 1722221),
(871, 'b40252a8-7871-11ec-91df-000c299455db', 'Ғолиб Нахалбоев', 1718216),
(872, 'b40252f8-7871-11ec-91df-000c299455db', 'Ж.Пирназаров', 1722221),
(873, 'b4025347-7871-11ec-91df-000c299455db', 'Бахриддин вет сервис', 1718216),
(874, 'b4025394-7871-11ec-91df-000c299455db', 'Ж.Эшмирзаев', 1722221),
(875, 'b40253e2-7871-11ec-91df-000c299455db', ' А.Темур', 1722221),
(876, 'b4025431-7871-11ec-91df-000c299455db', 'Бахриддин вет сервис', 1718216),
(877, 'b4025480-7871-11ec-91df-000c299455db', 'Серхаракат', 1722221),
(878, 'b40254cd-7871-11ec-91df-000c299455db', 'Қ.Алиев', 1722221),
(879, 'b402551d-7871-11ec-91df-000c299455db', 'Бирлашган', 1714242),
(880, 'b4026115-7871-11ec-91df-000c299455db', 'Киркйигит', 1718212),
(881, 'b402618c-7871-11ec-91df-000c299455db', 'Бойпўришли', 1718216),
(882, 'b40261e1-7871-11ec-91df-000c299455db', 'Пўлати', 1710229),
(883, 'b4026236-7871-11ec-91df-000c299455db', 'Хурсанд', 1722221),
(884, 'b402628b-7871-11ec-91df-000c299455db', 'Боботоғ', 1722221),
(885, 'b40262dc-7871-11ec-91df-000c299455db', 'Зайнуллаев Сайфулла', 1718216),
(886, 'b402632c-7871-11ec-91df-000c299455db', 'Ок-кургон', 1722223),
(887, 'b40263c1-7871-11ec-91df-000c299455db', 'Сарикамиш', 1722223),
(888, 'b4026414-7871-11ec-91df-000c299455db', 'Кухитанг', 1722223),
(889, 'b4026463-7871-11ec-91df-000c299455db', 'Янги турмуш', 1722223),
(890, 'b40264b6-7871-11ec-91df-000c299455db', 'Булоқбоши каюмарс', 1718216),
(891, 'b402650b-7871-11ec-91df-000c299455db', 'Човли', 1718212),
(892, 'b402655a-7871-11ec-91df-000c299455db', 'Чинобод', 1722223),
(893, 'b40265ac-7871-11ec-91df-000c299455db', 'Рабатак', 1722223),
(894, 'b40265fe-7871-11ec-91df-000c299455db', 'Қўшқанд', 1708237),
(895, 'b402664f-7871-11ec-91df-000c299455db', 'Жонбулоқ дурдонаси', 1718216),
(896, 'b402669f-7871-11ec-91df-000c299455db', 'Элбаён', 1722226),
(897, 'b40266ee-7871-11ec-91df-000c299455db', 'А.Сафаров', 1722226),
(898, 'b402673f-7871-11ec-91df-000c299455db', 'Янгибозор', 1722226),
(899, 'b4026791-7871-11ec-91df-000c299455db', 'Тегирмоновул', 1718216),
(900, 'b40267df-7871-11ec-91df-000c299455db', 'Далварзин', 1722226),
(901, 'b402682e-7871-11ec-91df-000c299455db', 'Алпомиш', 1722226),
(902, 'b402687e-7871-11ec-91df-000c299455db', 'Кунгирот', 1718212),
(903, 'b40268cf-7871-11ec-91df-000c299455db', 'Элобод', 1722226),
(904, 'b402691e-7871-11ec-91df-000c299455db', 'Т.Бердиев', 1722226),
(905, 'b402696e-7871-11ec-91df-000c299455db', 'Толли', 1722226),
(906, 'b40269be-7871-11ec-91df-000c299455db', 'Ободон', 1722226),
(907, 'b4026a11-7871-11ec-91df-000c299455db', 'Сохибкор', 1722226),
(908, 'b4026a61-7871-11ec-91df-000c299455db', 'Дарё порти', 1722401),
(909, 'b4026ab1-7871-11ec-91df-000c299455db', 'Вокзал', 1722401),
(910, 'b4026b01-7871-11ec-91df-000c299455db', 'Алигавҳаров', 1730206),
(911, 'b4026b54-7871-11ec-91df-000c299455db', 'Кучкорчи', 1730408),
(912, 'b4026ba7-7871-11ec-91df-000c299455db', 'Т.Бобоев', 1730206),
(913, 'b4026bfd-7871-11ec-91df-000c299455db', 'Минглар', 1718212),
(914, 'b4026c4d-7871-11ec-91df-000c299455db', 'Юкори -Муян', 1730408),
(915, 'b4026c9e-7871-11ec-91df-000c299455db', 'Дустлик ', 1730408),
(916, 'b4026cee-7871-11ec-91df-000c299455db', 'Дўрмон', 1730206),
(917, 'b4026d3d-7871-11ec-91df-000c299455db', 'Шерали', 1710207),
(918, 'b4026d8c-7871-11ec-91df-000c299455db', 'Хўжамушкент', 1708237),
(919, 'b4026ddc-7871-11ec-91df-000c299455db', 'Қ.Мамадалиев', 1730206),
(920, 'b4026e2d-7871-11ec-91df-000c299455db', 'Арсиф', 1730408),
(921, 'b4026e79-7871-11ec-91df-000c299455db', 'Суфон', 1730408),
(922, 'b4026ec8-7871-11ec-91df-000c299455db', 'Намуна', 1730206),
(923, 'b4026f60-7871-11ec-91df-000c299455db', 'Ғишмон', 1730206),
(924, 'b4026fb3-7871-11ec-91df-000c299455db', 'Шейхлар', 1718212),
(925, 'b4027000-7871-11ec-91df-000c299455db', 'Урта-Найман', 1730408),
(926, 'b402704e-7871-11ec-91df-000c299455db', 'Ҳалқобод', 1730206),
(927, 'b402709e-7871-11ec-91df-000c299455db', 'Валик', 1730408),
(928, 'b40270ec-7871-11ec-91df-000c299455db', 'Оқтепа', 1730206),
(929, 'b402713a-7871-11ec-91df-000c299455db', 'Кокилон', 1730408),
(930, 'b4027188-7871-11ec-91df-000c299455db', 'Дўстлик', 1710229),
(931, 'b40271d9-7871-11ec-91df-000c299455db', 'Қўшкўприк', 1730206),
(932, 'b4027228-7871-11ec-91df-000c299455db', 'Бешбола', 1730401),
(933, 'b4027276-7871-11ec-91df-000c299455db', 'Қорақушчи', 1730206),
(934, 'b40272c4-7871-11ec-91df-000c299455db', 'Оқариқ', 1730401),
(935, 'b4027314-7871-11ec-91df-000c299455db', 'Борзувон', 1718212),
(936, 'b4027364-7871-11ec-91df-000c299455db', 'Каттаболтакўл', 1730206),
(937, 'b40273b1-7871-11ec-91df-000c299455db', 'А.Зохирий', 1730405),
(938, 'b40273fe-7871-11ec-91df-000c299455db', 'Ўзбекистон', 1730206),
(939, 'b4027450-7871-11ec-91df-000c299455db', 'Солижонобод', 1730206),
(940, 'b402749f-7871-11ec-91df-000c299455db', 'Янги Маргилон', 1730412),
(941, 'b40274ec-7871-11ec-91df-000c299455db', 'Сармазор', 1730206),
(942, 'b402753a-7871-11ec-91df-000c299455db', 'А.Рахмонов', 1730206),
(943, 'b4027589-7871-11ec-91df-000c299455db', 'Рапкон', 1730215),
(944, 'b40275d9-7871-11ec-91df-000c299455db', 'Кашкар', 1730215),
(945, 'b4027626-7871-11ec-91df-000c299455db', 'Зохидон ', 1730224),
(946, 'b4027674-7871-11ec-91df-000c299455db', 'Буронхужа', 1718212),
(947, 'b40276c8-7871-11ec-91df-000c299455db', 'Ок ер', 1730224),
(948, 'b4027716-7871-11ec-91df-000c299455db', 'Шайтонкул', 1730215),
(949, 'b4027763-7871-11ec-91df-000c299455db', 'Уйрат', 1730224),
(950, 'b40277b6-7871-11ec-91df-000c299455db', 'Ватан', 1730215),
(951, 'b4027807-7871-11ec-91df-000c299455db', 'Туда', 1730224),
(952, 'b4027857-7871-11ec-91df-000c299455db', 'Бешариқ ш', 1730215),
(953, 'b40278a5-7871-11ec-91df-000c299455db', 'Бойғунди', 1710229),
(954, 'b40278f3-7871-11ec-91df-000c299455db', 'Қоражийда', 1730215),
(955, 'b4027943-7871-11ec-91df-000c299455db', 'Ок олтин', 1730224),
(956, 'b4027993-7871-11ec-91df-000c299455db', 'Риштон ', 1730224),
(957, 'b40279e0-7871-11ec-91df-000c299455db', 'Бунёткор', 1708218),
(958, 'b4027a30-7871-11ec-91df-000c299455db', 'Бешариқ', 1730215),
(959, 'b4027a80-7871-11ec-91df-000c299455db', 'Бустон', 1730224),
(960, 'b4027ad0-7871-11ec-91df-000c299455db', 'Оқтовуқ', 1730215),
(961, 'b4027b1d-7871-11ec-91df-000c299455db', 'Бешкапа', 1730224),
(962, 'b4027b6c-7871-11ec-91df-000c299455db', 'Бешсари', 1730215),
(963, 'b4027bbb-7871-11ec-91df-000c299455db', 'Кайрогоч', 1730224),
(964, 'b4027c0b-7871-11ec-91df-000c299455db', 'Ёйилма', 1730224),
(965, 'b4027c58-7871-11ec-91df-000c299455db', '1-участка', 1708401),
(966, 'b4027ca5-7871-11ec-91df-000c299455db', 'Товул', 1730215),
(967, 'b4027cf5-7871-11ec-91df-000c299455db', 'Ар Рашидоний', 1730224),
(968, 'b4027d44-7871-11ec-91df-000c299455db', 'Куктепа', 1718212),
(969, 'b4027d92-7871-11ec-91df-000c299455db', 'Яккатут', 1730215),
(970, 'b4027de1-7871-11ec-91df-000c299455db', 'Пандигон', 1730224),
(971, 'b4027e31-7871-11ec-91df-000c299455db', 'Андархон', 1730215),
(972, 'b4027e81-7871-11ec-91df-000c299455db', 'Ровон', 1730226),
(973, 'b4027ecf-7871-11ec-91df-000c299455db', 'Капаянги', 1730215),
(974, 'b4027f1e-7871-11ec-91df-000c299455db', 'Сух', 1730226),
(975, 'b4027f6f-7871-11ec-91df-000c299455db', 'Дурманча', 1730209),
(976, 'b4027fc0-7871-11ec-91df-000c299455db', 'Хушёр', 1730226),
(977, 'b402800d-7871-11ec-91df-000c299455db', '2-участка', 1708401),
(978, 'b402805b-7871-11ec-91df-000c299455db', 'Сохибкор', 1730226),
(979, 'b40280ab-7871-11ec-91df-000c299455db', 'Куктепа', 1718212),
(980, 'b40280fa-7871-11ec-91df-000c299455db', 'Пахтаобод', 1730209),
(981, 'b4028147-7871-11ec-91df-000c299455db', 'Садда', 1730227),
(982, 'b4028195-7871-11ec-91df-000c299455db', 'Тинчлик', 1730209),
(983, 'b40281e5-7871-11ec-91df-000c299455db', 'Ахшак', 1730227),
(984, 'b4028235-7871-11ec-91df-000c299455db', 'Бирлик', 1730227),
(985, 'b4028282-7871-11ec-91df-000c299455db', 'Самарканд', 1730209),
(986, 'b40282ff-7871-11ec-91df-000c299455db', 'Заркент', 1730227),
(987, 'b4028352-7871-11ec-91df-000c299455db', 'Амиробод', 1730209),
(988, 'b40283a3-7871-11ec-91df-000c299455db', 'Найман', 1730227),
(989, 'b40283f0-7871-11ec-91df-000c299455db', '3-участка', 1708401),
(990, 'b402843e-7871-11ec-91df-000c299455db', 'Гулшан', 1708218),
(991, 'b402848e-7871-11ec-91df-000c299455db', 'Азамат', 1718212),
(992, 'b40284dd-7871-11ec-91df-000c299455db', 'Карокчитол', 1730209),
(993, 'b402852a-7871-11ec-91df-000c299455db', 'Н-Бустон', 1730227),
(994, 'b4028577-7871-11ec-91df-000c299455db', 'Чуваланчи', 1730209),
(995, 'b40285c6-7871-11ec-91df-000c299455db', 'Қумариқ', 1730227),
(996, 'b4028615-7871-11ec-91df-000c299455db', 'Ультарма', 1730209),
(997, 'b4028662-7871-11ec-91df-000c299455db', 'Арабмозор', 1730227),
(998, 'b40286af-7871-11ec-91df-000c299455db', 'Варзак', 1730227),
(999, 'b4028761-7871-11ec-91df-000c299455db', 'Куштегирмон', 1730209),
(1000, 'b40287b2-7871-11ec-91df-000c299455db', 'Қўрғонча', 1730227),
(1001, 'b4028801-7871-11ec-91df-000c299455db', 'Маткулобод', 1730209),
(1002, 'b4028850-7871-11ec-91df-000c299455db', 'Дехконобод', 1718212),
(1003, 'b40288a1-7871-11ec-91df-000c299455db', '4-участка', 1708401),
(1004, 'b40288f0-7871-11ec-91df-000c299455db', 'Зафаробод', 1730209),
(1005, 'b402893e-7871-11ec-91df-000c299455db', 'Нурсух', 1730230),
(1006, 'b402898d-7871-11ec-91df-000c299455db', 'Катта Тагоб', 1730230),
(1007, 'b40289dc-7871-11ec-91df-000c299455db', 'Яйпан', 1730230),
(1008, 'b4028a2d-7871-11ec-91df-000c299455db', 'Ғаниобод', 1730230),
(1009, 'b4028a7b-7871-11ec-91df-000c299455db', 'Қақир', 1730230),
(1010, 'b4028af3-7871-11ec-91df-000c299455db', 'Конизар', 1730230),
(1011, 'b4028b45-7871-11ec-91df-000c299455db', 'Жалоер', 1730212),
(1012, 'b4028b96-7871-11ec-91df-000c299455db', 'Қораёзбобо', 1730230),
(1013, 'b4028be4-7871-11ec-91df-000c299455db', 'Коракишлок', 1718212),
(1014, 'b4028c32-7871-11ec-91df-000c299455db', 'Ражабгарди', 1730230),
(1015, 'b4028c82-7871-11ec-91df-000c299455db', '5-участка', 1708401),
(1016, 'b4028cd1-7871-11ec-91df-000c299455db', 'Ўзбекистон', 1730230),
(1017, 'b4028d1d-7871-11ec-91df-000c299455db', 'Қайнар', 1730230),
(1018, 'b4028d6c-7871-11ec-91df-000c299455db', 'Овчи', 1730230),
(1019, 'b4028dba-7871-11ec-91df-000c299455db', 'Мингтут', 1730230),
(1020, 'b4028e0a-7871-11ec-91df-000c299455db', 'Янгиқўрғон', 1730212),
(1021, 'b4028e5a-7871-11ec-91df-000c299455db', 'Навбахор', 1730221),
(1022, 'b4028ead-7871-11ec-91df-000c299455db', 'Ғози-ғиждон', 1730221),
(1023, 'b4028eff-7871-11ec-91df-000c299455db', 'Дўстлик - 1 ', 1730212),
(1024, 'b4029b17-7871-11ec-91df-000c299455db', 'Чакар', 1718212),
(1025, 'b4029b8c-7871-11ec-91df-000c299455db', 'Жалоер', 1730221),
(1026, 'b4029be0-7871-11ec-91df-000c299455db', 'Палохон', 1730221),
(1027, 'b4029c31-7871-11ec-91df-000c299455db', 'Мехнатобод', 1714204),
(1028, 'b4029c90-7871-11ec-91df-000c299455db', 'Дўстлик - 2 ', 1730212),
(1029, 'b4029cf2-7871-11ec-91df-000c299455db', 'Учкўприк', 1730221),
(1030, 'b4029d53-7871-11ec-91df-000c299455db', 'Қўрғонобод', 1730212),
(1031, 'b4029db6-7871-11ec-91df-000c299455db', 'Чорбоғ', 1730221),
(1032, 'b4029e15-7871-11ec-91df-000c299455db', 'Бачқир', 1730212),
(1033, 'b4029e74-7871-11ec-91df-000c299455db', 'Қақир', 1730221),
(1034, 'b4029ed6-7871-11ec-91df-000c299455db', 'Бувайда', 1730212),
(1035, 'b4029f38-7871-11ec-91df-000c299455db', 'Зарбанд', 1718212),
(1036, 'b4029f98-7871-11ec-91df-000c299455db', 'Оққўрғон', 1730212),
(1037, 'b4029ff7-7871-11ec-91df-000c299455db', 'Оқсув', 1730221),
(1038, 'b402a057-7871-11ec-91df-000c299455db', 'Доимобод', 1730212),
(1039, 'b402a0ba-7871-11ec-91df-000c299455db', 'Боғикалон', 1706207),
(1040, 'b402a117-7871-11ec-91df-000c299455db', 'Довдуқ', 1714204),
(1041, 'b402a177-7871-11ec-91df-000c299455db', 'Бегобод', 1730221),
(1042, 'b402a1d7-7871-11ec-91df-000c299455db', 'Бастонбува', 1730212),
(1043, 'b402a23b-7871-11ec-91df-000c299455db', 'Сариқўрғон', 1730221),
(1044, 'b402a298-7871-11ec-91df-000c299455db', 'Янгиқадам', 1730212),
(1045, 'b402a2f6-7871-11ec-91df-000c299455db', 'Водил', 1730233),
(1046, 'b402a356-7871-11ec-91df-000c299455db', 'Митан', 1718212),
(1047, 'b402a3b7-7871-11ec-91df-000c299455db', 'Мулкобот в/у', 1730236),
(1048, 'b402a416-7871-11ec-91df-000c299455db', 'Новкент', 1730233),
(1049, 'b402a475-7871-11ec-91df-000c299455db', 'Чинобод в/у', 1730236),
(1050, 'b402a4d4-7871-11ec-91df-000c299455db', 'Аввал', 1730233),
(1051, 'b402a537-7871-11ec-91df-000c299455db', 'Сой бўйи', 1730233),
(1052, 'b402a591-7871-11ec-91df-000c299455db', 'Кушон', 1714207),
(1053, 'b402a5dc-7871-11ec-91df-000c299455db', 'Данғара в/у', 1730236),
(1054, 'b402a629-7871-11ec-91df-000c299455db', 'Хангиз', 1730233),
(1055, 'b402a678-7871-11ec-91df-000c299455db', 'Санам в/у', 1730236),
(1056, 'b402a6c2-7871-11ec-91df-000c299455db', 'Миндон', 1730233),
(1057, 'b402a70e-7871-11ec-91df-000c299455db', 'Кайирма', 1718212),
(1058, 'b402a75a-7871-11ec-91df-000c299455db', 'Найманча в/у', 1730236),
(1059, 'b402a7a7-7871-11ec-91df-000c299455db', 'Ю.Водил', 1730233),
(1060, 'b402a7f2-7871-11ec-91df-000c299455db', 'Тарғоват в/у', 1730236),
(1061, 'b402a83f-7871-11ec-91df-000c299455db', 'Шохимардон', 1730233),
(1062, 'b402a88b-7871-11ec-91df-000c299455db', 'Лоғон', 1730233),
(1063, 'b402a8d9-7871-11ec-91df-000c299455db', 'Боғуш в/у', 1730236),
(1064, 'b402a923-7871-11ec-91df-000c299455db', 'Тергачи', 1714207),
(1065, 'b402a96f-7871-11ec-91df-000c299455db', 'Каптархона', 1730233),
(1066, 'b402a9bc-7871-11ec-91df-000c299455db', 'Ғалаба в/у', 1730236),
(1067, 'b402aa0a-7871-11ec-91df-000c299455db', 'Дамкўл', 1730233),
(1068, 'b402aa55-7871-11ec-91df-000c299455db', 'Орлот', 1718212),
(1069, 'b402aaa2-7871-11ec-91df-000c299455db', 'Парвоз', 1730233),
(1070, 'b402ab05-7871-11ec-91df-000c299455db', 'Қияали в/у', 1730236),
(1071, 'b402ab53-7871-11ec-91df-000c299455db', 'Оқбилол', 1730233),
(1072, 'b402ab9f-7871-11ec-91df-000c299455db', 'Чимён', 1730233),
(1073, 'b402abea-7871-11ec-91df-000c299455db', 'Оқжар в/у', 1730236),
(1074, 'b402ac38-7871-11ec-91df-000c299455db', 'Навбахор', 1730238),
(1075, 'b402ac86-7871-11ec-91df-000c299455db', 'Тайпоқ в/у', 1730236),
(1076, 'b402acd1-7871-11ec-91df-000c299455db', 'Чиндовул', 1714207),
(1077, 'b402ad1e-7871-11ec-91df-000c299455db', 'Шунқор', 1730238),
(1078, 'b402ad6a-7871-11ec-91df-000c299455db', 'Қорамулла в/у', 1730236),
(1079, 'b402adb9-7871-11ec-91df-000c299455db', 'Зарбдор', 1708220),
(1080, 'b402ae03-7871-11ec-91df-000c299455db', 'Қўқон', 1730238),
(1081, 'b402ae4f-7871-11ec-91df-000c299455db', 'Қолгандарё', 1730238),
(1082, 'b402aea9-7871-11ec-91df-000c299455db', 'Ёзёвон ', 1730242),
(1083, 'b402aef8-7871-11ec-91df-000c299455db', 'Ўртақўрғон', 1730238),
(1084, 'b402af44-7871-11ec-91df-000c299455db', 'Қоратепа', 1730242),
(1085, 'b402af91-7871-11ec-91df-000c299455db', 'Тиллотепа', 1730238),
(1086, 'b402afdd-7871-11ec-91df-000c299455db', 'Хонобод', 1730242),
(1087, 'b402b02a-7871-11ec-91df-000c299455db', 'Томоша', 1730238),
(1088, 'b402b075-7871-11ec-91df-000c299455db', 'Кукмбой', 1714207),
(1089, 'b402b0c0-7871-11ec-91df-000c299455db', 'Гулистон', 1730242),
(1090, 'b402b10e-7871-11ec-91df-000c299455db', 'Наршахар ', 1722202),
(1091, 'b402b15c-7871-11ec-91df-000c299455db', 'Истиқлол', 1730242),
(1092, 'b402b1a8-7871-11ec-91df-000c299455db', 'Файзиобод    ', 1730203),
(1093, 'b402b1f5-7871-11ec-91df-000c299455db', 'Қатортол', 1730242),
(1094, 'b402b250-7871-11ec-91df-000c299455db', 'Окбуйра      ', 1730203),
(1095, 'b402b29f-7871-11ec-91df-000c299455db', 'Иштирхон', 1730242),
(1096, 'b402b2ea-7871-11ec-91df-000c299455db', 'Зилха     ', 1730203),
(1097, 'b402b336-7871-11ec-91df-000c299455db', 'Янгиобод', 1730242),
(1098, 'b402b382-7871-11ec-91df-000c299455db', 'Повулгон     ', 1730203),
(1099, 'b402b3d1-7871-11ec-91df-000c299455db', 'Полосон     ', 1730203),
(1100, 'b402b41c-7871-11ec-91df-000c299455db', 'Шахар вет участка', 1714207),
(1101, 'b402b467-7871-11ec-91df-000c299455db', 'Ирвадон', 1714401),
(1102, 'b402b4b4-7871-11ec-91df-000c299455db', 'Мустақиллик', 1722202),
(1103, 'b402b503-7871-11ec-91df-000c299455db', 'Акбаробод', 1730218),
(1104, 'b402b54d-7871-11ec-91df-000c299455db', 'Янгикургон ', 1730203),
(1105, 'b402b59a-7871-11ec-91df-000c299455db', 'Журак ', 1730203),
(1106, 'b402b5f4-7871-11ec-91df-000c299455db', 'Байналминал', 1730218),
(1107, 'b402b642-7871-11ec-91df-000c299455db', 'Гайрат', 1730203),
(1108, 'b402b68c-7871-11ec-91df-000c299455db', 'Дехқонобод', 1730218),
(1109, 'b402b6d8-7871-11ec-91df-000c299455db', 'Янгиараб ', 1730203),
(1110, 'b402b776-7871-11ec-91df-000c299455db', 'Мухитдинов', 1730218),
(1111, 'b402b7c7-7871-11ec-91df-000c299455db', 'Катпут ', 1730203),
(1112, 'b402b813-7871-11ec-91df-000c299455db', 'Бахор', 1730218),
(1113, 'b402b860-7871-11ec-91df-000c299455db', 'Ш.Рашидов', 1722202),
(1114, 'b402b8ac-7871-11ec-91df-000c299455db', 'Тинчлик', 1710229),
(1115, 'b402b8fa-7871-11ec-91df-000c299455db', 'Азимобод ', 1730203),
(1116, 'b402b944-7871-11ec-91df-000c299455db', 'Кумирчи ', 1730203),
(1117, 'b402b98f-7871-11ec-91df-000c299455db', 'Туркровот', 1730218),
(1118, 'b402b9e8-7871-11ec-91df-000c299455db', 'Намуна', 1730218),
(1119, 'b402ba36-7871-11ec-91df-000c299455db', 'Маданият', 1730218),
(1120, 'b402ba81-7871-11ec-91df-000c299455db', 'Янги-қишлок', 1730218),
(1121, 'b402bacd-7871-11ec-91df-000c299455db', 'Иттифок', 1730218),
(1122, 'b402bb19-7871-11ec-91df-000c299455db', 'Янги-хаёт', 1730218),
(1123, 'b402bb66-7871-11ec-91df-000c299455db', 'Ўзбекистон', 1730218),
(1124, 'b402bbb1-7871-11ec-91df-000c299455db', 'М.Азизов', 1722202),
(1125, 'b402bbfe-7871-11ec-91df-000c299455db', 'Олмазор', 1726280),
(1126, 'b402bc49-7871-11ec-91df-000c299455db', 'Алачабоб', 1710229),
(1127, 'b402bc97-7871-11ec-91df-000c299455db', 'Миробод', 1726273),
(1128, 'b402bce2-7871-11ec-91df-000c299455db', 'Мирзо Улуғбек', 1726269),
(1129, 'b402bd2d-7871-11ec-91df-000c299455db', 'Юнусобод', 1726266),
(1130, 'b402bd86-7871-11ec-91df-000c299455db', 'Яккасарой', 1726287),
(1131, 'b402bdd5-7871-11ec-91df-000c299455db', 'Шайхонтоҳур', 1726277),
(1132, 'b402be1f-7871-11ec-91df-000c299455db', 'Чилонзор', 1726294),
(1133, 'b402be6b-7871-11ec-91df-000c299455db', 'Сирғали', 1726283),
(1134, 'b402beb8-7871-11ec-91df-000c299455db', 'Яшнобод', 1726290),
(1135, 'b402bf06-7871-11ec-91df-000c299455db', 'Қорасув', 1722202),
(1136, 'b402bf52-7871-11ec-91df-000c299455db', 'Учтепа', 1726262),
(1137, 'b402bf9e-7871-11ec-91df-000c299455db', 'Бектемир', 1726264),
(1138, 'b402bfea-7871-11ec-91df-000c299455db', 'Тошбулок', 1714212),
(1139, 'b402c037-7871-11ec-91df-000c299455db', 'Ойбек', 1722203),
(1140, 'b402c081-7871-11ec-91df-000c299455db', 'Пахтакор', 1722203),
(1141, 'b402c0cd-7871-11ec-91df-000c299455db', 'Ғ Ғулом', 1722203),
(1142, 'b402c126-7871-11ec-91df-000c299455db', 'Тошкент', 1722203),
(1143, 'b402c175-7871-11ec-91df-000c299455db', 'Дўстлик', 1722203),
(1144, 'b402c1c4-7871-11ec-91df-000c299455db', 'Наврўз', 1722203),
(1145, 'b402c214-7871-11ec-91df-000c299455db', 'Тангумуш', 1722203),
(1146, 'b402c265-7871-11ec-91df-000c299455db', 'Занг', 1722202),
(1147, 'b402c2b2-7871-11ec-91df-000c299455db', 'Еркиндарья', 1735209),
(1148, 'b402c2ff-7871-11ec-91df-000c299455db', 'Кук су', 1735209),
(1149, 'b402c34d-7871-11ec-91df-000c299455db', 'Аспантай', 1735209),
(1150, 'b402c39a-7871-11ec-91df-000c299455db', 'Гувалак', 1710229),
(1151, 'b402c3ec-7871-11ec-91df-000c299455db', 'Бозатау ', 1735209),
(1152, 'b402c446-7871-11ec-91df-000c299455db', 'Шахар 1', 1710401),
(1153, 'b402c4a9-7871-11ec-91df-000c299455db', 'Шахар маркази ', 1710207),
(1154, 'b402c516-7871-11ec-91df-000c299455db', 'Авғонбоғ', 1710207),
(1155, 'b402c577-7871-11ec-91df-000c299455db', 'Далварзин', 1727220),
(1156, 'b402c5d8-7871-11ec-91df-000c299455db', 'Жумабозор', 1727220),
(1157, 'b402c63a-7871-11ec-91df-000c299455db', 'Таллимарон', 1722202),
(1158, 'b402c699-7871-11ec-91df-000c299455db', 'Кунжикаьла', 1706207),
(1159, 'b402c6fb-7871-11ec-91df-000c299455db', 'қавчин', 1710224),
(1160, 'b402c75d-7871-11ec-91df-000c299455db', 'Қарақата-Маданият вет учаска', 1712211),
(1161, 'b402c7bf-7871-11ec-91df-000c299455db', 'Бекобод-Қумобод', 1733217),
(1162, 'b402c81e-7871-11ec-91df-000c299455db', 'Тепақўрғон', 1714212),
(1163, 'b402c87f-7871-11ec-91df-000c299455db', 'Шербек', 1710229),
(1164, 'b402c8e1-7871-11ec-91df-000c299455db', 'Яккасарой', 1710229),
(1165, 'b402c944-7871-11ec-91df-000c299455db', 'Яккасарой', 1710229),
(1166, 'b402c9b4-7871-11ec-91df-000c299455db', 'Гулбоғ', 1710229),
(1167, 'b402d6ab-7871-11ec-91df-000c299455db', '\"Наврўз\" ветеринария участкаси', 1718401),
(1168, 'b402d725-7871-11ec-91df-000c299455db', 'Қ.Тўлаков', 1722202),
(1169, 'b402d779-7871-11ec-91df-000c299455db', '\"Сиёб\" ветеринария участкаси', 1718401),
(1170, 'b402d7cc-7871-11ec-91df-000c299455db', 'Ғалча', 1714212),
(1171, 'b402d820-7871-11ec-91df-000c299455db', 'Маданият вет учас', 1710250),
(1172, 'b402d870-7871-11ec-91df-000c299455db', 'Кумқўрғон', 1714212),
(1173, 'b402d8c0-7871-11ec-91df-000c299455db', 'Жийда Вет. Участ', 1710250),
(1174, 'b402d90f-7871-11ec-91df-000c299455db', 'Пахтақишлоқ', 1714216),
(1175, 'b402d95c-7871-11ec-91df-000c299455db', 'Тўда', 1714216),
(1176, 'b402d9a9-7871-11ec-91df-000c299455db', 'Чулқувар', 1708201),
(1177, 'b402da0c-7871-11ec-91df-000c299455db', 'Норинкапа', 1714216),
(1178, 'b402da5e-7871-11ec-91df-000c299455db', 'Поп вет.булим', 1714219),
(1179, 'b402daae-7871-11ec-91df-000c299455db', 'Янгикургонча ', 1718215),
(1180, 'b402dafc-7871-11ec-91df-000c299455db', 'Чоркесар', 1714219),
(1181, 'b402db4b-7871-11ec-91df-000c299455db', 'Сайрам', 1714224),
(1182, 'b402db9b-7871-11ec-91df-000c299455db', 'Ибн Сино', 1706246),
(1183, 'b402dbeb-7871-11ec-91df-000c299455db', 'Туракургон', 1714224),
(1184, 'b402dc39-7871-11ec-91df-000c299455db', 'Пахтакор вет. уч', 1710250),
(1185, 'b402dc86-7871-11ec-91df-000c299455db', 'Шергирон', 1706207),
(1186, 'b402dcd7-7871-11ec-91df-000c299455db', 'Хумин', 1706246),
(1187, 'b402dd29-7871-11ec-91df-000c299455db', 'А.Кашаев', 1714224),
(1188, 'b402dd76-7871-11ec-91df-000c299455db', 'Хумдонак', 1706246),
(1189, 'b402ddd1-7871-11ec-91df-000c299455db', 'Катогон вет.участ', 1710250),
(1190, 'b402de22-7871-11ec-91df-000c299455db', 'Ветдори ', 1718215),
(1191, 'b402de71-7871-11ec-91df-000c299455db', 'Пўлоти', 1706246),
(1192, 'b402debe-7871-11ec-91df-000c299455db', 'Мустақиллик', 1706246),
(1193, 'b402df0d-7871-11ec-91df-000c299455db', 'Айридевол', 1710212),
(1194, 'b402df5c-7871-11ec-91df-000c299455db', 'Зарафшон', 1706246),
(1195, 'b402dfac-7871-11ec-91df-000c299455db', 'Бирлашкан', 1714229),
(1196, 'b402dff9-7871-11ec-91df-000c299455db', 'Ромиш', 1706246),
(1197, 'b402e047-7871-11ec-91df-000c299455db', 'Мирзаён', 1706246),
(1198, 'b402e097-7871-11ec-91df-000c299455db', 'Ўнхаят', 1714229),
(1199, 'b402e0e6-7871-11ec-91df-000c299455db', 'Самончук', 1706246),
(1200, 'b402e132-7871-11ec-91df-000c299455db', 'Жийда капа', 1714229),
(1201, 'b402e19d-7871-11ec-91df-000c299455db', 'Адиробод', 1708220),
(1202, 'b402e1ee-7871-11ec-91df-000c299455db', 'Алели', 1706246),
(1203, 'b402e23d-7871-11ec-91df-000c299455db', 'Қароли', 1706246),
(1204, 'b402e28a-7871-11ec-91df-000c299455db', 'О.Водий', 1708201),
(1205, 'b402e2d7-7871-11ec-91df-000c299455db', ' Чинобод ', 1708201),
(1206, 'b402e325-7871-11ec-91df-000c299455db', 'Шахар', 1714234),
(1207, 'b402e373-7871-11ec-91df-000c299455db', 'Қайқи', 1714234),
(1208, 'b402e3c0-7871-11ec-91df-000c299455db', 'Охших', 1706246),
(1209, 'b402e40d-7871-11ec-91df-000c299455db', 'Бўстон ', 1706219),
(1210, 'b402e45c-7871-11ec-91df-000c299455db', 'Когон', 1706219),
(1211, 'b402e4ac-7871-11ec-91df-000c299455db', 'Ўзбекистон', 1714234),
(1212, 'b402e4fc-7871-11ec-91df-000c299455db', 'Бешкуви', 1718206),
(1213, 'b402e55b-7871-11ec-91df-000c299455db', 'Зоофарим', 1718215),
(1214, 'b402e5aa-7871-11ec-91df-000c299455db', 'Бухоро ', 1706219),
(1215, 'b402e5f8-7871-11ec-91df-000c299455db', 'Янгиер', 1714234),
(1216, 'b402e646-7871-11ec-91df-000c299455db', 'Дуоб', 1710212),
(1217, 'b402e696-7871-11ec-91df-000c299455db', 'Ўзбекистон', 1706219),
(1218, 'b402e6e3-7871-11ec-91df-000c299455db', 'Беклар', 1706219),
(1219, 'b402e731-7871-11ec-91df-000c299455db', 'Ойкирон', 1714236),
(1220, 'b402e780-7871-11ec-91df-000c299455db', 'Сайёт', 1706230),
(1221, 'b402e7cf-7871-11ec-91df-000c299455db', 'Алихон', 1714236),
(1222, 'b402e863-7871-11ec-91df-000c299455db', 'Қозон Чорва участка', 1706230),
(1223, 'b402e8b3-7871-11ec-91df-000c299455db', 'Дарғали участка', 1706230),
(1224, 'b402e903-7871-11ec-91df-000c299455db', 'Олмазор ', 1718215),
(1225, 'b402e95f-7871-11ec-91df-000c299455db', 'Човли участка', 1706230),
(1226, 'b402e9ad-7871-11ec-91df-000c299455db', 'Янгиобод', 1706207),
(1227, 'b402e9fb-7871-11ec-91df-000c299455db', 'Каттабог вет. участ', 1710250),
(1228, 'b402ea4a-7871-11ec-91df-000c299455db', 'Жиғачи участка', 1706230),
(1229, 'b402ea9a-7871-11ec-91df-000c299455db', 'Кайрогоч вет. уч', 1710250),
(1230, 'b402eae8-7871-11ec-91df-000c299455db', 'Зарафшон участка', 1706230),
(1231, 'b402eb35-7871-11ec-91df-000c299455db', 'Куштегирмон вет уч', 1710250),
(1232, 'b402eb85-7871-11ec-91df-000c299455db', 'Пешкургон', 1714236),
(1233, 'b402ebd5-7871-11ec-91df-000c299455db', 'Қуввача участка', 1706230),
(1234, 'b402ec21-7871-11ec-91df-000c299455db', 'Қорахожи участка', 1706230),
(1235, 'b402ec6f-7871-11ec-91df-000c299455db', 'Амирхон З', 1718215),
(1236, 'b402ecca-7871-11ec-91df-000c299455db', 'Яккабог шахри вет. уч', 1710250),
(1237, 'b402ed1a-7871-11ec-91df-000c299455db', 'Зиёрат участка', 1706230),
(1238, 'b402ed69-7871-11ec-91df-000c299455db', 'Работиқалмоқ', 1706207),
(1239, 'b402edb7-7871-11ec-91df-000c299455db', 'Эски Якк-г кург вет.уч', 1710250),
(1240, 'b402ee06-7871-11ec-91df-000c299455db', 'Қораун участка', 1706230),
(1241, 'b402ee56-7871-11ec-91df-000c299455db', 'Самак вет. участ', 1710250),
(1242, 'b402eea4-7871-11ec-91df-000c299455db', 'Маллаишайх участка', 1706230),
(1243, 'b402eef2-7871-11ec-91df-000c299455db', 'Дарё вет.участкаси', 1710250),
(1244, 'b402ef42-7871-11ec-91df-000c299455db', 'Зарифа участка', 1706230),
(1245, 'b402ef92-7871-11ec-91df-000c299455db', 'Ўзбекистон', 1710242),
(1246, 'b402efe2-7871-11ec-91df-000c299455db', 'Яккабог', 1718215),
(1247, 'b402f03f-7871-11ec-91df-000c299455db', 'Бўзачи', 1706232),
(1248, 'b402f08e-7871-11ec-91df-000c299455db', 'Обиравон', 1710212),
(1249, 'b402f0de-7871-11ec-91df-000c299455db', 'Жарқоқ', 1706232),
(1250, 'b402f12c-7871-11ec-91df-000c299455db', 'Пахтакор ', 1710242),
(1251, 'b402f179-7871-11ec-91df-000c299455db', 'Охунбобоев', 1710242),
(1252, 'b402f1c8-7871-11ec-91df-000c299455db', 'Сохибкор', 1710242),
(1253, 'b402f218-7871-11ec-91df-000c299455db', 'Навбаҳор', 1706232),
(1254, 'b402f269-7871-11ec-91df-000c299455db', 'Бешчашма', 1710242),
(1255, 'b402f2bb-7871-11ec-91df-000c299455db', 'Шаҳар', 1706232),
(1256, 'b402f30e-7871-11ec-91df-000c299455db', 'Мехнатобод', 1710242),
(1257, 'b402f360-7871-11ec-91df-000c299455db', 'Дустлик ', 1718215),
(1258, 'b402f3ad-7871-11ec-91df-000c299455db', 'Ноғоратепа', 1706232),
(1259, 'b402f409-7871-11ec-91df-000c299455db', 'Окчова', 1710242),
(1260, 'b402f459-7871-11ec-91df-000c299455db', 'Ўсмат вет участка', 1708204),
(1261, 'b402f4aa-7871-11ec-91df-000c299455db', 'Чорбоғ', 1706204),
(1262, 'b402f4f8-7871-11ec-91df-000c299455db', 'Денов', 1706204),
(1263, 'b402f547-7871-11ec-91df-000c299455db', 'Калкама', 1710242),
(1264, 'b402f596-7871-11ec-91df-000c299455db', 'Пахтакор', 1706204),
(1265, 'b402f5e6-7871-11ec-91df-000c299455db', 'Чандир шахобча', 1706204),
(1266, 'b402f637-7871-11ec-91df-000c299455db', 'Чорвадор', 1710242),
(1267, 'b402f689-7871-11ec-91df-000c299455db', 'Олот', 1706204),
(1268, 'b402f6de-7871-11ec-91df-000c299455db', 'Янгикиёт', 1718215),
(1269, 'b402f72d-7871-11ec-91df-000c299455db', 'Чиял', 1710242),
(1270, 'b402f77e-7871-11ec-91df-000c299455db', 'Марказ', 1706204),
(1271, 'b402f7df-7871-11ec-91df-000c299455db', 'Ф.Хужаев', 1710242),
(1272, 'b402f82f-7871-11ec-91df-000c299455db', 'Гулшанобод', 1706207),
(1273, 'b402f87e-7871-11ec-91df-000c299455db', 'Навоий', 1706204),
(1274, 'b402f8cf-7871-11ec-91df-000c299455db', 'Туман маркази', 1710242),
(1275, 'b402f920-7871-11ec-91df-000c299455db', 'Чим', 1710220),
(1276, 'b402f970-7871-11ec-91df-000c299455db', 'Работ', 1710220),
(1277, 'b402f9bf-7871-11ec-91df-000c299455db', 'Туқбой', 1710220),
(1278, 'b402fa0f-7871-11ec-91df-000c299455db', 'Қоратепа', 1710220),
(1279, 'b402fa60-7871-11ec-91df-000c299455db', 'Коракулча', 1718215),
(1280, 'b402faae-7871-11ec-91df-000c299455db', 'Жонбузсой', 1710220),
(1281, 'b402fafd-7871-11ec-91df-000c299455db', 'Гулистон', 1706204),
(1282, 'b402fb4d-7871-11ec-91df-000c299455db', 'Ғиштли', 1710220),
(1283, 'b402fbaa-7871-11ec-91df-000c299455db', 'Зарафшон', 1706204),
(1284, 'b402fbf8-7871-11ec-91df-000c299455db', 'Обод', 1710212),
(1285, 'b402fc48-7871-11ec-91df-000c299455db', 'Жумабозор', 1706204),
(1286, 'b402fc98-7871-11ec-91df-000c299455db', 'Қамай', 1710220),
(1287, 'b402fce8-7871-11ec-91df-000c299455db', 'Ҳамза', 1706204),
(1288, 'b402fd36-7871-11ec-91df-000c299455db', 'Қорабоғ', 1710220),
(1289, 'b402fd86-7871-11ec-91df-000c299455db', 'Афшона', 1706240),
(1290, 'b402fdd6-7871-11ec-91df-000c299455db', 'Полвонтепа', 1718215),
(1291, 'b402fe26-7871-11ec-91df-000c299455db', 'Навбаҳор', 1706240),
(1292, 'b402fe73-7871-11ec-91df-000c299455db', 'Баландчайла', 1710220),
(1293, 'b402fec0-7871-11ec-91df-000c299455db', 'Боғимусо', 1706240),
(1294, 'b402ff10-7871-11ec-91df-000c299455db', 'Ёртепа', 1710220),
(1295, 'b402ff70-7871-11ec-91df-000c299455db', 'Зандане', 1706240),
(1296, 'b402ffbd-7871-11ec-91df-000c299455db', 'Халач', 1706212),
(1297, 'b403000d-7871-11ec-91df-000c299455db', 'Хоркаш', 1706240),
(1298, 'b403005c-7871-11ec-91df-000c299455db', 'Лойқасой', 1710220),
(1299, 'b40300aa-7871-11ec-91df-000c299455db', 'Талисобун', 1706240),
(1300, 'b40300fa-7871-11ec-91df-000c299455db', 'Қала Миришкор', 1706240),
(1301, 'b4030149-7871-11ec-91df-000c299455db', 'Ветсервис РУУ', 1718215),
(1302, 'b4030197-7871-11ec-91df-000c299455db', 'Пахтазор', 1710235),
(1303, 'b40301e5-7871-11ec-91df-000c299455db', 'Янги-Нишон', 1710235),
(1304, 'b4030234-7871-11ec-91df-000c299455db', 'Варахшо', 1706240),
(1305, 'b4030e56-7871-11ec-91df-000c299455db', 'Оқ олтин', 1710235),
(1306, 'b4030eca-7871-11ec-91df-000c299455db', 'Чибоғони', 1706240),
(1307, 'b4030f2f-7871-11ec-91df-000c299455db', 'Пешкў', 1706240),
(1308, 'b4030f85-7871-11ec-91df-000c299455db', 'Бозортепа ', 1710212),
(1309, 'b4030fda-7871-11ec-91df-000c299455db', 'Қорақалпоқ', 1706240),
(1310, 'b4031028-7871-11ec-91df-000c299455db', 'Самарқанд', 1710235),
(1311, 'b4031077-7871-11ec-91df-000c299455db', 'Халқобод', 1706242),
(1312, 'b40310ca-7871-11ec-91df-000c299455db', 'Окравот ', 1718215),
(1313, 'b403111b-7871-11ec-91df-000c299455db', 'Нуристон', 1710235),
(1314, 'b4031169-7871-11ec-91df-000c299455db', 'Нурафшон', 1706242),
(1315, 'b40311b7-7871-11ec-91df-000c299455db', 'А.Қодирий', 1710235),
(1316, 'b4031207-7871-11ec-91df-000c299455db', 'Челонғу', 1706242),
(1317, 'b403125b-7871-11ec-91df-000c299455db', 'Талимаржон', 1710235),
(1318, 'b40312a7-7871-11ec-91df-000c299455db', 'Ф.Қурбонов', 1706242),
(1319, 'b4031318-7871-11ec-91df-000c299455db', 'П.Шербобоев', 1710245),
(1320, 'b403137d-7871-11ec-91df-000c299455db', 'Кўчкўмар', 1706207),
(1321, 'b40313e0-7871-11ec-91df-000c299455db', 'Гулбулоқ вет учаска', 1708204),
(1322, 'b4031441-7871-11ec-91df-000c299455db', 'Э.Хўжаев', 1706242),
(1323, 'b40314a4-7871-11ec-91df-000c299455db', 'Килдон', 1718206),
(1324, 'b4031507-7871-11ec-91df-000c299455db', 'Голиб', 1708220),
(1325, 'b403156b-7871-11ec-91df-000c299455db', 'Шўрча', 1706242),
(1326, 'b40315cc-7871-11ec-91df-000c299455db', 'Б.Фозилов', 1710245),
(1327, 'b403162d-7871-11ec-91df-000c299455db', 'Зарафшон', 1706242),
(1328, 'b4031691-7871-11ec-91df-000c299455db', 'Ж.Элбоев', 1710245),
(1329, 'b40316f5-7871-11ec-91df-000c299455db', 'Ибн Сино', 1706242),
(1330, 'b4031756-7871-11ec-91df-000c299455db', 'А.Навоий', 1710245),
(1331, 'b40317c9-7871-11ec-91df-000c299455db', 'Қўрғон', 1706242),
(1332, 'b403182e-7871-11ec-91df-000c299455db', 'Қалайчорбоғ', 1706242),
(1333, 'b40318e0-7871-11ec-91df-000c299455db', 'А.Темур', 1710245),
(1334, 'b4031948-7871-11ec-91df-000c299455db', 'Янгикент', 1706212),
(1335, 'b40319b1-7871-11ec-91df-000c299455db', 'Дурбеш', 1718215),
(1336, 'b4031a13-7871-11ec-91df-000c299455db', 'Газли', 1706242),
(1337, 'b4031a77-7871-11ec-91df-000c299455db', 'Бобур', 1710245),
(1338, 'b4031adb-7871-11ec-91df-000c299455db', 'Оқ-дарё', 1710245),
(1339, 'b4031b3f-7871-11ec-91df-000c299455db', 'Хисор', 1710245),
(1340, 'b4031b9f-7871-11ec-91df-000c299455db', 'Дўрмен', 1706258),
(1341, 'b4031bee-7871-11ec-91df-000c299455db', 'Улуғбек', 1710245),
(1342, 'b4031c3d-7871-11ec-91df-000c299455db', 'Денов', 1706258),
(1343, 'b4031c99-7871-11ec-91df-000c299455db', 'Жўйрабод', 1706258),
(1344, 'b4031ce9-7871-11ec-91df-000c299455db', 'Тезгузар', 1706258),
(1345, 'b4031d36-7871-11ec-91df-000c299455db', 'Тудамайдон', 1710245),
(1346, 'b4031d86-7871-11ec-91df-000c299455db', 'Таворон ', 1718215),
(1347, 'b4031dd6-7871-11ec-91df-000c299455db', 'Бешбулок', 1710212),
(1348, 'b4031e25-7871-11ec-91df-000c299455db', 'Бобур', 1706258),
(1349, 'b4031e73-7871-11ec-91df-000c299455db', 'Шахрисабз', 1710245),
(1350, 'b4031ec2-7871-11ec-91df-000c299455db', 'Боғиафзал', 1706258),
(1351, 'b4031f12-7871-11ec-91df-000c299455db', 'Жўйнав', 1706258),
(1352, 'b4031f60-7871-11ec-91df-000c299455db', 'Искогаре', 1706258),
(1353, 'b4031fae-7871-11ec-91df-000c299455db', 'Шаҳар 1', 1710224),
(1354, 'b4031ffe-7871-11ec-91df-000c299455db', 'А.Навоий', 1706258),
(1355, 'b403205b-7871-11ec-91df-000c299455db', 'Чандир', 1706258),
(1356, 'b40320a9-7871-11ec-91df-000c299455db', 'Вардонзе', 1706258),
(1357, 'b40320f9-7871-11ec-91df-000c299455db', 'Фармако ХС', 1718215),
(1358, 'b4032148-7871-11ec-91df-000c299455db', 'Х.Ориф', 1706258),
(1359, 'b4032197-7871-11ec-91df-000c299455db', 'Рохкент', 1706212),
(1360, 'b40321e5-7871-11ec-91df-000c299455db', ' Зарангари', 1706215),
(1361, 'b4032234-7871-11ec-91df-000c299455db', 'Хисорак', 1714237),
(1362, 'b4032283-7871-11ec-91df-000c299455db', 'Каркидон', 1714237),
(1363, 'b40322d3-7871-11ec-91df-000c299455db', 'Сарвари', 1706215),
(1364, 'b4032321-7871-11ec-91df-000c299455db', 'Олмос', 1714237),
(1365, 'b403236f-7871-11ec-91df-000c299455db', 'Ахча', 1714237),
(1366, 'b40323be-7871-11ec-91df-000c299455db', 'Варзик', 1714237),
(1367, 'b403241b-7871-11ec-91df-000c299455db', 'Баймоқ', 1714237),
(1368, 'b4032469-7871-11ec-91df-000c299455db', 'Тарнов ', 1718215),
(1369, 'b40324b9-7871-11ec-91df-000c299455db', 'Ғова', 1714237),
(1370, 'b4032507-7871-11ec-91df-000c299455db', 'Сарбозар', 1708209),
(1371, 'b4032557-7871-11ec-91df-000c299455db', 'Чуст шахри', 1714237),
(1372, 'b40325a6-7871-11ec-91df-000c299455db', 'Бекобод', 1714242),
(1373, 'b40325f4-7871-11ec-91df-000c299455db', 'Ш.Юлдузи', 1714242),
(1374, 'b4032643-7871-11ec-91df-000c299455db', 'Заркент', 1714242),
(1375, 'b4032694-7871-11ec-91df-000c299455db', 'Зарбдор', 1714242),
(1376, 'b40326e6-7871-11ec-91df-000c299455db', 'Нанай', 1714242),
(1377, 'b4032738-7871-11ec-91df-000c299455db', 'Навкент', 1714242),
(1378, 'b40327b3-7871-11ec-91df-000c299455db', 'Шахарча', 1714242),
(1379, 'b4032808-7871-11ec-91df-000c299455db', 'Пахтакор ', 1718215),
(1380, 'b4032875-7871-11ec-91df-000c299455db', 'Марказий', 1714401),
(1381, 'b40328c5-7871-11ec-91df-000c299455db', 'Қўнғирот', 1706212),
(1382, 'b4032916-7871-11ec-91df-000c299455db', 'Нуробод', 1714401),
(1383, 'b4032966-7871-11ec-91df-000c299455db', 'Кизил куприк', 1714401),
(1384, 'b40329b4-7871-11ec-91df-000c299455db', 'Ёшлик', 1714401),
(1385, 'b4032a03-7871-11ec-91df-000c299455db', 'Алимкент', 1727206),
(1386, 'b4032a52-7871-11ec-91df-000c299455db', 'Эркинлик', 1727206),
(1387, 'b4032aa2-7871-11ec-91df-000c299455db', 'Султонобод', 1727206),
(1388, 'b4032aef-7871-11ec-91df-000c299455db', 'Оққўрғон ш', 1727206),
(1389, 'b4032b3e-7871-11ec-91df-000c299455db', 'Х.Олимжон', 1727206),
(1390, 'b4032b8e-7871-11ec-91df-000c299455db', 'Бойсун', 1722204),
(1391, 'b4032bde-7871-11ec-91df-000c299455db', 'Оққўрғон', 1727206),
(1392, 'b4032c3a-7871-11ec-91df-000c299455db', 'Навбахор', 1727206),
(1393, 'b4032c89-7871-11ec-91df-000c299455db', 'Кургонтош', 1710212),
(1394, 'b4032cd8-7871-11ec-91df-000c299455db', 'Қорасув', 1727206),
(1395, 'b4032d28-7871-11ec-91df-000c299455db', 'Дўстлик', 1727212),
(1396, 'b4032d77-7871-11ec-91df-000c299455db', 'Озодлик', 1727212),
(1397, 'b4032dc6-7871-11ec-91df-000c299455db', 'Бирлик', 1727212),
(1398, 'b4032e16-7871-11ec-91df-000c299455db', 'Телов', 1727212),
(1399, 'b4032e66-7871-11ec-91df-000c299455db', 'Сусам', 1727212),
(1400, 'b4032eb4-7871-11ec-91df-000c299455db', 'Қурама', 1727212),
(1401, 'b4032f03-7871-11ec-91df-000c299455db', 'Чагатой', 1718215),
(1402, 'b4032f52-7871-11ec-91df-000c299455db', 'Юнусобод', 1706215),
(1403, 'b4032fa1-7871-11ec-91df-000c299455db', 'Сармижон', 1706215),
(1404, 'b4032fff-7871-11ec-91df-000c299455db', 'Қурама', 1727212),
(1405, 'b403304e-7871-11ec-91df-000c299455db', 'Маданият', 1708209),
(1406, 'b403309f-7871-11ec-91df-000c299455db', 'Буктарой', 1706215),
(1407, 'b40330f1-7871-11ec-91df-000c299455db', 'Райнобод', 1706215),
(1408, 'b4033140-7871-11ec-91df-000c299455db', 'Увак', 1727212),
(1409, 'b403318f-7871-11ec-91df-000c299455db', 'Қорахони', 1706215),
(1410, 'b40331e0-7871-11ec-91df-000c299455db', 'Ғовшун', 1706215),
(1411, 'b4033231-7871-11ec-91df-000c299455db', 'Қорахитой', 1727212),
(1412, 'b4033284-7871-11ec-91df-000c299455db', 'Кушховуз ', 1718215),
(1413, 'b40332d7-7871-11ec-91df-000c299455db', 'Армичан', 1706215),
(1414, 'b403332a-7871-11ec-91df-000c299455db', 'Соктари', 1706215),
(1415, 'b4033383-7871-11ec-91df-000c299455db', 'Улфатбиби', 1706215),
(1416, 'b40333de-7871-11ec-91df-000c299455db', 'Қипчоқ', 1706212),
(1417, 'b403342e-7871-11ec-91df-000c299455db', 'Янги Қўрғон', 1727220),
(1418, 'b403347e-7871-11ec-91df-000c299455db', 'Позагари', 1706215),
(1419, 'b40334ca-7871-11ec-91df-000c299455db', 'Меҳнатобод', 1706215),
(1420, 'b4033518-7871-11ec-91df-000c299455db', 'Авангард', 1727220),
(1421, 'b4033567-7871-11ec-91df-000c299455db', 'Ипподром', 1706215),
(1422, 'b40335b6-7871-11ec-91df-000c299455db', 'Зарафшон', 1706215),
(1423, 'b4033601-7871-11ec-91df-000c299455db', 'Янгиобод ', 1718215),
(1424, 'b403364f-7871-11ec-91df-000c299455db', 'Улуғбек', 1727220),
(1425, 'b403369e-7871-11ec-91df-000c299455db', 'Хўжалангар-2', 1706215),
(1426, 'b40336ec-7871-11ec-91df-000c299455db', 'Хўжалангар-1', 1706215),
(1427, 'b4033738-7871-11ec-91df-000c299455db', 'Хос', 1727220),
(1428, 'b4033794-7871-11ec-91df-000c299455db', 'Эҳсон', 1706212),
(1429, 'b40337e3-7871-11ec-91df-000c299455db', '1-сон', 1706401),
(1430, 'b4033832-7871-11ec-91df-000c299455db', 'Зафар', 1727224),
(1431, 'b403387e-7871-11ec-91df-000c299455db', '2-сон', 1706401),
(1432, 'b40338cc-7871-11ec-91df-000c299455db', 'Ғалаба', 1727220),
(1433, 'b403391d-7871-11ec-91df-000c299455db', 'Бохористон', 1727220),
(1434, 'b403396b-7871-11ec-91df-000c299455db', 'Ф.Йулдош', 1718206),
(1435, 'b40339b9-7871-11ec-91df-000c299455db', 'Веттабобат', 1718215),
(1436, 'b4033a08-7871-11ec-91df-000c299455db', 'Чаноқ', 1727220),
(1437, 'b4033a55-7871-11ec-91df-000c299455db', 'Қараманас', 1727224),
(1438, 'b4033aa3-7871-11ec-91df-000c299455db', 'Угузравот', 1733204),
(1439, 'b4033aef-7871-11ec-91df-000c299455db', 'Янги Овул', 1727224),
(1440, 'b4033b3e-7871-11ec-91df-000c299455db', 'Кораёнток', 1733204),
(1441, 'b4033b98-7871-11ec-91df-000c299455db', 'Жонбулоқ', 1710207),
(1442, 'b4033be8-7871-11ec-91df-000c299455db', 'Бешқўтан', 1710212),
(1443, 'b4033c37-7871-11ec-91df-000c299455db', 'Дехконбозар', 1733204),
(1444, 'b4033c89-7871-11ec-91df-000c299455db', 'Миришкор', 1733204),
(1445, 'b4033d21-7871-11ec-91df-000c299455db', 'Думалоқ', 1727224),
(1446, 'b4033d74-7871-11ec-91df-000c299455db', 'Муминхужа ', 1718215),
(1447, 'b4033dc2-7871-11ec-91df-000c299455db', 'Бешарик', 1733204),
(1448, 'b4033e10-7871-11ec-91df-000c299455db', 'Хужалик', 1733204),
(1449, 'b4033e5f-7871-11ec-91df-000c299455db', 'Маданият', 1733204),
(1450, 'b4033eae-7871-11ec-91df-000c299455db', 'Найман', 1733204),
(1451, 'b4033efb-7871-11ec-91df-000c299455db', 'Паргос', 1727224),
(1452, 'b4035f45-7871-11ec-91df-000c299455db', 'Кулонкаробог', 1733204),
(1453, 'b4035fc4-7871-11ec-91df-000c299455db', 'Кипчок', 1733204),
(1454, 'b403601a-7871-11ec-91df-000c299455db', 'Т.Худоёров', 1708209),
(1455, 'b403606e-7871-11ec-91df-000c299455db', 'Сойлиқ', 1727224),
(1456, 'b40360c2-7871-11ec-91df-000c299455db', 'Марказ', 1733204),
(1457, 'b4036113-7871-11ec-91df-000c299455db', 'Каттаминг ', 1718215),
(1458, 'b4036164-7871-11ec-91df-000c299455db', 'Чимбойлиқ', 1727224),
(1459, 'b40361b4-7871-11ec-91df-000c299455db', 'Нурафшон', 1733204),
(1460, 'b4036204-7871-11ec-91df-000c299455db', 'Зарбдор', 1733204),
(1461, 'b4036253-7871-11ec-91df-000c299455db', 'Угам', 1727224),
(1462, 'b40362a2-7871-11ec-91df-000c299455db', 'Сахтиен', 1733208),
(1463, 'b403631c-7871-11ec-91df-000c299455db', 'Дадабоев', 1727224),
(1464, 'b403636a-7871-11ec-91df-000c299455db', 'Олга', 1733208),
(1465, 'b40363ba-7871-11ec-91df-000c299455db', 'Боғистон', 1727224),
(1466, 'b403640a-7871-11ec-91df-000c299455db', 'Кумушкент', 1706212),
(1467, 'b4036459-7871-11ec-91df-000c299455db', 'Эшимжирон', 1733208),
(1468, 'b40364a7-7871-11ec-91df-000c299455db', 'Вайрот ', 1718215),
(1469, 'b40364f6-7871-11ec-91df-000c299455db', 'Вазир', 1733208),
(1470, 'b4036545-7871-11ec-91df-000c299455db', 'Бручмулла', 1727224),
(1471, 'b4036593-7871-11ec-91df-000c299455db', 'Ғалаба', 1727224),
(1472, 'b40365e1-7871-11ec-91df-000c299455db', 'Дехканобод', 1733208),
(1473, 'b4036631-7871-11ec-91df-000c299455db', 'Олчин', 1733208),
(1474, 'b4036681-7871-11ec-91df-000c299455db', 'Ровот', 1727228),
(1475, 'b40366de-7871-11ec-91df-000c299455db', 'Хизир-эли', 1733208),
(1476, 'b403672d-7871-11ec-91df-000c299455db', 'Қорақуй', 1727228),
(1477, 'b403677d-7871-11ec-91df-000c299455db', 'Чиғатой', 1727228),
(1478, 'b40367cc-7871-11ec-91df-000c299455db', 'Дашт', 1710224),
(1479, 'b403681b-7871-11ec-91df-000c299455db', 'Мирбозор', 1718218),
(1480, 'b403686a-7871-11ec-91df-000c299455db', 'Дусимбий', 1733208),
(1481, 'b40368bb-7871-11ec-91df-000c299455db', 'Бирлашган', 1733208),
(1482, 'b403690a-7871-11ec-91df-000c299455db', 'Бўка', 1727228),
(1483, 'b4036959-7871-11ec-91df-000c299455db', 'Шанги', 1733208),
(1484, 'b40369a9-7871-11ec-91df-000c299455db', 'Турон', 1727228),
(1485, 'b40369f9-7871-11ec-91df-000c299455db', 'Гулистон', 1733208),
(1486, 'b4036a49-7871-11ec-91df-000c299455db', 'Яйлов', 1727228),
(1487, 'b4036aa8-7871-11ec-91df-000c299455db', 'Байнал', 1733208),
(1488, 'b4036afa-7871-11ec-91df-000c299455db', 'Намуна', 1727228),
(1489, 'b4036b4d-7871-11ec-91df-000c299455db', 'Бўстон', 1727228),
(1490, 'b4036ba1-7871-11ec-91df-000c299455db', 'Юлдуз', 1718218),
(1491, 'b4036bf0-7871-11ec-91df-000c299455db', 'Пирмаст', 1706212),
(1492, 'b4036c3f-7871-11ec-91df-000c299455db', 'Шоликор', 1733208),
(1493, 'b4036c8f-7871-11ec-91df-000c299455db', 'Чинобод', 1733208),
(1494, 'b4036ce0-7871-11ec-91df-000c299455db', 'Майдонтол', 1727233);
INSERT INTO `vet_sites` (`id`, `code`, `name`, `soato`) VALUES
(1495, 'b4036d2e-7871-11ec-91df-000c299455db', 'Марказ', 1733208),
(1496, 'b4036d7b-7871-11ec-91df-000c299455db', 'Қўрғонча', 1727233),
(1497, 'b4036dcb-7871-11ec-91df-000c299455db', 'Гул', 1727233),
(1498, 'b4036e1c-7871-11ec-91df-000c299455db', 'Кетмонтепа', 1727233),
(1499, 'b4036e6a-7871-11ec-91df-000c299455db', 'Янгилик', 1733212),
(1500, 'b4036ec9-7871-11ec-91df-000c299455db', ' Ўбекёп', 1733212),
(1501, 'b4036f1a-7871-11ec-91df-000c299455db', 'Маркент', 1718218),
(1502, 'b4036f69-7871-11ec-91df-000c299455db', 'Ўзбекистон', 1727233),
(1503, 'b4036fb7-7871-11ec-91df-000c299455db', 'Яшнобод', 1710212),
(1504, 'b4037005-7871-11ec-91df-000c299455db', 'Ғозовот', 1733212),
(1505, 'b4037054-7871-11ec-91df-000c299455db', 'Янги Хаёт', 1727233),
(1506, 'b40370a5-7871-11ec-91df-000c299455db', 'Илгалди', 1733212),
(1507, 'b40370f3-7871-11ec-91df-000c299455db', 'Истиқлол', 1727233),
(1508, 'b4037192-7871-11ec-91df-000c299455db', 'Ших', 1733212),
(1509, 'b40371e9-7871-11ec-91df-000c299455db', 'Окдарбанд', 1733212),
(1510, 'b4037239-7871-11ec-91df-000c299455db', 'Тошовул', 1727233),
(1511, 'b4037286-7871-11ec-91df-000c299455db', 'Ўртёп', 1733212),
(1512, 'b40372e4-7871-11ec-91df-000c299455db', 'Корасийрок', 1718218),
(1513, 'b4037336-7871-11ec-91df-000c299455db', 'Хосиён', 1733212),
(1514, 'b4037385-7871-11ec-91df-000c299455db', 'Тошлоқ', 1727233),
(1515, 'b40373d3-7871-11ec-91df-000c299455db', 'Лалмикор', 1708209),
(1516, 'b4037422-7871-11ec-91df-000c299455db', 'Хайрабод', 1733212),
(1517, 'b4037470-7871-11ec-91df-000c299455db', 'Ўзгариш', 1727237),
(1518, 'b40374c0-7871-11ec-91df-000c299455db', 'Хонабод', 1733212),
(1519, 'b403750e-7871-11ec-91df-000c299455db', 'Зангиота', 1727237),
(1520, 'b403755c-7871-11ec-91df-000c299455db', 'Бўзсув', 1727237),
(1521, 'b40375ac-7871-11ec-91df-000c299455db', 'Хадра', 1733212),
(1522, 'b40375fd-7871-11ec-91df-000c299455db', 'Эркин', 1727237),
(1523, 'b403764c-7871-11ec-91df-000c299455db', 'Нугай', 1718218),
(1524, 'b40376a8-7871-11ec-91df-000c299455db', 'Шихмашхад', 1733212),
(1525, 'b40376f8-7871-11ec-91df-000c299455db', 'Кенагас ', 1733212),
(1526, 'b4037747-7871-11ec-91df-000c299455db', 'Котогон', 1733212),
(1527, 'b4037797-7871-11ec-91df-000c299455db', 'Хайрабод', 1706212),
(1528, 'b40377e6-7871-11ec-91df-000c299455db', 'Қатартол', 1727237),
(1529, 'b4037836-7871-11ec-91df-000c299455db', 'Уйғур', 1733212),
(1530, 'b4037885-7871-11ec-91df-000c299455db', 'Амирқум', 1733212),
(1531, 'b40378d3-7871-11ec-91df-000c299455db', 'Шахарча', 1733212),
(1532, 'b4037921-7871-11ec-91df-000c299455db', 'Қатартол', 1727237),
(1533, 'b403796f-7871-11ec-91df-000c299455db', 'Туркистон', 1727237),
(1534, 'b40379bf-7871-11ec-91df-000c299455db', 'Олти-угил', 1718218),
(1535, 'b4037a0f-7871-11ec-91df-000c299455db', 'Назарбек', 1727237),
(1536, 'b4037a5d-7871-11ec-91df-000c299455db', 'Жумабозор', 1727239),
(1537, 'b4037aba-7871-11ec-91df-000c299455db', 'Саксон ота ', 1727239),
(1538, 'b4037b0a-7871-11ec-91df-000c299455db', 'Оқ-овул', 1727239),
(1539, 'b4037b59-7871-11ec-91df-000c299455db', 'Қуйи бешкент', 1710224),
(1540, 'b4037ba8-7871-11ec-91df-000c299455db', 'Истиқбол', 1733217),
(1541, 'b4037bf8-7871-11ec-91df-000c299455db', 'Қорамон', 1733217),
(1542, 'b4037c47-7871-11ec-91df-000c299455db', 'Ийк-ота', 1727239),
(1543, 'b4037c96-7871-11ec-91df-000c299455db', 'Ғайбу', 1733217),
(1544, 'b4037ce5-7871-11ec-91df-000c299455db', 'Жамбул', 1727239),
(1545, 'b9c78487-2f35-48e1-965c-6f2a84243eda', 'Хишрав', 1718401),
(1546, 'cbe316cb-cd98-47a6-9d82-9caf7a6796d5', 'Аэропорт', 1718401),
(1547, 'cfb33522-3859-4818-9c98-30786eec0677', 'Қўқон ш', 1730405),
(1548, 'dd7d8ec1-f94c-4af6-8142-6c3feccf0496', 'Галаба вет участкаси', 1733401),
(1549, 'e309858e-7b1e-4627-89d8-4b245e311556', 'Андижон ш', 1703401),
(1550, 'e6e4d7f2-4e7b-4d13-a749-b10585b56fea', 'Бўзатов тумани', 1735209),
(1551, 'e6f804b8-6564-4947-ac2d-f50494ed59cf', 'Ханабад', 1703408),
(1552, 'ea491fc9-cb0e-4ad7-9563-1dd6aafde7b9', 'Туман маркази вет участкаси', 1710242),
(1553, 'f291bc4b-c35f-45e5-bf79-13d2f97d58f7', 'Бандихон', 1722215),
(1554, 'f388b928-be70-4e02-95b5-54ea4fb924a7', 'Халкабад', 1735212),
(1555, 'f5a9b54c-8aee-44c9-8f08-c95ce1c1f2e1', 'Давлатобод тумани', 1714212),
(1556, 'fbc56d5e-d150-4b93-ae7a-8b5871bb210c', 'Темирйўл', 1718401),
(1557, 'fc9b38e1-6c61-493e-95cf-0cfe7dee6f9c', 'Темирйўл орти', 1718401);

-- --------------------------------------------------------

--
-- Structure for view `district_view`
--
DROP TABLE IF EXISTS `district_view`;

CREATE ALGORITHM=UNDEFINED DEFINER=`root`@`localhost` SQL SECURITY DEFINER VIEW `district_view`  AS SELECT `s`.`MHOBT_cod` AS `MHOBT_cod`, `s`.`region_id` AS `region_id`, `s`.`district_id` AS `district_id`, `s`.`name_lot` AS `name_lot`, `s`.`center_lot` AS `center_lot`, `s`.`name_cyr` AS `name_cyr`, `s`.`center_cyr` AS `center_cyr`, `s`.`name_ru` AS `name_ru`, `s`.`center_ru` AS `center_ru` FROM `soato` AS `s` WHERE `s`.`qfi_id` is null AND `s`.`district_id` is not null;

-- --------------------------------------------------------

--
-- Structure for view `qfi_view`
--
DROP TABLE IF EXISTS `qfi_view`;

CREATE ALGORITHM=UNDEFINED DEFINER=`root`@`localhost` SQL SECURITY DEFINER VIEW `qfi_view`  AS SELECT `s`.`MHOBT_cod` AS `MHOBT_cod`, `s`.`district_id` AS `district_id`, `s`.`region_id` AS `region_id`, `s`.`qfi_id` AS `qfi_id`, `s`.`name_lot` AS `name_lot`, `s`.`center_lot` AS `center_lot`, `s`.`name_cyr` AS `name_cyr`, `s`.`center_cyr` AS `center_cyr`, `s`.`name_ru` AS `name_ru`, `s`.`center_ru` AS `center_ru` FROM `soato` AS `s` WHERE `s`.`qfi_id` is not null ;

-- --------------------------------------------------------

--
-- Structure for view `regions_view`
--
DROP TABLE IF EXISTS `regions_view`;

CREATE ALGORITHM=UNDEFINED DEFINER=`root`@`localhost` SQL SECURITY DEFINER VIEW `regions_view`  AS SELECT `s`.`region_id` AS `region_id`, `s`.`name_lot` AS `name_lot`, `s`.`center_lot` AS `center_lot`, `s`.`name_cyr` AS `name_cyr`, `s`.`center_cyr` AS `center_cyr`, `s`.`name_ru` AS `name_ru`, `s`.`center_ru` AS `center_ru` FROM `soato` AS `s` WHERE `s`.`district_id` is null ;

--
-- Indexes for dumped tables
--

--
-- Indexes for table `animals`
--
ALTER TABLE `animals`
  ADD PRIMARY KEY (`id`),
  ADD KEY `FK_animals_animaltype_id` (`type_id`),
  ADD KEY `FK_animals_vet_site_id` (`vet_site_id`);

--
-- Indexes for table `animaltype`
--
ALTER TABLE `animaltype`
  ADD PRIMARY KEY (`id`);

--
-- Indexes for table `animal_category`
--
ALTER TABLE `animal_category`
  ADD PRIMARY KEY (`id`);

--
-- Indexes for table `animal_status`
--
ALTER TABLE `animal_status`
  ADD PRIMARY KEY (`id`);

--
-- Indexes for table `composite_samples`
--
ALTER TABLE `composite_samples`
  ADD PRIMARY KEY (`sample_id`,`registration_id`),
  ADD KEY `FK_composite_samples_registration_id` (`registration_id`);

--
-- Indexes for table `countres`
--
ALTER TABLE `countres`
  ADD PRIMARY KEY (`code`),
  ADD UNIQUE KEY `uni` (`id`);

--
-- Indexes for table `destruction_sample_animal`
--
ALTER TABLE `destruction_sample_animal`
  ADD PRIMARY KEY (`id`),
  ADD UNIQUE KEY `sample_id` (`sample_id`),
  ADD KEY `FK_destruction_sample_animal_sample_id` (`sample_id`),
  ADD KEY `FK_destruction_sample_animal_creator_id` (`creator_id`),
  ADD KEY `FK_destruction_sample_animal_state_id` (`state_id`),
  ADD KEY `FK_destruction_sample_animal_org_id` (`org_id`);

--
-- Indexes for table `destruction_sample_food`
--
ALTER TABLE `destruction_sample_food`
  ADD PRIMARY KEY (`id`),
  ADD UNIQUE KEY `sample_id` (`sample_id`),
  ADD KEY `FK_destruction_sample_food_sample_id` (`sample_id`),
  ADD KEY `FK_destruction_sample_food_state_id` (`state_id`),
  ADD KEY `FK_destruction_sample_food_org_id` (`org_id`),
  ADD KEY `FK_destruction_sample_food_consept_id` (`consent_id`);

--
-- Indexes for table `diseases`
--
ALTER TABLE `diseases`
  ADD PRIMARY KEY (`id`),
  ADD KEY `FK_diseases` (`group_id`),
  ADD KEY `FK_diseases_disease_category_id` (`category_id`);

--
-- Indexes for table `disease_category`
--
ALTER TABLE `disease_category`
  ADD PRIMARY KEY (`id`);

--
-- Indexes for table `disease_groups`
--
ALTER TABLE `disease_groups`
  ADD PRIMARY KEY (`id`);

--
-- Indexes for table `employees`
--
ALTER TABLE `employees`
  ADD PRIMARY KEY (`id`);

--
-- Indexes for table `employee_passwords_history`
--
ALTER TABLE `employee_passwords_history`
  ADD KEY `FK_employee_passwords_history_employees_id` (`emp_id`);

--
-- Indexes for table `emp_posts`
--
ALTER TABLE `emp_posts`
  ADD PRIMARY KEY (`id`),
  ADD UNIQUE KEY `UK_emp_posts_emp_id` (`emp_id`),
  ADD KEY `FK_emp_posts` (`status_id`),
  ADD KEY `FK_emp_posts2` (`org_id`),
  ADD KEY `FK_emp_posts_post_list_id` (`post_id`),
  ADD KEY `FK_emp_posts_state_list_id` (`state_id`),
  ADD KEY `FK_emp_posts_gov_id` (`gov_id`);

--
-- Indexes for table `emp_posts_history`
--
ALTER TABLE `emp_posts_history`
  ADD KEY `FK_emp_posts_history_emp_posts_emp_id` (`emp_id`),
  ADD KEY `FK_emp_posts_history_organizations_id` (`org_id`),
  ADD KEY `FK_emp_posts_history_post_list_id` (`post_id`),
  ADD KEY `FK_emp_posts_history_state_list_id` (`state_id`),
  ADD KEY `FK_emp_posts_history_status_list_id` (`status_id`);

--
-- Indexes for table `food`
--
ALTER TABLE `food`
  ADD PRIMARY KEY (`id`),
  ADD KEY `FK_food_category_id` (`category_id`);

--
-- Indexes for table `food_category`
--
ALTER TABLE `food_category`
  ADD PRIMARY KEY (`id`);

--
-- Indexes for table `food_compose`
--
ALTER TABLE `food_compose`
  ADD PRIMARY KEY (`id`,`sample_id`,`registration_id`),
  ADD KEY `FK_food_compose_sample_id` (`sample_id`),
  ADD KEY `FK_food_compose_registration_id` (`registration_id`);

--
-- Indexes for table `food_group`
--
ALTER TABLE `food_group`
  ADD PRIMARY KEY (`id`);

--
-- Indexes for table `food_recomendation`
--
ALTER TABLE `food_recomendation`
  ADD PRIMARY KEY (`id`);

--
-- Indexes for table `food_registration`
--
ALTER TABLE `food_registration`
  ADD PRIMARY KEY (`id`),
  ADD KEY `FK_food_registration_organization_id` (`organization_id`),
  ADD KEY `FK_food_registration_research_category_id` (`research_category_id`),
  ADD KEY `FK_food_registration_status_id` (`status_id`);

--
-- Indexes for table `food_route`
--
ALTER TABLE `food_route`
  ADD PRIMARY KEY (`id`),
  ADD UNIQUE KEY `sample_id` (`sample_id`),
  ADD KEY `FK_food_route_director_id` (`director_id`),
  ADD KEY `FK_food_route_leader_id` (`leader_id`),
  ADD KEY `FK_food_route_state_id` (`state_id`),
  ADD KEY `FK_food_route_sample_id` (`sample_id`),
  ADD KEY `FK_food_route_registration_id` (`registration_id`),
  ADD KEY `FK_food_route_status_id` (`status_id`);

--
-- Indexes for table `food_samples`
--
ALTER TABLE `food_samples`
  ADD PRIMARY KEY (`id`),
  ADD KEY `FK_food_samples_sert_id` (`sert_id`),
  ADD KEY `FK_food_samples_unit_id` (`unit_id`),
  ADD KEY `FK_food_samples_sample_box_id` (`sample_box_id`),
  ADD KEY `FK_food_samples_sample_condition_id` (`sample_condition_id`),
  ADD KEY `FK_food_samples_laboratory_test_type_id` (`laboratory_test_type_id`),
  ADD KEY `FK_food_samples_status_id` (`status_id`),
  ADD KEY `FK_food_samples_state_id` (`state_id`),
  ADD KEY `FK_food_samples__country` (`_country`),
  ADD KEY `FK_food_samples_food_id` (`food_id`),
  ADD KEY `FK_food_samples_category_id` (`category_id`);

--
-- Indexes for table `food_sampling_certificate`
--
ALTER TABLE `food_sampling_certificate`
  ADD PRIMARY KEY (`id`),
  ADD KEY `food_sampling_certificate_ibfk_2` (`verification_pupose_id`),
  ADD KEY `food_sampling_certificate_ibfk_3` (`pnfl`),
  ADD KEY `FK_food_sampling_certificate_status_id` (`status_id`),
  ADD KEY `FK_food_sampling_certificate_state_id` (`state_id`);

--
-- Indexes for table `goverments`
--
ALTER TABLE `goverments`
  ADD PRIMARY KEY (`id`,`name_uz`,`name_ru`);

--
-- Indexes for table `individuals`
--
ALTER TABLE `individuals`
  ADD PRIMARY KEY (`pnfl`),
  ADD KEY `FK_individuals_soato_MHOBT_cod` (`soato_id`);

--
-- Indexes for table `laboratory_test_type`
--
ALTER TABLE `laboratory_test_type`
  ADD PRIMARY KEY (`id`);

--
-- Indexes for table `legal_entities`
--
ALTER TABLE `legal_entities`
  ADD PRIMARY KEY (`inn`),
  ADD KEY `FK_legal_entities_tshx` (`tshx_id`),
  ADD KEY `FK_legal_entities_soato_MHOBT_cod` (`soato_id`);

--
-- Indexes for table `message`
--
ALTER TABLE `message`
  ADD PRIMARY KEY (`id`,`language`),
  ADD KEY `idx_message_language` (`language`);

--
-- Indexes for table `migration`
--
ALTER TABLE `migration`
  ADD PRIMARY KEY (`version`);

--
-- Indexes for table `organizations`
--
ALTER TABLE `organizations`
  ADD PRIMARY KEY (`id`),
  ADD UNIQUE KEY `TIN` (`TIN`),
  ADD KEY `FK_organizations_type_id` (`type_id`);

--
-- Indexes for table `organization_type`
--
ALTER TABLE `organization_type`
  ADD PRIMARY KEY (`id`);

--
-- Indexes for table `post_list`
--
ALTER TABLE `post_list`
  ADD PRIMARY KEY (`id`),
  ADD KEY `FK_post_list_roles_id` (`def_role`);

--
-- Indexes for table `regulations`
--
ALTER TABLE `regulations`
  ADD PRIMARY KEY (`id`),
  ADD KEY `FK_Regulations_creator_id` (`creator_id`),
  ADD KEY `FK_regulations_status` (`status`),
  ADD KEY `FK_regulations_type_id` (`type_id`);

--
-- Indexes for table `regulation_types`
--
ALTER TABLE `regulation_types`
  ADD PRIMARY KEY (`id`);

--
-- Indexes for table `report_animal`
--
ALTER TABLE `report_animal`
  ADD PRIMARY KEY (`id`),
  ADD KEY `FK_report_animal_type_id` (`type_id`),
  ADD KEY `FK_report_animal_report_status_id` (`report_status_id`),
  ADD KEY `FK_report_animal_status_id` (`cat_id`),
  ADD KEY `FK_report_animal_soato_id` (`soato_id`);

--
-- Indexes for table `report_animal_images`
--
ALTER TABLE `report_animal_images`
  ADD PRIMARY KEY (`id`);

--
-- Indexes for table `report_drugs`
--
ALTER TABLE `report_drugs`
  ADD PRIMARY KEY (`id`),
  ADD KEY `FK_report_drugs_cat_id` (`cat_id`),
  ADD KEY `FK_report_drugs_type_id` (`type_id`),
  ADD KEY `FK_report_drugs_soato_id` (`soato_id`),
  ADD KEY `FK_report_drugs_status_id` (`status_id`);

--
-- Indexes for table `report_drug_images`
--
ALTER TABLE `report_drug_images`
  ADD PRIMARY KEY (`id`);

--
-- Indexes for table `report_drug_type`
--
ALTER TABLE `report_drug_type`
  ADD PRIMARY KEY (`id`);

--
-- Indexes for table `report_food`
--
ALTER TABLE `report_food`
  ADD PRIMARY KEY (`id`),
  ADD KEY `FK_report_food_cat_id` (`cat_id`),
  ADD KEY `FK_report_food_soato_id` (`soato_id`),
  ADD KEY `FK_report_food_status_id` (`status_id`),
  ADD KEY `food_id` (`food_id`);

--
-- Indexes for table `report_food_category`
--
ALTER TABLE `report_food_category`
  ADD PRIMARY KEY (`id`);

--
-- Indexes for table `report_food_images`
--
ALTER TABLE `report_food_images`
  ADD PRIMARY KEY (`id`),
  ADD KEY `FK_report_food_images_report_id` (`report_id`);

--
-- Indexes for table `report_status`
--
ALTER TABLE `report_status`
  ADD PRIMARY KEY (`id`);

--
-- Indexes for table `requirements`
--
ALTER TABLE `requirements`
  ADD PRIMARY KEY (`id`);

--
-- Indexes for table `research_category`
--
ALTER TABLE `research_category`
  ADD PRIMARY KEY (`id`);

--
-- Indexes for table `results_conformity`
--
ALTER TABLE `results_conformity`
  ADD PRIMARY KEY (`id`),
  ADD KEY `organization_id` (`organization_id`);

--
-- Indexes for table `result_animal`
--
ALTER TABLE `result_animal`
  ADD PRIMARY KEY (`id`),
  ADD UNIQUE KEY `sample_id` (`sample_id`),
  ADD KEY `FK_result_animal_sample_id` (`sample_id`),
  ADD KEY `FK_result_animal_state_id` (`state_id`);

--
-- Indexes for table `result_animal_conditions`
--
ALTER TABLE `result_animal_conditions`
  ADD PRIMARY KEY (`result_id`,`creator_id`,`sample_id`),
  ADD KEY `FK_result_animal_conditions_sample_id` (`sample_id`),
  ADD KEY `FK_result_animal_conditions_creator_id` (`creator_id`),
  ADD KEY `FK_result_animal_conditions_is_another` (`is_another`);

--
-- Indexes for table `result_animal_tests`
--
ALTER TABLE `result_animal_tests`
  ADD PRIMARY KEY (`route_id`,`result_id`,`template_id`),
  ADD KEY `FK_result_animal_tests_type_id` (`type_id`),
  ADD KEY `FK_result_animal_tests_change_unit_id` (`change_unit_id`),
  ADD KEY `FK_result_animal_tests_template_id` (`template_id`),
  ADD KEY `FK_result_animal_tests_result_id` (`result_id`);

--
-- Indexes for table `result_food`
--
ALTER TABLE `result_food`
  ADD PRIMARY KEY (`id`),
  ADD UNIQUE KEY `sample_id` (`sample_id`),
  ADD KEY `FK_result_food_sample_id` (`sample_id`),
  ADD KEY `FK_result_food_state_id` (`state_id`),
  ADD KEY `FK_result_food_org_id` (`org_id`);

--
-- Indexes for table `result_food_tests`
--
ALTER TABLE `result_food_tests`
  ADD PRIMARY KEY (`id`),
  ADD KEY `FK_result_food_tests_type_id` (`type_id`),
  ADD KEY `FK_result_food_tests_result_id` (`result_id`),
  ADD KEY `FK_result_food_tests_template_id` (`template_id`),
  ADD KEY `FK_result_food_tests_change_unit_id` (`change_unit_id`);

--
-- Indexes for table `result_type`
--
ALTER TABLE `result_type`
  ADD PRIMARY KEY (`id`);

--
-- Indexes for table `roles`
--
ALTER TABLE `roles`
  ADD PRIMARY KEY (`id`);

--
-- Indexes for table `route_sert`
--
ALTER TABLE `route_sert`
  ADD PRIMARY KEY (`id`),
  ADD KEY `FK_route_sert_status_id` (`state_id`),
  ADD KEY `FK_route_sert_reciever_id` (`leader_id`),
  ADD KEY `FK_route_sert_sender_id` (`director_id`),
  ADD KEY `FK_route_sert_sample_id2` (`sample_id`),
  ADD KEY `FK_route_sert_registration_id` (`registration_id`),
  ADD KEY `FK_route_sert_status_id2` (`status_id`),
  ADD KEY `sample_id` (`sample_id`);

--
-- Indexes for table `route_status`
--
ALTER TABLE `route_status`
  ADD PRIMARY KEY (`id`);

--
-- Indexes for table `samples`
--
ALTER TABLE `samples`
  ADD PRIMARY KEY (`id`),
  ADD KEY `FK_samples_animals_id` (`animal_id`),
  ADD KEY `FK_samples_sample_boxes_id` (`sample_box_id`),
  ADD KEY `FK_samples_sample_types_id` (`sample_type_is`),
  ADD KEY `FK_samples_suspected_disease_id` (`suspected_disease_id`),
  ADD KEY `FK_samples_test_mehod_id` (`test_mehod_id`),
  ADD KEY `FK_samples_sert_id` (`sert_id`);

--
-- Indexes for table `sample_boxes`
--
ALTER TABLE `sample_boxes`
  ADD PRIMARY KEY (`id`,`name_uz`,`name_ru`),
  ADD UNIQUE KEY `UK_sample_boxes_id` (`id`);

--
-- Indexes for table `sample_conditions`
--
ALTER TABLE `sample_conditions`
  ADD PRIMARY KEY (`id`);

--
-- Indexes for table `sample_recomendation`
--
ALTER TABLE `sample_recomendation`
  ADD PRIMARY KEY (`id`);

--
-- Indexes for table `sample_registration`
--
ALTER TABLE `sample_registration`
  ADD PRIMARY KEY (`id`),
  ADD KEY `FK_sample_registration_samples_id` (`emp_id`),
  ADD KEY `FK_sample_registration_organizations_id` (`organization_id`),
  ADD KEY `FK_sample_registration_research_category` (`research_category_id`),
  ADD KEY `FK_sample_registration_status_id` (`status_id`);

--
-- Indexes for table `sample_status`
--
ALTER TABLE `sample_status`
  ADD PRIMARY KEY (`id`);

--
-- Indexes for table `sample_types`
--
ALTER TABLE `sample_types`
  ADD PRIMARY KEY (`id`,`name_uz`,`name_ru`),
  ADD UNIQUE KEY `UK_sample_types_id` (`id`);

--
-- Indexes for table `sertificates`
--
ALTER TABLE `sertificates`
  ADD PRIMARY KEY (`id`),
  ADD KEY `FK_sertificates_vet_site_id` (`vet_site_id`),
  ADD KEY `FK_sertificates_status_id` (`status_id`),
  ADD KEY `FK_sertificates_state_id` (`state_id`);

--
-- Indexes for table `sert_normatives`
--
ALTER TABLE `sert_normatives`
  ADD PRIMARY KEY (`id`);

--
-- Indexes for table `sert_status`
--
ALTER TABLE `sert_status`
  ADD PRIMARY KEY (`id`);

--
-- Indexes for table `soato`
--
ALTER TABLE `soato`
  ADD PRIMARY KEY (`MHOBT_cod`);

--
-- Indexes for table `source_message`
--
ALTER TABLE `source_message`
  ADD PRIMARY KEY (`id`),
  ADD KEY `idx_source_message_category` (`category`);

--
-- Indexes for table `state_list`
--
ALTER TABLE `state_list`
  ADD PRIMARY KEY (`id`);

--
-- Indexes for table `status_list`
--
ALTER TABLE `status_list`
  ADD PRIMARY KEY (`id`);

--
-- Indexes for table `tamplate_animal`
--
ALTER TABLE `tamplate_animal`
  ADD PRIMARY KEY (`id`),
  ADD KEY `FK_tamplate_animal_unit_id` (`unit_id`),
  ADD KEY `FK_tamplate_animal_test_method_id` (`test_method_id`),
  ADD KEY `FK_tamplate_animal_diseases_id` (`diseases_id`),
  ADD KEY `FK_tamplate_animal_state_id` (`state_id`);

--
-- Indexes for table `template_animal_regulations`
--
ALTER TABLE `template_animal_regulations`
  ADD PRIMARY KEY (`regulation_id`,`template_id`),
  ADD KEY `FK_template_animal_regulations_template_id` (`template_id`),
  ADD KEY `FK_template_animal_regulations_state_id` (`state_id`);

--
-- Indexes for table `template_animal_types`
--
ALTER TABLE `template_animal_types`
  ADD PRIMARY KEY (`template_id`,`type_id`),
  ADD KEY `FK_template_animal_types_animal_id` (`type_id`);

--
-- Indexes for table `template_food`
--
ALTER TABLE `template_food`
  ADD PRIMARY KEY (`id`),
  ADD KEY `FK_template_food_category_id` (`category_id`),
  ADD KEY `FK_template_food_food_id` (`food_id`),
  ADD KEY `FK_template_food_unit_id` (`unit_id`),
  ADD KEY `FK_template_food_group_id` (`group_id`);

--
-- Indexes for table `template_food_regulations`
--
ALTER TABLE `template_food_regulations`
  ADD PRIMARY KEY (`regulation_id`,`template_id`);

--
-- Indexes for table `template_samples`
--
ALTER TABLE `template_samples`
  ADD PRIMARY KEY (`type_id`,`template_id`),
  ADD KEY `FK_template_samples_template_id` (`template_id`);

--
-- Indexes for table `template_unit`
--
ALTER TABLE `template_unit`
  ADD PRIMARY KEY (`id`),
  ADD KEY `FK_template_unit_type_id` (`type_id`);

--
-- Indexes for table `template_unit_type`
--
ALTER TABLE `template_unit_type`
  ADD PRIMARY KEY (`id`);

--
-- Indexes for table `test_method`
--
ALTER TABLE `test_method`
  ADD PRIMARY KEY (`id`,`name_uz`,`name_ru`),
  ADD UNIQUE KEY `UK_test_method_id` (`id`),
  ADD KEY `FK_test_method_status_list_id` (`state`);

--
-- Indexes for table `test_types`
--
ALTER TABLE `test_types`
  ADD PRIMARY KEY (`id`,`name_uz`,`name_ru`);

--
-- Indexes for table `tshx`
--
ALTER TABLE `tshx`
  ADD PRIMARY KEY (`id`);

--
-- Indexes for table `units`
--
ALTER TABLE `units`
  ADD PRIMARY KEY (`id`);

--
-- Indexes for table `vaccination`
--
ALTER TABLE `vaccination`
  ADD KEY `FK_vaccination_animals_id` (`animal_id`),
  ADD KEY `FK_vaccination_diseases_id` (`disease_id`);

--
-- Indexes for table `vaccines`
--
ALTER TABLE `vaccines`
  ADD PRIMARY KEY (`id`);

--
-- Indexes for table `verification_purposes`
--
ALTER TABLE `verification_purposes`
  ADD PRIMARY KEY (`id`);

--
-- Indexes for table `vet_sites`
--
ALTER TABLE `vet_sites`
  ADD PRIMARY KEY (`id`),
  ADD KEY `FK_vet_sites_soato_MHOBT_cod` (`soato`);

--
-- AUTO_INCREMENT for dumped tables
--

--
-- AUTO_INCREMENT for table `animals`
--
ALTER TABLE `animals`
  MODIFY `id` int(11) NOT NULL AUTO_INCREMENT, AUTO_INCREMENT=167;

--
-- AUTO_INCREMENT for table `animal_status`
--
ALTER TABLE `animal_status`
  MODIFY `id` int(11) NOT NULL AUTO_INCREMENT;

--
-- AUTO_INCREMENT for table `countres`
--
ALTER TABLE `countres`
  MODIFY `id` int(11) NOT NULL AUTO_INCREMENT, AUTO_INCREMENT=201;

--
-- AUTO_INCREMENT for table `destruction_sample_animal`
--
ALTER TABLE `destruction_sample_animal`
  MODIFY `id` int(11) NOT NULL AUTO_INCREMENT;

--
-- AUTO_INCREMENT for table `destruction_sample_food`
--
ALTER TABLE `destruction_sample_food`
  MODIFY `id` int(11) NOT NULL AUTO_INCREMENT;

--
-- AUTO_INCREMENT for table `diseases`
--
ALTER TABLE `diseases`
  MODIFY `id` int(11) NOT NULL AUTO_INCREMENT, AUTO_INCREMENT=136;

--
-- AUTO_INCREMENT for table `employees`
--
ALTER TABLE `employees`
  MODIFY `id` int(11) NOT NULL AUTO_INCREMENT, AUTO_INCREMENT=57;

--
-- AUTO_INCREMENT for table `emp_posts`
--
ALTER TABLE `emp_posts`
  MODIFY `id` int(11) NOT NULL AUTO_INCREMENT, AUTO_INCREMENT=61;

--
-- AUTO_INCREMENT for table `food`
--
ALTER TABLE `food`
  MODIFY `id` int(11) NOT NULL AUTO_INCREMENT, AUTO_INCREMENT=78;

--
-- AUTO_INCREMENT for table `food_category`
--
ALTER TABLE `food_category`
  MODIFY `id` int(11) NOT NULL AUTO_INCREMENT, AUTO_INCREMENT=10;

--
-- AUTO_INCREMENT for table `food_compose`
--
ALTER TABLE `food_compose`
  MODIFY `id` int(11) NOT NULL AUTO_INCREMENT;

--
-- AUTO_INCREMENT for table `food_group`
--
ALTER TABLE `food_group`
  MODIFY `id` int(11) NOT NULL AUTO_INCREMENT, AUTO_INCREMENT=17;

--
-- AUTO_INCREMENT for table `food_recomendation`
--
ALTER TABLE `food_recomendation`
  MODIFY `id` int(11) NOT NULL AUTO_INCREMENT;

--
-- AUTO_INCREMENT for table `food_registration`
--
ALTER TABLE `food_registration`
  MODIFY `id` int(11) NOT NULL AUTO_INCREMENT, AUTO_INCREMENT=46;

--
-- AUTO_INCREMENT for table `food_route`
--
ALTER TABLE `food_route`
  MODIFY `id` int(11) NOT NULL AUTO_INCREMENT, AUTO_INCREMENT=36;

--
-- AUTO_INCREMENT for table `food_samples`
--
ALTER TABLE `food_samples`
  MODIFY `id` int(11) NOT NULL AUTO_INCREMENT, AUTO_INCREMENT=79;

--
-- AUTO_INCREMENT for table `food_sampling_certificate`
--
ALTER TABLE `food_sampling_certificate`
  MODIFY `id` int(11) NOT NULL AUTO_INCREMENT, AUTO_INCREMENT=52;

--
-- AUTO_INCREMENT for table `organizations`
--
ALTER TABLE `organizations`
  MODIFY `id` int(11) NOT NULL AUTO_INCREMENT, AUTO_INCREMENT=8;

--
-- AUTO_INCREMENT for table `organization_type`
--
ALTER TABLE `organization_type`
  MODIFY `id` int(11) NOT NULL AUTO_INCREMENT, AUTO_INCREMENT=7;

--
-- AUTO_INCREMENT for table `post_list`
--
ALTER TABLE `post_list`
  MODIFY `id` int(11) NOT NULL AUTO_INCREMENT, AUTO_INCREMENT=10;

--
-- AUTO_INCREMENT for table `regulations`
--
ALTER TABLE `regulations`
  MODIFY `id` int(11) NOT NULL AUTO_INCREMENT, AUTO_INCREMENT=45;

--
-- AUTO_INCREMENT for table `regulation_types`
--
ALTER TABLE `regulation_types`
  MODIFY `id` int(11) NOT NULL AUTO_INCREMENT, AUTO_INCREMENT=3;

--
-- AUTO_INCREMENT for table `report_animal`
--
ALTER TABLE `report_animal`
  MODIFY `id` int(11) NOT NULL AUTO_INCREMENT, AUTO_INCREMENT=16;

--
-- AUTO_INCREMENT for table `report_animal_images`
--
ALTER TABLE `report_animal_images`
  MODIFY `id` int(11) NOT NULL AUTO_INCREMENT, AUTO_INCREMENT=8;

--
-- AUTO_INCREMENT for table `report_drugs`
--
ALTER TABLE `report_drugs`
  MODIFY `id` int(11) NOT NULL AUTO_INCREMENT, AUTO_INCREMENT=4;

--
-- AUTO_INCREMENT for table `report_drug_images`
--
ALTER TABLE `report_drug_images`
  MODIFY `id` int(11) NOT NULL AUTO_INCREMENT, AUTO_INCREMENT=7;

--
-- AUTO_INCREMENT for table `report_drug_type`
--
ALTER TABLE `report_drug_type`
  MODIFY `id` int(11) NOT NULL AUTO_INCREMENT, AUTO_INCREMENT=3;

--
-- AUTO_INCREMENT for table `report_food`
--
ALTER TABLE `report_food`
  MODIFY `id` int(11) NOT NULL AUTO_INCREMENT, AUTO_INCREMENT=8;

--
-- AUTO_INCREMENT for table `report_food_category`
--
ALTER TABLE `report_food_category`
  MODIFY `id` int(11) NOT NULL AUTO_INCREMENT, AUTO_INCREMENT=4;

--
-- AUTO_INCREMENT for table `report_food_images`
--
ALTER TABLE `report_food_images`
  MODIFY `id` int(11) NOT NULL AUTO_INCREMENT, AUTO_INCREMENT=9;

--
-- AUTO_INCREMENT for table `report_status`
--
ALTER TABLE `report_status`
  MODIFY `id` int(11) NOT NULL AUTO_INCREMENT, AUTO_INCREMENT=4;

--
-- AUTO_INCREMENT for table `requirements`
--
ALTER TABLE `requirements`
  MODIFY `id` int(11) NOT NULL AUTO_INCREMENT, AUTO_INCREMENT=3;

--
-- AUTO_INCREMENT for table `research_category`
--
ALTER TABLE `research_category`
  MODIFY `id` int(11) NOT NULL AUTO_INCREMENT, AUTO_INCREMENT=3;

--
-- AUTO_INCREMENT for table `results_conformity`
--
ALTER TABLE `results_conformity`
  MODIFY `id` int(11) NOT NULL AUTO_INCREMENT, AUTO_INCREMENT=3;

--
-- AUTO_INCREMENT for table `result_animal`
--
ALTER TABLE `result_animal`
  MODIFY `id` int(11) NOT NULL AUTO_INCREMENT, AUTO_INCREMENT=94;

--
-- AUTO_INCREMENT for table `result_food`
--
ALTER TABLE `result_food`
  MODIFY `id` int(11) NOT NULL AUTO_INCREMENT, AUTO_INCREMENT=51;

--
-- AUTO_INCREMENT for table `result_food_tests`
--
ALTER TABLE `result_food_tests`
  MODIFY `id` int(11) NOT NULL AUTO_INCREMENT;

--
-- AUTO_INCREMENT for table `result_type`
--
ALTER TABLE `result_type`
  MODIFY `id` int(11) NOT NULL AUTO_INCREMENT, AUTO_INCREMENT=3;

--
-- AUTO_INCREMENT for table `roles`
--
ALTER TABLE `roles`
  MODIFY `id` int(11) NOT NULL AUTO_INCREMENT, AUTO_INCREMENT=9;

--
-- AUTO_INCREMENT for table `route_sert`
--
ALTER TABLE `route_sert`
  MODIFY `id` int(11) NOT NULL AUTO_INCREMENT, AUTO_INCREMENT=91;

--
-- AUTO_INCREMENT for table `route_status`
--
ALTER TABLE `route_status`
  MODIFY `id` int(11) NOT NULL AUTO_INCREMENT, AUTO_INCREMENT=7;

--
-- AUTO_INCREMENT for table `samples`
--
ALTER TABLE `samples`
  MODIFY `id` int(11) NOT NULL AUTO_INCREMENT, AUTO_INCREMENT=153;

--
-- AUTO_INCREMENT for table `sample_conditions`
--
ALTER TABLE `sample_conditions`
  MODIFY `id` int(11) NOT NULL AUTO_INCREMENT, AUTO_INCREMENT=5;

--
-- AUTO_INCREMENT for table `sample_recomendation`
--
ALTER TABLE `sample_recomendation`
  MODIFY `id` int(11) NOT NULL AUTO_INCREMENT;

--
-- AUTO_INCREMENT for table `sample_registration`
--
ALTER TABLE `sample_registration`
  MODIFY `id` int(11) NOT NULL AUTO_INCREMENT, AUTO_INCREMENT=83;

--
-- AUTO_INCREMENT for table `sample_status`
--
ALTER TABLE `sample_status`
  MODIFY `id` int(11) NOT NULL AUTO_INCREMENT, AUTO_INCREMENT=4;

--
-- AUTO_INCREMENT for table `sertificates`
--
ALTER TABLE `sertificates`
  MODIFY `id` int(11) NOT NULL AUTO_INCREMENT, AUTO_INCREMENT=157;

--
-- AUTO_INCREMENT for table `sert_normatives`
--
ALTER TABLE `sert_normatives`
  MODIFY `id` int(11) NOT NULL AUTO_INCREMENT, AUTO_INCREMENT=2;

--
-- AUTO_INCREMENT for table `sert_status`
--
ALTER TABLE `sert_status`
  MODIFY `id` int(11) NOT NULL AUTO_INCREMENT, AUTO_INCREMENT=8;

--
-- AUTO_INCREMENT for table `source_message`
--
ALTER TABLE `source_message`
  MODIFY `id` int(11) NOT NULL AUTO_INCREMENT, AUTO_INCREMENT=1533;

--
-- AUTO_INCREMENT for table `state_list`
--
ALTER TABLE `state_list`
  MODIFY `id` int(11) NOT NULL AUTO_INCREMENT, AUTO_INCREMENT=4;

--
-- AUTO_INCREMENT for table `status_list`
--
ALTER TABLE `status_list`
  MODIFY `id` int(11) NOT NULL AUTO_INCREMENT, AUTO_INCREMENT=3;

--
-- AUTO_INCREMENT for table `tamplate_animal`
--
ALTER TABLE `tamplate_animal`
  MODIFY `id` int(11) NOT NULL AUTO_INCREMENT, AUTO_INCREMENT=662;

--
-- AUTO_INCREMENT for table `template_food`
--
ALTER TABLE `template_food`
  MODIFY `id` int(11) NOT NULL AUTO_INCREMENT, AUTO_INCREMENT=999;

--
-- AUTO_INCREMENT for table `template_unit`
--
ALTER TABLE `template_unit`
  MODIFY `id` int(11) NOT NULL AUTO_INCREMENT, AUTO_INCREMENT=24;

--
-- AUTO_INCREMENT for table `template_unit_type`
--
ALTER TABLE `template_unit_type`
  MODIFY `id` int(11) NOT NULL AUTO_INCREMENT, AUTO_INCREMENT=6;

--
-- AUTO_INCREMENT for table `units`
--
ALTER TABLE `units`
  MODIFY `id` int(11) NOT NULL AUTO_INCREMENT, AUTO_INCREMENT=6;

--
-- AUTO_INCREMENT for table `vaccines`
--
ALTER TABLE `vaccines`
  MODIFY `id` int(11) NOT NULL AUTO_INCREMENT;

--
-- AUTO_INCREMENT for table `vet_sites`
--
ALTER TABLE `vet_sites`
  MODIFY `id` int(11) NOT NULL AUTO_INCREMENT, AUTO_INCREMENT=1558;

--
-- Constraints for dumped tables
--

--
-- Constraints for table `animals`
--
ALTER TABLE `animals`
  ADD CONSTRAINT `FK_animals_animaltype_id` FOREIGN KEY (`type_id`) REFERENCES `animaltype` (`id`) ON DELETE NO ACTION ON UPDATE NO ACTION,
  ADD CONSTRAINT `FK_animals_vet_site_id` FOREIGN KEY (`vet_site_id`) REFERENCES `vet_sites` (`id`) ON DELETE NO ACTION;

--
-- Constraints for table `composite_samples`
--
ALTER TABLE `composite_samples`
  ADD CONSTRAINT `FK_composite_samples_registration_id` FOREIGN KEY (`registration_id`) REFERENCES `sample_registration` (`id`) ON DELETE NO ACTION ON UPDATE NO ACTION,
  ADD CONSTRAINT `FK_composite_samples_samples_id` FOREIGN KEY (`sample_id`) REFERENCES `samples` (`id`) ON DELETE NO ACTION ON UPDATE NO ACTION;

--
-- Constraints for table `destruction_sample_animal`
--
ALTER TABLE `destruction_sample_animal`
  ADD CONSTRAINT `FK_destruction_sample_animal_creator_id` FOREIGN KEY (`creator_id`) REFERENCES `employees` (`id`) ON DELETE NO ACTION ON UPDATE NO ACTION,
  ADD CONSTRAINT `FK_destruction_sample_animal_org_id` FOREIGN KEY (`org_id`) REFERENCES `organizations` (`id`) ON DELETE NO ACTION ON UPDATE NO ACTION,
  ADD CONSTRAINT `FK_destruction_sample_animal_sample_id` FOREIGN KEY (`sample_id`) REFERENCES `samples` (`id`) ON DELETE NO ACTION ON UPDATE NO ACTION,
  ADD CONSTRAINT `FK_destruction_sample_animal_state_id` FOREIGN KEY (`state_id`) REFERENCES `state_list` (`id`) ON DELETE NO ACTION ON UPDATE NO ACTION;

--
-- Constraints for table `destruction_sample_food`
--
ALTER TABLE `destruction_sample_food`
  ADD CONSTRAINT `FK_destruction_sample_food_consept_id` FOREIGN KEY (`consent_id`) REFERENCES `employees` (`id`) ON DELETE NO ACTION,
  ADD CONSTRAINT `FK_destruction_sample_food_org_id` FOREIGN KEY (`org_id`) REFERENCES `organizations` (`id`) ON DELETE NO ACTION ON UPDATE NO ACTION,
  ADD CONSTRAINT `FK_destruction_sample_food_sample_id` FOREIGN KEY (`sample_id`) REFERENCES `food_samples` (`id`) ON DELETE NO ACTION ON UPDATE NO ACTION,
  ADD CONSTRAINT `FK_destruction_sample_food_state_id` FOREIGN KEY (`state_id`) REFERENCES `state_list` (`id`) ON DELETE NO ACTION;

--
-- Constraints for table `diseases`
--
ALTER TABLE `diseases`
  ADD CONSTRAINT `FK_diseases` FOREIGN KEY (`group_id`) REFERENCES `disease_groups` (`id`) ON DELETE NO ACTION ON UPDATE NO ACTION,
  ADD CONSTRAINT `FK_diseases_disease_category_id` FOREIGN KEY (`category_id`) REFERENCES `disease_category` (`id`) ON DELETE NO ACTION ON UPDATE NO ACTION;

--
-- Constraints for table `employee_passwords_history`
--
ALTER TABLE `employee_passwords_history`
  ADD CONSTRAINT `FK_employee_passwords_history_employees_id` FOREIGN KEY (`emp_id`) REFERENCES `employees` (`id`) ON DELETE NO ACTION ON UPDATE NO ACTION;

--
-- Constraints for table `emp_posts`
--
ALTER TABLE `emp_posts`
  ADD CONSTRAINT `FK_emp_posts` FOREIGN KEY (`status_id`) REFERENCES `status_list` (`id`) ON DELETE NO ACTION ON UPDATE NO ACTION,
  ADD CONSTRAINT `FK_emp_posts2` FOREIGN KEY (`org_id`) REFERENCES `organizations` (`id`) ON DELETE NO ACTION ON UPDATE NO ACTION,
  ADD CONSTRAINT `FK_emp_posts_gov_id` FOREIGN KEY (`gov_id`) REFERENCES `goverments` (`id`) ON DELETE NO ACTION ON UPDATE NO ACTION,
  ADD CONSTRAINT `FK_emp_posts_post_list_id` FOREIGN KEY (`post_id`) REFERENCES `post_list` (`id`) ON DELETE NO ACTION ON UPDATE NO ACTION,
  ADD CONSTRAINT `FK_emp_posts_state_list_id` FOREIGN KEY (`state_id`) REFERENCES `state_list` (`id`) ON DELETE NO ACTION ON UPDATE NO ACTION,
  ADD CONSTRAINT `FK_emp_roles_employees_id` FOREIGN KEY (`emp_id`) REFERENCES `employees` (`id`) ON DELETE NO ACTION ON UPDATE NO ACTION;

--
-- Constraints for table `emp_posts_history`
--
ALTER TABLE `emp_posts_history`
  ADD CONSTRAINT `FK_emp_posts_history_emp_posts_emp_id` FOREIGN KEY (`emp_id`) REFERENCES `emp_posts` (`emp_id`) ON DELETE NO ACTION ON UPDATE NO ACTION,
  ADD CONSTRAINT `FK_emp_posts_history_organizations_id` FOREIGN KEY (`org_id`) REFERENCES `organizations` (`id`) ON DELETE NO ACTION ON UPDATE NO ACTION,
  ADD CONSTRAINT `FK_emp_posts_history_post_list_id` FOREIGN KEY (`post_id`) REFERENCES `post_list` (`id`) ON DELETE NO ACTION ON UPDATE NO ACTION,
  ADD CONSTRAINT `FK_emp_posts_history_state_list_id` FOREIGN KEY (`state_id`) REFERENCES `state_list` (`id`) ON DELETE NO ACTION ON UPDATE NO ACTION,
  ADD CONSTRAINT `FK_emp_posts_history_status_list_id` FOREIGN KEY (`status_id`) REFERENCES `status_list` (`id`) ON DELETE NO ACTION ON UPDATE NO ACTION;

--
-- Constraints for table `food`
--
ALTER TABLE `food`
  ADD CONSTRAINT `FK_food_category_id` FOREIGN KEY (`category_id`) REFERENCES `food_category` (`id`) ON DELETE NO ACTION ON UPDATE NO ACTION;

--
-- Constraints for table `food_compose`
--
ALTER TABLE `food_compose`
  ADD CONSTRAINT `FK_food_compose_registration_id` FOREIGN KEY (`registration_id`) REFERENCES `food_registration` (`id`) ON DELETE NO ACTION ON UPDATE NO ACTION,
  ADD CONSTRAINT `FK_food_compose_sample_id` FOREIGN KEY (`sample_id`) REFERENCES `food_samples` (`id`) ON DELETE NO ACTION ON UPDATE NO ACTION;

--
-- Constraints for table `food_registration`
--
ALTER TABLE `food_registration`
  ADD CONSTRAINT `FK_food_registration_organization_id` FOREIGN KEY (`organization_id`) REFERENCES `organizations` (`id`) ON DELETE NO ACTION ON UPDATE NO ACTION,
  ADD CONSTRAINT `FK_food_registration_research_category_id` FOREIGN KEY (`research_category_id`) REFERENCES `research_category` (`id`) ON DELETE NO ACTION ON UPDATE NO ACTION,
  ADD CONSTRAINT `FK_food_registration_status_id` FOREIGN KEY (`status_id`) REFERENCES `sert_status` (`id`) ON DELETE NO ACTION ON UPDATE NO ACTION;

--
-- Constraints for table `food_route`
--
ALTER TABLE `food_route`
  ADD CONSTRAINT `FK_food_route_director_id` FOREIGN KEY (`director_id`) REFERENCES `employees` (`id`) ON DELETE NO ACTION ON UPDATE NO ACTION,
  ADD CONSTRAINT `FK_food_route_leader_id` FOREIGN KEY (`leader_id`) REFERENCES `employees` (`id`) ON DELETE NO ACTION ON UPDATE NO ACTION,
  ADD CONSTRAINT `FK_food_route_registration_id` FOREIGN KEY (`registration_id`) REFERENCES `food_registration` (`id`) ON DELETE NO ACTION ON UPDATE NO ACTION,
  ADD CONSTRAINT `FK_food_route_sample_id` FOREIGN KEY (`sample_id`) REFERENCES `food_samples` (`id`) ON DELETE NO ACTION ON UPDATE NO ACTION,
  ADD CONSTRAINT `FK_food_route_state_id` FOREIGN KEY (`state_id`) REFERENCES `state_list` (`id`) ON DELETE NO ACTION ON UPDATE NO ACTION,
  ADD CONSTRAINT `FK_food_route_status_id` FOREIGN KEY (`status_id`) REFERENCES `route_status` (`id`) ON DELETE NO ACTION ON UPDATE NO ACTION;

--
-- Constraints for table `food_samples`
--
ALTER TABLE `food_samples`
  ADD CONSTRAINT `FK_food_samples__country` FOREIGN KEY (`_country`) REFERENCES `countres` (`id`) ON DELETE NO ACTION ON UPDATE NO ACTION,
  ADD CONSTRAINT `FK_food_samples_category_id` FOREIGN KEY (`category_id`) REFERENCES `food_category` (`id`) ON DELETE NO ACTION ON UPDATE NO ACTION,
  ADD CONSTRAINT `FK_food_samples_food_id` FOREIGN KEY (`food_id`) REFERENCES `food` (`id`) ON DELETE NO ACTION ON UPDATE NO ACTION,
  ADD CONSTRAINT `FK_food_samples_laboratory_test_type_id` FOREIGN KEY (`laboratory_test_type_id`) REFERENCES `laboratory_test_type` (`id`) ON DELETE NO ACTION ON UPDATE NO ACTION,
  ADD CONSTRAINT `FK_food_samples_sample_box_id` FOREIGN KEY (`sample_box_id`) REFERENCES `sample_boxes` (`id`) ON DELETE NO ACTION ON UPDATE NO ACTION,
  ADD CONSTRAINT `FK_food_samples_sample_condition_id` FOREIGN KEY (`sample_condition_id`) REFERENCES `sample_conditions` (`id`) ON DELETE NO ACTION ON UPDATE NO ACTION,
  ADD CONSTRAINT `FK_food_samples_sert_id` FOREIGN KEY (`sert_id`) REFERENCES `food_sampling_certificate` (`id`) ON DELETE NO ACTION ON UPDATE NO ACTION,
  ADD CONSTRAINT `FK_food_samples_state_id` FOREIGN KEY (`state_id`) REFERENCES `state_list` (`id`) ON DELETE NO ACTION ON UPDATE NO ACTION,
  ADD CONSTRAINT `FK_food_samples_status_id` FOREIGN KEY (`status_id`) REFERENCES `sert_status` (`id`) ON DELETE NO ACTION ON UPDATE NO ACTION,
  ADD CONSTRAINT `FK_food_samples_unit_id` FOREIGN KEY (`unit_id`) REFERENCES `units` (`id`) ON DELETE NO ACTION ON UPDATE NO ACTION;

--
-- Constraints for table `food_sampling_certificate`
--
ALTER TABLE `food_sampling_certificate`
  ADD CONSTRAINT `FK_food_sampling_certificate_state_id` FOREIGN KEY (`state_id`) REFERENCES `state_list` (`id`) ON DELETE NO ACTION ON UPDATE NO ACTION,
  ADD CONSTRAINT `FK_food_sampling_certificate_status_id` FOREIGN KEY (`status_id`) REFERENCES `sert_status` (`id`) ON DELETE NO ACTION ON UPDATE NO ACTION,
  ADD CONSTRAINT `FK_food_sampling_certificate_verification_puposes_id` FOREIGN KEY (`verification_pupose_id`) REFERENCES `verification_purposes` (`id`) ON DELETE NO ACTION ON UPDATE NO ACTION;

--
-- Constraints for table `individuals`
--
ALTER TABLE `individuals`
  ADD CONSTRAINT `FK_individuals_soato_MHOBT_cod` FOREIGN KEY (`soato_id`) REFERENCES `soato` (`MHOBT_cod`) ON DELETE NO ACTION ON UPDATE NO ACTION;

--
-- Constraints for table `legal_entities`
--
ALTER TABLE `legal_entities`
  ADD CONSTRAINT `FK_legal_entities_soato_MHOBT_cod` FOREIGN KEY (`soato_id`) REFERENCES `soato` (`MHOBT_cod`) ON DELETE NO ACTION ON UPDATE NO ACTION,
  ADD CONSTRAINT `FK_legal_entities_tshx` FOREIGN KEY (`tshx_id`) REFERENCES `tshx` (`id`) ON DELETE NO ACTION ON UPDATE NO ACTION;

--
-- Constraints for table `message`
--
ALTER TABLE `message`
  ADD CONSTRAINT `fk_message_source_message` FOREIGN KEY (`id`) REFERENCES `source_message` (`id`) ON DELETE CASCADE;

--
-- Constraints for table `organizations`
--
ALTER TABLE `organizations`
  ADD CONSTRAINT `FK_organizations_type_id` FOREIGN KEY (`type_id`) REFERENCES `organization_type` (`id`) ON DELETE NO ACTION ON UPDATE NO ACTION;

--
-- Constraints for table `post_list`
--
ALTER TABLE `post_list`
  ADD CONSTRAINT `FK_post_list_def_role` FOREIGN KEY (`def_role`) REFERENCES `roles` (`id`) ON DELETE NO ACTION ON UPDATE NO ACTION;

--
-- Constraints for table `regulations`
--
ALTER TABLE `regulations`
  ADD CONSTRAINT `FK_Regulations_creator_id` FOREIGN KEY (`creator_id`) REFERENCES `employees` (`id`) ON DELETE NO ACTION,
  ADD CONSTRAINT `FK_regulations_status` FOREIGN KEY (`status`) REFERENCES `status_list` (`id`) ON DELETE NO ACTION,
  ADD CONSTRAINT `FK_regulations_type_id` FOREIGN KEY (`type_id`) REFERENCES `regulation_types` (`id`) ON DELETE NO ACTION;

--
-- Constraints for table `report_animal`
--
ALTER TABLE `report_animal`
  ADD CONSTRAINT `FK_report_animal_cat_id` FOREIGN KEY (`cat_id`) REFERENCES `animal_category` (`id`) ON DELETE NO ACTION ON UPDATE NO ACTION,
  ADD CONSTRAINT `FK_report_animal_report_status_id` FOREIGN KEY (`report_status_id`) REFERENCES `report_status` (`id`) ON DELETE NO ACTION ON UPDATE NO ACTION,
  ADD CONSTRAINT `FK_report_animal_soato_id` FOREIGN KEY (`soato_id`) REFERENCES `soato` (`MHOBT_cod`) ON DELETE NO ACTION ON UPDATE NO ACTION,
  ADD CONSTRAINT `FK_report_animal_status_id` FOREIGN KEY (`cat_id`) REFERENCES `animal_category` (`id`) ON DELETE NO ACTION ON UPDATE NO ACTION,
  ADD CONSTRAINT `FK_report_animal_type_id` FOREIGN KEY (`type_id`) REFERENCES `animaltype` (`id`) ON DELETE NO ACTION ON UPDATE NO ACTION;

--
-- Constraints for table `report_drugs`
--
ALTER TABLE `report_drugs`
  ADD CONSTRAINT `FK_report_drugs_cat_id` FOREIGN KEY (`cat_id`) REFERENCES `report_food_category` (`id`) ON DELETE NO ACTION ON UPDATE NO ACTION,
  ADD CONSTRAINT `FK_report_drugs_soato_id` FOREIGN KEY (`soato_id`) REFERENCES `soato` (`MHOBT_cod`) ON DELETE NO ACTION ON UPDATE NO ACTION,
  ADD CONSTRAINT `FK_report_drugs_status_id` FOREIGN KEY (`status_id`) REFERENCES `report_status` (`id`) ON DELETE NO ACTION ON UPDATE NO ACTION,
  ADD CONSTRAINT `FK_report_drugs_type_id` FOREIGN KEY (`type_id`) REFERENCES `report_drug_type` (`id`) ON DELETE NO ACTION ON UPDATE NO ACTION;

--
-- Constraints for table `report_food`
--
ALTER TABLE `report_food`
  ADD CONSTRAINT `FK_report_food_cat_id` FOREIGN KEY (`cat_id`) REFERENCES `food_category` (`id`) ON DELETE NO ACTION ON UPDATE NO ACTION,
  ADD CONSTRAINT `FK_report_food_soato_id` FOREIGN KEY (`soato_id`) REFERENCES `soato` (`MHOBT_cod`) ON DELETE NO ACTION ON UPDATE NO ACTION,
  ADD CONSTRAINT `FK_report_food_status_id` FOREIGN KEY (`status_id`) REFERENCES `report_status` (`id`) ON DELETE NO ACTION ON UPDATE NO ACTION,
  ADD CONSTRAINT `report_food_ibfk_1` FOREIGN KEY (`food_id`) REFERENCES `food` (`id`) ON DELETE NO ACTION ON UPDATE NO ACTION;

--
-- Constraints for table `report_food_images`
--
ALTER TABLE `report_food_images`
  ADD CONSTRAINT `FK_report_food_images_report_id` FOREIGN KEY (`report_id`) REFERENCES `report_food` (`id`) ON DELETE NO ACTION ON UPDATE NO ACTION;

--
-- Constraints for table `results_conformity`
--
ALTER TABLE `results_conformity`
  ADD CONSTRAINT `results_conformity_ibfk_1` FOREIGN KEY (`organization_id`) REFERENCES `organizations` (`id`) ON DELETE NO ACTION ON UPDATE NO ACTION;

--
-- Constraints for table `result_animal`
--
ALTER TABLE `result_animal`
  ADD CONSTRAINT `FK_result_animal_sample_id` FOREIGN KEY (`sample_id`) REFERENCES `samples` (`id`) ON DELETE NO ACTION ON UPDATE NO ACTION,
  ADD CONSTRAINT `FK_result_animal_state_id` FOREIGN KEY (`state_id`) REFERENCES `state_list` (`id`) ON DELETE NO ACTION ON UPDATE NO ACTION;

--
-- Constraints for table `result_animal_conditions`
--
ALTER TABLE `result_animal_conditions`
  ADD CONSTRAINT `FK_result_animal_conditions_creator_id` FOREIGN KEY (`creator_id`) REFERENCES `employees` (`id`) ON DELETE NO ACTION ON UPDATE NO ACTION,
  ADD CONSTRAINT `FK_result_animal_conditions_is_another` FOREIGN KEY (`is_another`) REFERENCES `diseases` (`id`) ON DELETE NO ACTION ON UPDATE NO ACTION,
  ADD CONSTRAINT `FK_result_animal_conditions_result_id` FOREIGN KEY (`result_id`) REFERENCES `result_animal` (`id`) ON DELETE NO ACTION ON UPDATE NO ACTION,
  ADD CONSTRAINT `FK_result_animal_conditions_sample_id` FOREIGN KEY (`sample_id`) REFERENCES `samples` (`id`) ON DELETE NO ACTION ON UPDATE NO ACTION;

--
-- Constraints for table `result_animal_tests`
--
ALTER TABLE `result_animal_tests`
  ADD CONSTRAINT `FK_result_animal_tests_change_unit_id` FOREIGN KEY (`change_unit_id`) REFERENCES `template_unit` (`id`) ON DELETE NO ACTION ON UPDATE NO ACTION,
  ADD CONSTRAINT `FK_result_animal_tests_result_id` FOREIGN KEY (`result_id`) REFERENCES `result_animal` (`id`) ON DELETE NO ACTION ON UPDATE NO ACTION,
  ADD CONSTRAINT `FK_result_animal_tests_route_id` FOREIGN KEY (`route_id`) REFERENCES `route_sert` (`id`) ON DELETE NO ACTION ON UPDATE NO ACTION,
  ADD CONSTRAINT `FK_result_animal_tests_template_id` FOREIGN KEY (`template_id`) REFERENCES `tamplate_animal` (`id`) ON DELETE NO ACTION ON UPDATE NO ACTION,
  ADD CONSTRAINT `FK_result_animal_tests_type_id` FOREIGN KEY (`type_id`) REFERENCES `template_unit_type` (`id`) ON DELETE NO ACTION ON UPDATE NO ACTION;

--
-- Constraints for table `result_food`
--
ALTER TABLE `result_food`
  ADD CONSTRAINT `FK_result_food_org_id` FOREIGN KEY (`org_id`) REFERENCES `organizations` (`id`) ON DELETE NO ACTION ON UPDATE NO ACTION,
  ADD CONSTRAINT `FK_result_food_sample_id` FOREIGN KEY (`sample_id`) REFERENCES `food_samples` (`id`) ON DELETE NO ACTION ON UPDATE NO ACTION,
  ADD CONSTRAINT `FK_result_food_state_id` FOREIGN KEY (`state_id`) REFERENCES `state_list` (`id`) ON DELETE NO ACTION ON UPDATE NO ACTION;

--
-- Constraints for table `result_food_tests`
--
ALTER TABLE `result_food_tests`
  ADD CONSTRAINT `FK_result_food_tests_change_unit_id` FOREIGN KEY (`change_unit_id`) REFERENCES `template_unit` (`id`) ON DELETE NO ACTION ON UPDATE NO ACTION,
  ADD CONSTRAINT `FK_result_food_tests_result_id` FOREIGN KEY (`result_id`) REFERENCES `result_food` (`id`) ON DELETE NO ACTION ON UPDATE NO ACTION,
  ADD CONSTRAINT `FK_result_food_tests_template_id` FOREIGN KEY (`template_id`) REFERENCES `template_food` (`id`) ON DELETE NO ACTION,
  ADD CONSTRAINT `FK_result_food_tests_type_id` FOREIGN KEY (`type_id`) REFERENCES `template_unit_type` (`id`) ON DELETE NO ACTION ON UPDATE NO ACTION;

--
-- Constraints for table `route_sert`
--
ALTER TABLE `route_sert`
  ADD CONSTRAINT `FK_route_sert_reciever_id` FOREIGN KEY (`leader_id`) REFERENCES `employees` (`id`) ON DELETE NO ACTION ON UPDATE NO ACTION,
  ADD CONSTRAINT `FK_route_sert_registration_id` FOREIGN KEY (`registration_id`) REFERENCES `sample_registration` (`id`) ON DELETE NO ACTION ON UPDATE NO ACTION,
  ADD CONSTRAINT `FK_route_sert_sample_id2` FOREIGN KEY (`sample_id`) REFERENCES `samples` (`id`) ON DELETE NO ACTION ON UPDATE NO ACTION,
  ADD CONSTRAINT `FK_route_sert_sender_id` FOREIGN KEY (`director_id`) REFERENCES `employees` (`id`) ON DELETE NO ACTION ON UPDATE NO ACTION,
  ADD CONSTRAINT `FK_route_sert_status_id` FOREIGN KEY (`state_id`) REFERENCES `state_list` (`id`) ON DELETE NO ACTION,
  ADD CONSTRAINT `FK_route_sert_status_id2` FOREIGN KEY (`status_id`) REFERENCES `route_status` (`id`) ON DELETE NO ACTION ON UPDATE NO ACTION;

--
-- Constraints for table `samples`
--
ALTER TABLE `samples`
  ADD CONSTRAINT `FK_samples_animals_id` FOREIGN KEY (`animal_id`) REFERENCES `animals` (`id`) ON DELETE NO ACTION ON UPDATE NO ACTION,
  ADD CONSTRAINT `FK_samples_sample_boxes_id` FOREIGN KEY (`sample_box_id`) REFERENCES `sample_boxes` (`id`) ON DELETE NO ACTION ON UPDATE NO ACTION,
  ADD CONSTRAINT `FK_samples_sample_types_id` FOREIGN KEY (`sample_type_is`) REFERENCES `sample_types` (`id`) ON DELETE NO ACTION ON UPDATE NO ACTION,
  ADD CONSTRAINT `FK_samples_sert_id` FOREIGN KEY (`sert_id`) REFERENCES `sertificates` (`id`) ON DELETE NO ACTION,
  ADD CONSTRAINT `FK_samples_suspected_disease_id` FOREIGN KEY (`suspected_disease_id`) REFERENCES `diseases` (`id`) ON DELETE NO ACTION,
  ADD CONSTRAINT `FK_samples_test_mehod_id` FOREIGN KEY (`test_mehod_id`) REFERENCES `test_method` (`id`) ON DELETE NO ACTION;

--
-- Constraints for table `sample_registration`
--
ALTER TABLE `sample_registration`
  ADD CONSTRAINT `FK_sample_registration_organizations_id` FOREIGN KEY (`organization_id`) REFERENCES `organizations` (`id`) ON DELETE NO ACTION ON UPDATE NO ACTION,
  ADD CONSTRAINT `FK_sample_registration_research_category` FOREIGN KEY (`research_category_id`) REFERENCES `research_category` (`id`) ON DELETE NO ACTION,
  ADD CONSTRAINT `FK_sample_registration_status_id` FOREIGN KEY (`status_id`) REFERENCES `sert_status` (`id`) ON DELETE NO ACTION ON UPDATE NO ACTION;

--
-- Constraints for table `sertificates`
--
ALTER TABLE `sertificates`
  ADD CONSTRAINT `FK_sertificates_state_id` FOREIGN KEY (`state_id`) REFERENCES `state_list` (`id`) ON DELETE NO ACTION ON UPDATE NO ACTION,
  ADD CONSTRAINT `FK_sertificates_status_id` FOREIGN KEY (`status_id`) REFERENCES `sert_status` (`id`) ON DELETE NO ACTION ON UPDATE NO ACTION,
  ADD CONSTRAINT `FK_sertificates_vet_site_id` FOREIGN KEY (`vet_site_id`) REFERENCES `vet_sites` (`id`) ON DELETE NO ACTION;

--
-- Constraints for table `tamplate_animal`
--
ALTER TABLE `tamplate_animal`
  ADD CONSTRAINT `FK_tamplate_animal_diseases_id` FOREIGN KEY (`diseases_id`) REFERENCES `diseases` (`id`) ON DELETE NO ACTION ON UPDATE NO ACTION,
  ADD CONSTRAINT `FK_tamplate_animal_state_id` FOREIGN KEY (`state_id`) REFERENCES `state_list` (`id`) ON DELETE NO ACTION ON UPDATE NO ACTION,
  ADD CONSTRAINT `FK_tamplate_animal_test_method_id` FOREIGN KEY (`test_method_id`) REFERENCES `test_method` (`id`) ON DELETE NO ACTION ON UPDATE NO ACTION,
  ADD CONSTRAINT `FK_tamplate_animal_unit_id` FOREIGN KEY (`unit_id`) REFERENCES `template_unit` (`id`) ON DELETE NO ACTION ON UPDATE NO ACTION;

--
-- Constraints for table `template_animal_regulations`
--
ALTER TABLE `template_animal_regulations`
  ADD CONSTRAINT `FK_template_animal_regulations_regulation_id` FOREIGN KEY (`regulation_id`) REFERENCES `regulations` (`id`) ON DELETE NO ACTION ON UPDATE NO ACTION,
  ADD CONSTRAINT `FK_template_animal_regulations_state_id` FOREIGN KEY (`state_id`) REFERENCES `state_list` (`id`) ON DELETE NO ACTION ON UPDATE NO ACTION,
  ADD CONSTRAINT `FK_template_animal_regulations_template_id` FOREIGN KEY (`template_id`) REFERENCES `tamplate_animal` (`id`) ON DELETE NO ACTION ON UPDATE NO ACTION;

--
-- Constraints for table `template_animal_types`
--
ALTER TABLE `template_animal_types`
  ADD CONSTRAINT `FK_template_animal_types_animal_id` FOREIGN KEY (`type_id`) REFERENCES `animaltype` (`id`) ON DELETE NO ACTION ON UPDATE NO ACTION,
  ADD CONSTRAINT `FK_template_animal_types_template_id` FOREIGN KEY (`template_id`) REFERENCES `tamplate_animal` (`id`) ON DELETE NO ACTION ON UPDATE NO ACTION;

--
-- Constraints for table `template_food`
--
ALTER TABLE `template_food`
  ADD CONSTRAINT `FK_template_food_category_id` FOREIGN KEY (`category_id`) REFERENCES `food_category` (`id`) ON DELETE NO ACTION ON UPDATE NO ACTION,
  ADD CONSTRAINT `FK_template_food_food_id` FOREIGN KEY (`food_id`) REFERENCES `food` (`id`) ON DELETE NO ACTION ON UPDATE NO ACTION,
  ADD CONSTRAINT `FK_template_food_group_id` FOREIGN KEY (`group_id`) REFERENCES `food_group` (`id`) ON DELETE NO ACTION ON UPDATE NO ACTION,
  ADD CONSTRAINT `FK_template_food_unit_id` FOREIGN KEY (`unit_id`) REFERENCES `template_unit` (`id`) ON DELETE NO ACTION ON UPDATE NO ACTION;

--
-- Constraints for table `template_food_regulations`
--
ALTER TABLE `template_food_regulations`
  ADD CONSTRAINT `FK_template_food_regulations_regulation_id` FOREIGN KEY (`regulation_id`) REFERENCES `regulations` (`id`) ON DELETE NO ACTION ON UPDATE NO ACTION;

--
-- Constraints for table `template_samples`
--
ALTER TABLE `template_samples`
  ADD CONSTRAINT `FK_template_samples_template_id` FOREIGN KEY (`template_id`) REFERENCES `tamplate_animal` (`id`) ON DELETE NO ACTION ON UPDATE NO ACTION,
  ADD CONSTRAINT `FK_template_samples_type_id` FOREIGN KEY (`type_id`) REFERENCES `sample_types` (`id`) ON DELETE NO ACTION ON UPDATE NO ACTION;

--
-- Constraints for table `template_unit`
--
ALTER TABLE `template_unit`
  ADD CONSTRAINT `FK_template_unit_type_id` FOREIGN KEY (`type_id`) REFERENCES `template_unit_type` (`id`) ON DELETE NO ACTION ON UPDATE NO ACTION;

--
-- Constraints for table `test_method`
--
ALTER TABLE `test_method`
  ADD CONSTRAINT `FK_test_method_status_list_id` FOREIGN KEY (`state`) REFERENCES `status_list` (`id`) ON DELETE NO ACTION ON UPDATE NO ACTION;

--
-- Constraints for table `vaccination`
--
ALTER TABLE `vaccination`
  ADD CONSTRAINT `FK_vaccination_animals_id` FOREIGN KEY (`animal_id`) REFERENCES `animals` (`id`) ON DELETE NO ACTION ON UPDATE NO ACTION,
  ADD CONSTRAINT `FK_vaccination_diseases_id` FOREIGN KEY (`disease_id`) REFERENCES `diseases` (`id`) ON DELETE NO ACTION ON UPDATE NO ACTION;

--
-- Constraints for table `vet_sites`
--
ALTER TABLE `vet_sites`
  ADD CONSTRAINT `FK_vet_sites_soato_MHOBT_cod` FOREIGN KEY (`soato`) REFERENCES `soato` (`MHOBT_cod`) ON DELETE NO ACTION ON UPDATE NO ACTION;
COMMIT;

/*!40101 SET CHARACTER_SET_CLIENT=@OLD_CHARACTER_SET_CLIENT */;
/*!40101 SET CHARACTER_SET_RESULTS=@OLD_CHARACTER_SET_RESULTS */;
/*!40101 SET COLLATION_CONNECTION=@OLD_COLLATION_CONNECTION */;
